# normalized_key	display_name	genres
10 000 maniacs	10,000 Maniacs	POP,ELECTRONIC,FOLK
10 years	10 Years	ROCK,HIP_HOP,METAL
100 proof aged in soul	100 Proof Aged In Soul	OTHER
10cc	10cc	POP,ROCK,ELECTRONIC,FOLK
112	112	POP,HIP_HOP,RNB
1927	1927	POP,ROCK
1975	The 1975	POP,ROCK
2 chainz	2 Chainz	POP,HIP_HOP
2 hyped brothers and a dog	2 Hyped Brothers & A Dog	OTHER
2 in a room	2 In A Room	ELECTRONIC
2 live crew	2 LIVE CREW	HIP_HOP,ELECTRONIC
2 of clubs	2 Of Clubs	OTHER
2 pistols	2 Pistols	HIP_HOP
2 unlimited	2 Unlimited	POP,ELECTRONIC
20 fingers	20 Fingers	ELECTRONIC
21 savage	21 Savage	HIP_HOP
2cellos	2CELLOS	POP
2gether	2gether	POP
2nd ii none	2nd II None	HIP_HOP
2nu	2NU	OTHER
2pac	2Pac	HIP_HOP,RNB
3 doors down	3 Doors Down	POP,ROCK,PUNK,METAL
311	311	POP,ROCK,RNB,METAL
38 special	38 Special	POP,ROCK,COUNTRY,FOLK
3lw	3LW	POP,RNB
3oh 3	3OH!3	POP,HIP_HOP,PUNK
3rd bass	3rd Bass	HIP_HOP,ELECTRONIC,PUNK
3t	3T	POP,RNB
4 non blondes	4 Non Blondes	POP
4 of us	The 4 Of Us	ROCK
4 the cause	4 The Cause	OTHER
44	44	PUNK,EMO
5 seconds of summer	5 Seconds of Summer	POP
50 cent	50 Cent	HIP_HOP
5000 volts	5000 Volts	POP,ELECTRONIC
504 boyz	504 Boyz	HIP_HOP
5th dimension	The 5th Dimension	POP,RNB,FOLK
69 boyz	69 Boyz	OTHER
6ix9ine	6ix9ine	EMO
6lack	6LACK	POP,HIP_HOP,RNB
7 aurelius	7 Aurelius	OTHER
702	702	POP,HIP_HOP,RNB
707	707	ROCK
8th day	8th Day	POP
95 south	95 South	OTHER
99 percent	99 Percent	OTHER
a	A+	OTHER
a ap ferg	A$AP Ferg	POP,HIP_HOP
a ap rocky	A$AP Rocky	POP,HIP_HOP
a boogie wit da hoodie	A Boogie Wit da Hoodie	HIP_HOP
a day to remember	A Day To Remember	PUNK,EMO,METAL
a few good men	A Few Good Men	RNB
a flock of seagulls	A Flock Of Seagulls	POP,ROCK,ELECTRONIC
a great big world	A Great Big World	POP,ROCK
a ha	a-ha	POP,ROCK,ELECTRONIC
a l t and the lost civilization	A.L.T. And The Lost Civilization	OTHER
a perfect circle	A Perfect Circle	ROCK,HIP_HOP,METAL
a r rahman	A.R. Rahman	POP
a rocket to the moon	A Rocket To The Moon	POP,PUNK,EMO
a taste of honey	A Taste Of Honey	ELECTRONIC
a teens	A*Teens	POP,ELECTRONIC
a thousand horses	A Thousand Horses	COUNTRY
a trak	A-Trak	HIP_HOP,ELECTRONIC
a tribe called quest	A Tribe Called Quest	HIP_HOP,PUNK
aaliyah	Aaliyah	POP,HIP_HOP,RNB
aaron carter	Aaron Carter	POP
aaron hall	Aaron Hall	RNB
aaron lewis	Aaron Lewis	ROCK,COUNTRY,METAL
aaron lines	Aaron Lines	COUNTRY
aaron neville	Aaron Neville	OTHER
aaron tippin	Aaron Tippin	COUNTRY
abaco dream	Abaco Dream	OTHER
abba	ABBA	POP
abc	ABC	POP,ROCK,ELECTRONIC
abra moore	Abra Moore	POP,FOLK
ac dc	AC/DC	ROCK
ace	Ace	POP
ace cannon	Ace Cannon	OTHER
ace frehley	Ace Frehley	ROCK,METAL
ace hood	Ace Hood	HIP_HOP
ace of base	Ace of Base	POP,ELECTRONIC
ace spectrum	Ace Spectrum	RNB
action bronson	Action Bronson	HIP_HOP
ad libs	The Ad Libs	POP
adam ant	Adam Ant	POP,ROCK,ELECTRONIC
adam faith	Adam Faith	POP,ROCK
adam gontier	Adam Gontier	OTHER
adam lambert	Adam Lambert	POP
adam levine	Adam Levine	POP
adam sandler	Adam Sandler	OTHER
addrisi brothers	The Addrisi Brothers	POP
adele	Adele	POP,RNB
adina howard	Adina Howard	POP,RNB
adrian belew	Adrian Belew	ROCK,JAZZ
adventures	The Adventures	POP
adventures of stevie v	The Adventures Of Stevie V	ELECTRONIC
aerosmith	Aerosmith	ROCK
afi	AFI	PUNK,EMO,METAL
afrika bambaataa	Afrika Bambaataa	HIP_HOP
afrique	Afrique	OTHER
afrojack	Afrojack	POP,ELECTRONIC
afroman	Afroman	HIP_HOP
after 7	After 7	RNB
after the fire	After The Fire	ROCK
afters	The Afters	POP,ROCK
agatha lee monn	Agatha Lee Monn	OTHER
agnetha faltskog	Agnetha Fältskog	POP
aimee mann	Aimee Mann	POP,ROCK,FOLK
air supply	Air Supply	POP
ajr	AJR	POP,ROCK
akon	Akon	POP,HIP_HOP
al b sure	Al B. Sure!	POP,RNB
al corley	Al Corley	OTHER
al delory	Al DeLory	OTHER
al green	Al Green	RNB
al hirt	Al Hirt	POP,JAZZ
al jarreau	Al Jarreau	POP,RNB,JAZZ
al martino	Al Martino	POP
al stewart	Al Stewart	POP,ROCK,FOLK
al wilson	Al Wilson	RNB
alabama	Alabama	COUNTRY
alabama shakes	Alabama Shakes	POP,ROCK
alan jackson	Alan Jackson	COUNTRY
alan o day	Alan O'Day	OTHER
alan parsons	Alan Parsons	ROCK
alan parsons project	The Alan Parsons Project	POP,ROCK
alan walker	Alan Walker	ELECTRONIC
alana davis	Alana Davis	POP,FOLK
alanis morissette	Alanis Morissette	POP,ROCK,FOLK
alannah myles	Alannah Myles	POP,ROCK
alarm	The Alarm	POP,ROCK,ELECTRONIC
albert hammond	Albert Hammond	POP
albert king	Albert King	ROCK,RNB
alchemist	The Alchemist	HIP_HOP,PUNK
aldo nova	Aldo Nova	ROCK,METAL
alejandro sanz	Alejandro Sanz	ROCK,LATIN
alessia cara	Alessia Cara	POP,RNB
alesso	Alesso	POP,ELECTRONIC
alex clare	Alex Clare	ROCK
alexander o neal	Alexander O'Neal	RNB,ELECTRONIC
alexandra stan	Alexandra Stan	POP
alexis jordan	Alexis Jordan	POP
alfonzo hunter	Alfonzo Hunter	RNB
ali	Ali	OTHER
ali thomson	Ali Thomson	OTHER
alias	Alias	OTHER
alice bowie	Alice Bowie	OTHER
alice cooper	Alice Cooper	ROCK,RNB,PUNK,METAL
alice deejay	Alice Deejay	POP,ELECTRONIC
alice in chains	Alice In Chains	ROCK,METAL
alice merton	Alice Merton	ROCK
alicia bridges	Alicia Bridges	ELECTRONIC
alicia keys	Alicia Keys	POP,RNB
alien ant farm	Alien Ant Farm	POP,ROCK,HIP_HOP,PUNK,METAL
alisha	Alisha	OTHER
alison krauss	Alison Krauss	POP,COUNTRY,FOLK
alison moyet	Alison Moyet	POP,ROCK,ELECTRONIC
alissa violet	Alissa Violet	OTHER
alive and kicking	Alive and Kicking	OTHER
all 4 one	All-4-One	POP,RNB
all american rejects	The All-American Rejects	POP,ROCK,PUNK
all saints	All Saints	POP,RNB,ELECTRONIC
all star tribute	All Star Tribute	OTHER
all time low	All Time Low	POP,PUNK
allan clarke	Allan Clarke	OTHER
allan sherman	Allan Sherman	OTHER
allman brothers band	The Allman Brothers Band	POP,ROCK,RNB,COUNTRY,FOLK
allure	Allure	OTHER
aloe blacc	Aloe Blacc	RNB
alpha rev	Alpha Rev	OTHER
alpha team	Alpha Team	OTHER
alphaville	Alphaville	POP,ROCK,ELECTRONIC
alt j	alt-J	ROCK
alton mcclain and destiny	Alton McClain & Destiny	OTHER
alunageorge	AlunaGeorge	POP,ROCK,ELECTRONIC
alvin and the chipmunks	Alvin & The Chipmunks	OTHER
alvin cash	Alvin Cash	RNB
alvin cash and the crawlers	Alvin Cash & The Crawlers	OTHER
alvin cash and the registers	Alvin Cash & The Registers	OTHER
aly and aj	Aly & AJ	POP
amanda	Amanda	OTHER
amanda brown	Amanda Brown	OTHER
amanda marshall	Amanda Marshall	POP
amanda perez	Amanda Perez	POP,RNB
amazing rhythm aces	Amazing Rhythm Aces	ROCK,COUNTRY,FOLK
amber	Amber	ELECTRONIC
amboy dukes	The Amboy Dukes	ROCK,PUNK
ambrosia	Ambrosia	POP,ROCK,COUNTRY,FOLK
amel larrieux	Amel Larrieux	RNB
america	America	POP,ROCK,COUNTRY,FOLK
american authors	American Authors	POP,ROCK
american breed	The American Breed	POP,FOLK
american flyer	American Flyer	OTHER
american hi fi	American Hi-Fi	POP,PUNK
american idol finalists season 4	American Idol Finalists - Season 4	POP
amerie	Amerie	POP,HIP_HOP,RNB
amii stewart	Amii Stewart	ELECTRONIC
amil	Amil	POP
amina	Amina	OTHER
amine	Aminé	POP,HIP_HOP
amy grant	Amy Grant	ROCK
amy holland	Amy Holland	POP
amy lee	Amy Lee	OTHER
amy winehouse	Amy Winehouse	RNB
anastacia	Anastacia	POP
anderson paak	Anderson .Paak	OTHER
andre 3000	André 3000	HIP_HOP
andre previn	André Previn	CLASSICAL
andre williams	Andre Williams	ROCK,PUNK
andrea bocelli	Andrea Bocelli	CLASSICAL
andrea martin	Andrea Martin	OTHER
andrea true connection	Andrea True Connection	ELECTRONIC
andrew gold	Andrew Gold	POP
andrew mcmahon in the wilderness	Andrew McMahon in the Wilderness	POP,ROCK
andrews sisters	The Andrews Sisters	POP,JAZZ
andru donalds	Andru Donalds	OTHER
andy and david williams	Andy & David Williams	POP
andy fairweather low	Andy Fairweather-Low	OTHER
andy gibb	Andy Gibb	POP,RNB,COUNTRY,ELECTRONIC
andy grammer	Andy Grammer	POP
andy griggs	Andy Griggs	COUNTRY
andy kim	Andy Kim	POP
andy pratt	Andy Pratt	OTHER
andy taylor	Andy Taylor	OTHER
andy williams	Andy Williams	POP,JAZZ,CLASSICAL
angel	Angel	OTHER
angel city	Angel City	OTHER
angela winbush	Angela Winbush	RNB,ELECTRONIC
angelica	Angelica	METAL
angelina	Angelina	OTHER
angels	The Angels	ROCK
angels and airwaves	Angels & Airwaves	POP,PUNK,EMO
angie martinez	Angie Martinez	POP
angie stone	Angie Stone	RNB
animals	The Animals	OTHER
animotion	Animotion	POP,ROCK,ELECTRONIC
anita baker	Anita Baker	RNB,JAZZ
anita bryant	Anita Bryant	POP
anita cochran	Anita Cochran	COUNTRY
anita ward	Anita Ward	ELECTRONIC
anitta	Anitta	POP,RNB
ann peebles	Ann Peebles	RNB
ann wilson	Ann Wilson	OTHER
anna kendrick	Anna Kendrick	SOUNDTRACK
anna king	Anna King	OTHER
anna margaret	Anna Margaret	POP
anna nalick	Anna Nalick	POP
anna wise	Anna Wise	RNB
anne hathaway	Anne Hathaway	SOUNDTRACK
anne marie	Anne-Marie	POP,ELECTRONIC
anne murray	Anne Murray	POP,COUNTRY,FOLK
annie lennox	Annie Lennox	POP,FOLK
another bad creation	Another Bad Creation	POP,RNB
anthony hamilton	Anthony Hamilton	RNB
antoine dodson	Antoine Dodson	OTHER
anuel aa	Anuel AA	HIP_HOP,LATIN
anya marina	Anya Marina	POP,ROCK
anything box	Anything Box	POP,ROCK
apache	Apache	HIP_HOP
apocalyptica	Apocalyptica	POP,METAL
april wine	April Wine	POP,ROCK,COUNTRY
aqua	Aqua	POP,ELECTRONIC
arbors	The Arbors	OTHER
arcade fire	Arcade Fire	POP,ROCK,ELECTRONIC,PUNK,FOLK,CLASSICAL
arcadia	Arcadia	POP,ROCK,ELECTRONIC
archie bell and the drells	Archie Bell & The Drells	POP,RNB,ELECTRONIC
archies	The Archies	POP,ROCK,FOLK
arctic monkeys	Arctic Monkeys	ROCK
aretha franklin	Aretha Franklin	RNB
argent	Argent	POP,ROCK,RNB
ariana grande	Ariana Grande	POP
arianna	Arianna	OTHER
arlo guthrie	Arlo Guthrie	POP,ROCK,COUNTRY,FOLK
armageddon	Armageddon	OTHER
armin van buuren	Armin van Buuren	ELECTRONIC
around the way	Around The Way	OTHER
arrested development	Arrested Development	HIP_HOP
arrow benjamin	Arrow Benjamin	POP
art garfunkel	Art Garfunkel	POP,FOLK
art of noise	Art Of Noise	POP,ROCK,ELECTRONIC
arthur alexander	Arthur Alexander	RNB
arthur conley	Arthur Conley	POP,RNB
arthur prysock	Arthur Prysock	OTHER
artistics	The Artistics	RNB
artists for haiti	Artists for Haiti	OTHER
artists stand up to cancer	Artists Stand Up To Cancer	OTHER
ashanti	Ashanti	POP,HIP_HOP,RNB
asher roth	Asher Roth	HIP_HOP
ashford and simpson	Ashford & Simpson	RNB,ELECTRONIC
ashlee simpson	Ashlee Simpson	POP
ashley mcbryde	Ashley McBryde	COUNTRY
ashley monroe	Ashley Monroe	COUNTRY
ashley tisdale	Ashley Tisdale	POP
ashton gardner and dyke	Ashton, Gardner & Dyke	OTHER
ashton shepherd	Ashton Shepherd	COUNTRY
asia	Asia	POP,ROCK
assembled multitude	The Assembled Multitude	OTHER
association	The Association	POP,ROCK,FOLK
astors	The Astors	RNB
astronauts	The Astronauts	ROCK
astrud gilberto	Astrud Gilberto	POP,JAZZ,LATIN
ataris	The Ataris	PUNK,EMO
athena cage	Athena Cage	OTHER
athenaeum	Athenaeum	POP
atlanta rhythm section	Atlanta Rhythm Section	POP,ROCK,RNB,COUNTRY,FOLK
atlantic starr	Atlantic Starr	RNB,ELECTRONIC
attitudes	Attitudes	OTHER
audience	Audience	OTHER
audioslave	Audioslave	ROCK,METAL
august alsina	August Alsina	POP,HIP_HOP,RNB
augustana	Augustana	POP,ROCK
auli i cravalho	Auli'i Cravalho	SOUNDTRACK
aurora	AURORA	POP
aurra	Aurra	RNB,ELECTRONIC
austin mahone	Austin Mahone	POP
austin roberts	Austin Roberts	OTHER
autograph	Autograph	ROCK,METAL
autry inman	Autry Inman	OTHER
ava max	Ava Max	POP
avant	Avant	POP,HIP_HOP,RNB
avenged sevenfold	Avenged Sevenfold	ROCK,METAL
aventura	Aventura	HIP_HOP,LATIN
average white band	Average White Band	RNB,ELECTRONIC,JAZZ
avery storm	Avery Storm	OTHER
avicii	Avicii	POP,ELECTRONIC
avril lavigne	Avril Lavigne	POP
awolnation	AWOLNATION	POP,ROCK
axe	Axe	OTHER
ayah marar	Ayah Marar	POP
ayana	Ayana	OTHER
ayo and teo	Ayo & Teo	HIP_HOP
az	AZ	HIP_HOP,PUNK
az yet	Az Yet	RNB
azul azul	Azul Azul	LATIN
b angie b	B Angie B	OTHER
b b king	B.B. King	ROCK,RNB
b fresh	B-Fresh	OTHER
b g	B.G.	HIP_HOP
b g the prince of rap	B.G. The Prince Of Rap	ELECTRONIC
b j thomas	B.J. Thomas	POP,FOLK
b o b	B.o.B	POP,HIP_HOP
b rich	B Rich	OTHER
b t express	B.T. Express	RNB,ELECTRONIC
b w stevenson	B.W. Stevenson	OTHER
b witched	B*Witched	POP,ELECTRONIC
b2k	B2K	POP,HIP_HOP,RNB
baauer	Baauer	HIP_HOP,ELECTRONIC
baby	Baby	OTHER
baby bash	Baby Bash	POP,HIP_HOP,RNB
baby boy da prince	Baby Boy Da Prince	HIP_HOP
baby ray	Baby Ray	OTHER
baby talk	Baby Talk	OTHER
baby washington	Baby Washington	RNB
babyface	Babyface	POP,RNB
babys	The Babys	POP,ROCK
bachelors	The Bachelors	POP,ROCK
bachman turner overdrive	Bachman-Turner Overdrive	POP,ROCK,RNB,COUNTRY,FOLK
backstreet boys	Backstreet Boys	POP
bad boy s da band	Bad Boy's Da Band	OTHER
bad boys blue	Bad Boys Blue	POP,ELECTRONIC
bad bunny	Bad Bunny	HIP_HOP,LATIN
bad company	Bad Company	POP,ROCK,RNB,FOLK
bad english	Bad English	ROCK,METAL
bad meets evil	Bad Meets Evil	HIP_HOP
bad wolves	Bad Wolves	ROCK,METAL
badfinger	Badfinger	POP,ROCK,RNB,FOLK
badlees	The Badlees	OTHER
baha men	Baha Men	OTHER
baja marimba band	The Baja Marimba Band	OTHER
balance	Balance	OTHER
ballin jack	Ballin' Jack	OTHER
balloon farm	Balloon Farm	ROCK
baltimora	Baltimora	ELECTRONIC
bananarama	Bananarama	POP,ROCK,ELECTRONIC
band	The Band	POP,ROCK,RNB,COUNTRY,FOLK
band aid	Band Aid	OTHER
band aid 30	Band Aid 30	OTHER
band of the black watch	Band of the Black Watch	OTHER
band perry	The Band Perry	COUNTRY
bandit	Bandit	OTHER
bang	Bang	RNB
bangles	The Bangles	POP,ROCK,ELECTRONIC
banzaii	Banzaii	OTHER
bar kays	The Bar-Kays	POP,RNB,ELECTRONIC
barbara acklin	Barbara Acklin	RNB
barbara and the browns	Barbara & The Browns	RNB
barbara fairchild	Barbara Fairchild	COUNTRY
barbara greene	Barbara Greene	OTHER
barbara lewis	Barbara Lewis	POP,RNB
barbara lynn	Barbara Lynn	POP,RNB
barbara mandrell	Barbara Mandrell	COUNTRY
barbara mason	Barbara Mason	RNB
barbara mitchell	Barbara Mitchell	RNB
barbarians	The Barbarians	ROCK,PUNK
barbra streisand	Barbra Streisand	POP,ELECTRONIC,SOUNDTRACK
barbra streisand and barry gibb	Barbra Streisand & Barry Gibb	OTHER
barden bellas	The Barden Bellas	POP,SOUNDTRACK
bardeux	Bardeux	OTHER
barenaked ladies	Barenaked Ladies	POP,ROCK
barrington levy	Barrington Levy	ROCK
barron knights	The Barron Knights	ROCK
barry devorzon	Barry DeVorzon	OTHER
barry gibb	Barry Gibb	OTHER
barry manilow	Barry Manilow	POP,RNB,ELECTRONIC
barry mann	Barry Mann	RNB
barry mcguire	Barry McGuire	POP,FOLK
barry ryan	Barry Ryan	POP
barry white	Barry White	POP,RNB,ELECTRONIC
barry young	Barry Young	OTHER
bas	Bas	HIP_HOP
basia	Basia	JAZZ
baskerville hounds	The Baskerville Hounds	OTHER
bastille	Bastille	POP,ROCK,ELECTRONIC
batdorf	Batdorf	OTHER
bay city rollers	Bay City Rollers	POP
bazzi	Bazzi	POP
bbmak	BBMak	POP
bea miller	Bea Miller	POP
beach boys	The Beach Boys	POP,ROCK,FOLK,CLASSICAL
beanie sigel	Beanie Sigel	POP,HIP_HOP,PUNK
beastie boys	Beastie Boys	ROCK,HIP_HOP
beatles	The Beatles	ROCK
beatnuts	The Beatnuts	HIP_HOP,PUNK
beats international	Beats International	ELECTRONIC
beau brummels	The Beau Brummels	POP,ROCK,COUNTRY,FOLK
beau coup	Beau Coup	OTHER
bebe rexha	Bebe Rexha	POP
bebe winans	Bebe Winans	OTHER
beck	Beck	POP,ROCK,FOLK
becky g	Becky G	POP,HIP_HOP,LATIN
bee gees	Bee Gees	POP,ELECTRONIC
beenie man	Beenie Man	ELECTRONIC
before dark	Before Dark	OTHER
belinda carlisle	Belinda Carlisle	POP,ROCK,ELECTRONIC
bell	Bell	OTHER
bell biv devoe	Bell Biv DeVoe	POP,HIP_HOP,RNB
bella thorne	Bella Thorne	POP
bellamy brothers	The Bellamy Brothers	COUNTRY
belle epoque	Belle Epoque	EMO
belle stars	The Belle Stars	OTHER
bells	The Bells	ROCK
belly	Belly	HIP_HOP
belmonts	The Belmonts	RNB
belouis some	Belouis Some	POP,ROCK,ELECTRONIC
ben colder	Ben Colder	OTHER
ben e king	Ben E. King	POP,ROCK,RNB
ben folds	Ben Folds	POP,ROCK
ben rector	Ben Rector	POP,ROCK
benjamin orr	Benjamin Orr	OTHER
benny benassi	Benny Benassi	ELECTRONIC
benny blanco	benny blanco	POP,ELECTRONIC
benny mardones	Benny Mardones	POP
benzino	Benzino	OTHER
berlin	Berlin	POP,ROCK,ELECTRONIC
bermudas	The Bermudas	OTHER
bernadette carroll	Bernadette Carroll	OTHER
bernadette peters	Bernadette Peters	SOUNDTRACK
bert kaempfert and his orchestra	Bert Kaempfert & His Orchestra	OTHER
bertie higgins	Bertie Higgins	POP
beth hart	Beth Hart	POP,RNB
bette midler	Bette Midler	POP
better than ezra	Better Than Ezra	POP,ROCK
betty boo	Betty Boo	OTHER
betty everett	Betty Everett	POP,RNB
betty harris	Betty Harris	RNB
betty wright	Betty Wright	RNB
bettye swann	Bettye Swann	RNB
beverly bremers	Beverly Bremers	OTHER
beyonce	Beyoncé	POP,RNB
bhad bhabie	Bhad Bhabie	POP,HIP_HOP
biddu orchestra	Biddu Orchestra	OTHER
big and rich	Big & Rich	COUNTRY
big boi	Big Boi	HIP_HOP
big brother and the holding company	Big Brother & The Holding Company	ROCK,RNB
big country	Big Country	POP,ROCK,ELECTRONIC
big daddy kane	Big Daddy Kane	HIP_HOP,ELECTRONIC,PUNK
big k r i t	Big K.R.I.T.	HIP_HOP
big kap	Big Kap	OTHER
big mato	Big Mato	OTHER
big maybelle	Big Maybelle	RNB
big mountain	Big Mountain	OTHER
big noise	Big Noise	OTHER
big pig	Big Pig	ROCK
big pokey	Big Pokey	HIP_HOP
big poppa	Big Poppa	HIP_HOP
big pun	Big Pun	POP,HIP_HOP,PUNK
big sean	Big Sean	POP,HIP_HOP
big t	Big T	HIP_HOP
big tigger	Big Tigger	OTHER
big time rush	Big Time Rush	POP
big tymers	Big Tymers	HIP_HOP
bilal	Bilal	RNB
bill anderson	Bill Anderson	COUNTRY
bill black s combo	Bill Black's Combo	OTHER
bill brandon	BILL BRANDON	RNB
bill champlin	Bill Champlin	POP
bill conti	Bill Conti	SOUNDTRACK
bill cosby	Bill Cosby	OTHER
bill deal and the rhondels	Bill Deal & The Rhondels	OTHER
bill doggett	Bill Doggett	RNB,JAZZ
bill engvall	Bill Engvall	OTHER
bill haley and his comets	Bill Haley & His Comets	POP,ROCK,RNB
bill labounty	Bill LaBounty	POP
bill medley	Bill Medley	POP
bill quateman	Bill Quateman	POP
bill withers	Bill Withers	RNB
bill wyman	Bill Wyman	OTHER
billie eilish	Billie Eilish	POP
billie jo spears	Billie Jo Spears	COUNTRY
billie myers	Billie Myers	OTHER
billie ray martin	Billie Ray Martin	ELECTRONIC
billie sans	Billie Sans	OTHER
billy butler	Billy Butler	RNB
billy currington	Billy Currington	COUNTRY
billy dean	Billy Dean	COUNTRY
billy edd wheeler	Billy Edd Wheeler	OTHER
billy falcon	Billy Falcon	OTHER
billy gibbons	Billy Gibbons	OTHER
billy gilman	Billy Gilman	COUNTRY
billy idol	Billy Idol	POP,ROCK,ELECTRONIC
billy j kramer	Billy J. Kramer	POP,ROCK,FOLK
billy joe royal	Billy Joe Royal	POP,ROCK,FOLK
billy joel	Billy Joel	POP,ROCK,FOLK
billy lawrence	Billy Lawrence	OTHER
billy ocean	Billy Ocean	POP,ROCK,RNB,ELECTRONIC
billy paul	Billy Paul	RNB,ELECTRONIC
billy preston	Billy Preston	RNB
billy ray cyrus	Billy Ray Cyrus	COUNTRY
billy satellite	Billy Satellite	OTHER
billy squier	Billy Squier	POP,ROCK,METAL
billy stewart	Billy Stewart	RNB
billy strange	Billy Strange	POP
billy swan	Billy Swan	POP
billy thorpe	Billy Thorpe	ROCK
billy vaughn	Billy Vaughn	POP
billy vera and the beaters	Billy Vera & The Beaters	OTHER
bimbo jet	Bimbo Jet	OTHER
bing crosby	Bing Crosby	POP,JAZZ
birdman	Birdman	HIP_HOP
biz markie	Biz Markie	HIP_HOP,ELECTRONIC,PUNK
bizarre inc	Bizarre Inc	ELECTRONIC,PUNK
bj the chicago kid	BJ The Chicago Kid	HIP_HOP,RNB
bjork	Björk	POP,ROCK,ELECTRONIC,CLASSICAL
blac youngsta	Blac Youngsta	HIP_HOP
black box	Black Box	POP,ELECTRONIC
black coffee	Black Coffee	ELECTRONIC
black crowes	The Black Crowes	POP,ROCK,RNB
black eyed peas	The Black Eyed Peas	POP,HIP_HOP
black keys	The Black Keys	ROCK,RNB,PUNK
black moon	Black Moon	HIP_HOP,PUNK
black oak arkansas	Black Oak Arkansas	ROCK,RNB,COUNTRY
black rob	Black Rob	POP,PUNK
black sabbath	Black Sabbath	ROCK,METAL
black sheep	Black Sheep	HIP_HOP,PUNK
blackbear	blackbear	POP
blackbyrds	The Blackbyrds	RNB,ELECTRONIC
blackfoot	Blackfoot	ROCK,RNB,COUNTRY
blackhawk	BlackHawk	COUNTRY
blackout allstars	The Blackout Allstars	OTHER
blackpink	BLACKPINK	POP
blackstreet	Blackstreet	POP,HIP_HOP,RNB
blahzay blahzay	Blahzay Blahzay	HIP_HOP,PUNK
blaine larsen	Blaine Larsen	COUNTRY
blair	Blair	OTHER
blake lewis	Blake Lewis	POP
blake shelton	Blake Shelton	COUNTRY
blaque	Blaque	POP,RNB
blendells	The Blendells	OTHER
blessid union of souls	Blessid Union Of Souls	POP,ROCK,PUNK
blind melon	Blind Melon	POP,ROCK,METAL
blink 182	blink-182	PUNK
blinky	Blinky	OTHER
blocboy jb	BlocBoy JB	HIP_HOP
blondie	Blondie	POP,ROCK,ELECTRONIC
blood sweat and tears	Blood, Sweat & Tears	POP,ROCK,RNB,COUNTRY,FOLK
bloodhound gang	Bloodhound Gang	RNB,PUNK,METAL
bloodpop	BloodPop®	POP
bloodrock	Bloodrock	RNB
bloodstone	Bloodstone	RNB
blow monkeys	The Blow Monkeys	POP,ROCK,ELECTRONIC
blu cantrell	Blu Cantrell	POP,RNB
blue	Blue	OTHER
blue cheer	Blue Cheer	ROCK,RNB,PUNK
blue county	Blue County	COUNTRY
blue haze	Blue Haze	OTHER
blue magic	Blue Magic	RNB,ELECTRONIC
blue mercedes	Blue Mercedes	OTHER
blue mink	Blue Mink	POP
blue october	Blue October	POP,ROCK,METAL
blue oyster cult	Blue Öyster Cult	POP,ROCK,RNB,METAL
blue swede	Blue Swede	POP
blues brothers	The Blues Brothers	RNB
blues image	Blues Image	OTHER
blues magoos	The Blues Magoos	POP,ROCK,PUNK
blues project	The Blues Project	ROCK
blues traveler	Blues Traveler	POP,ROCK,RNB
blur	Blur	POP,ROCK,ELECTRONIC
bo bice	Bo Bice	POP
bo diddley	Bo Diddley	ROCK,RNB
bo donaldson and the heywoods	Bo Donaldson & The Heywoods	POP
bob and doug mckenzie	Bob & Doug McKenzie	OTHER
bob and earl	Bob & Earl	RNB
bob crewe generation	The Bob Crewe Generation	OTHER
bob dylan	Bob Dylan	POP,ROCK,FOLK
bob geldof	Bob Geldof	FOLK
bob james	Bob James	RNB,JAZZ
bob kuban and the in men	Bob Kuban & The In-Men	OTHER
bob lind	Bob Lind	OTHER
bob marley and the wailers	Bob Marley & The Wailers	OTHER
bob seger	Bob Seger	POP,ROCK,FOLK
bob weir	Bob Weir	ROCK,RNB,COUNTRY,FOLK
bob welch	Bob Welch	POP,ROCK,COUNTRY,FOLK
bobbi martin	Bobbi Martin	OTHER
bobbie gentry	Bobbie Gentry	POP,COUNTRY,FOLK
bobby bare	Bobby Bare	COUNTRY
bobby bloom	Bobby Bloom	POP
bobby blue bland	Bobby "Blue" Bland	RNB
bobby boris pickett and the crypt kickers	Bobby "Boris" Pickett & The Crypt-Kickers	OTHER
bobby brackins	Bobby Brackins	HIP_HOP
bobby brown	Bobby Brown	POP,HIP_HOP,RNB
bobby byrd	Bobby Byrd	OTHER
bobby caldwell	Bobby Caldwell	POP
bobby darin	Bobby Darin	POP,ROCK,RNB,JAZZ
bobby freeman	Bobby Freeman	POP,ROCK,RNB
bobby fuller four	The Bobby Fuller Four	POP,ROCK,FOLK
bobby goldsboro	Bobby Goldsboro	POP,ROCK,COUNTRY,FOLK
bobby hart	Bobby Hart	POP
bobby hebb	Bobby Hebb	RNB
bobby helms	Bobby Helms	OTHER
bobby mcclure	Bobby McClure	OTHER
bobby mcferrin	Bobby McFerrin	OTHER
bobby moore	Bobby Moore	RNB
bobby moore and the rhythm aces	Bobby Moore & The Rhythm Aces	RNB
bobby pinson	Bobby Pinson	COUNTRY
bobby powell	Bobby Powell	RNB
bobby rydell	Bobby Rydell	POP,ROCK,RNB
bobby shafto	Bobby Shafto	OTHER
bobby sherman	Bobby Sherman	POP
bobby shmurda	Bobby Shmurda	HIP_HOP
bobby taylor and the vancouvers	Bobby Taylor & The Vancouvers	OTHER
bobby v	Bobby V.	POP,HIP_HOP,RNB
bobby vee	Bobby Vee	POP,ROCK,RNB,FOLK
bobby vinton	Bobby Vinton	POP,ROCK,RNB
bobby womack	Bobby Womack	RNB,ELECTRONIC
bobby wood	Bobby Wood	OTHER
bodeans	Bodeans	POP,ROCK
bon iver	Bon Iver	POP,ROCK,FOLK,CLASSICAL
bon jovi	Bon Jovi	ROCK,METAL
bone crusher	Bone Crusher	HIP_HOP
bone thugs n harmony	Bone Thugs-N-Harmony	HIP_HOP
boney m	Boney M.	POP,ELECTRONIC
bonham	Bonham	OTHER
bonnie and the treasures	Bonnie and the Treasures	OTHER
bonnie guitar	Bonnie Guitar	OTHER
bonnie mckee	Bonnie McKee	POP
bonnie pointer	Bonnie Pointer	ELECTRONIC
bonnie raitt	Bonnie Raitt	POP,ROCK,RNB,FOLK
bonnie tyler	Bonnie Tyler	POP,ELECTRONIC
boo	Boo	OTHER
booboo stewart	Booboo Stewart	OTHER
book of love	Book Of Love	POP,ROCK,ELECTRONIC
booker t	Booker-T	OTHER
boomkat	Boomkat	POP
boomtown rats	The Boomtown Rats	POP,ROCK,ELECTRONIC,PUNK
boots randolph	Boots Randolph	OTHER
bootsy collins	Bootsy Collins	RNB
born jamericans	Born Jamericans	OTHER
boss	Boss	OTHER
boston	Boston	POP,ROCK
bounty killer	Bounty Killer	ROCK,ELECTRONIC
bow wow	Bow Wow	POP,HIP_HOP,RNB
bow wow wow	Bow Wow Wow	POP,ROCK,ELECTRONIC
bowling for soup	Bowling For Soup	POP,ROCK,PUNK
box tops	The Box Tops	POP,ROCK,FOLK
boy george	Boy George	POP,ROCK,ELECTRONIC
boy krazy	Boy Krazy	OTHER
boy meets girl	Boy Meets Girl	POP
boys	The Boys	RNB
boys don t cry	Boys Don't Cry	OTHER
boys like girls	Boys Like Girls	POP,PUNK,EMO
boyz ii men	Boyz II Men	POP,RNB
boyz n da hood	Boyz N Da Hood	HIP_HOP
boz scaggs	Boz Scaggs	POP,ROCK,COUNTRY,FOLK
brad paisley	Brad Paisley	COUNTRY
bradley cooper	Bradley Cooper	SOUNDTRACK
brainstorm	Brainstorm	RNB
bram tchaikovsky	Bram Tchaikovsky	POP,ROCK
brand new heavies	The Brand New Heavies	JAZZ
brand nubian	Brand Nubian	HIP_HOP,PUNK
brandi carlile	Brandi Carlile	POP,FOLK
brandon	Brandon	OTHER
brandon casey	Brandon Casey	OTHER
brandy	Brandy	POP,HIP_HOP,RNB
brandy ms b hambrick	Brandy "Ms. B" Hambrick	OTHER
brantley gilbert	Brantley Gilbert	COUNTRY
brass construction	Brass Construction	RNB,ELECTRONIC
brat pack	The Brat Pack	OTHER
bravehearts	Bravehearts	HIP_HOP
bravery	The Bravery	ROCK,ELECTRONIC,PUNK
braxtons	The Braxtons	OTHER
bread	Bread	POP,COUNTRY,FOLK
breakfast club	Breakfast Club	OTHER
breaking benjamin	Breaking Benjamin	ROCK,HIP_HOP,PUNK,METAL
breathe	Breathe	OTHER
breathe carolina	Breathe Carolina	POP,ELECTRONIC,PUNK,EMO
breathless	Breathless	OTHER
brecker brothers	The Brecker Brothers	RNB,JAZZ
breeders	The Breeders	POP,ROCK,ELECTRONIC,PUNK
brenda and the tabulations	Brenda And The Tabulations	RNB
brenda holloway	Brenda Holloway	POP,RNB
brenda k starr	Brenda K. Starr	OTHER
brenda lee	Brenda Lee	POP,ROCK,COUNTRY,JAZZ
brenda lee eager	Brenda Lee Eager	OTHER
brenda russell	Brenda Russell	JAZZ
brenton wood	Brenton Wood	RNB
brett eldredge	Brett Eldredge	COUNTRY
brett young	Brett Young	COUNTRY
brewer and shipley	Brewer & Shipley	POP,COUNTRY,FOLK
brian auger	Brian Auger	JAZZ
brian hyland	Brian Hyland	POP,ROCK,RNB,FOLK
brian mcknight	Brian McKnight	POP,RNB
brian poole and the tremeloes	Brian Poole & The Tremeloes	ROCK
brian protheroe	Brian Protheroe	OTHER
brian setzer orchestra	The Brian Setzer Orchestra	ROCK,JAZZ
brian wilson	Brian Wilson	POP,CLASSICAL
brick	Brick	RNB,ELECTRONIC
bridgit mendler	Bridgit Mendler	POP
british lions	British Lions	OTHER
britney spears	Britney Spears	POP
britny fox	Britny Fox	ROCK,METAL
britt nicole	Britt Nicole	POP,ROCK,ELECTRONIC
bro smith	Bro Smith	OTHER
broadway for orlando	Broadway for Orlando	OTHER
brockhampton	BROCKHAMPTON	POP,HIP_HOP
bronski beat	Bronski Beat	POP,ROCK,ELECTRONIC
brook benton	Brook Benton	POP,ROCK,RNB
brooke hogan	Brooke Hogan	POP
brooke valentine	Brooke Valentine	POP,RNB
brooke white	Brooke White	POP
brooklyn bounce	Brooklyn Bounce	ELECTRONIC
brooklyn bridge	Brooklyn Bridge	OTHER
brooklyn dreams	Brooklyn Dreams	OTHER
brooks and dunn	Brooks & Dunn	COUNTRY
brooks o dell	Brooks O'Dell	RNB
bros	Bros	POP,ROCK
brother beyond	Brother Beyond	POP
brotherhood creed	Brotherhood Creed	OTHER
brotherhood of man	Brotherhood of Man	POP
brothers four	The Brothers Four	POP,FOLK
brothers johnson	The Brothers Johnson	RNB,ELECTRONIC
brothers osborne	Brothers Osborne	ROCK,COUNTRY
brown boy	Brown Boy	HIP_HOP
brownstone	Brownstone	POP,RNB
brownsville station	Brownsville Station	ROCK,COUNTRY
bruce and terry	Bruce & Terry	OTHER
bruce channel	Bruce Channel	ROCK
bruce cockburn	Bruce Cockburn	POP,ROCK,COUNTRY,FOLK
bruce hornsby	Bruce Hornsby	POP,ROCK,FOLK
bruce hornsby and the range	Bruce Hornsby and the Range	OTHER
bruce springsteen	Bruce Springsteen	POP,ROCK,FOLK
bruce willis	Bruce Willis	SOUNDTRACK
bruno mars	Bruno Mars	POP
bryan adams	Bryan Adams	POP,ROCK,FOLK
bryan ferry	Bryan Ferry	POP,ROCK,ELECTRONIC
bryce vine	Bryce Vine	POP,HIP_HOP
bryson tiller	Bryson Tiller	POP,HIP_HOP
bt	BT	ELECTRONIC
bts	BTS	POP
bu harmonics	The Bu Harmonics	OTHER
bubba sparxxx	Bubba Sparxxx	HIP_HOP,COUNTRY
bubble puppy	The Bubble Puppy	OTHER
buchanan brothers	Buchanan Brothers	OTHER
buck 22	Buck 22	OTHER
buck owens	Buck Owens	COUNTRY,FOLK
buck owens and the buckaroos	Buck Owens & The Buckaroos	OTHER
buckcherry	Buckcherry	ROCK,METAL
bucketheads	The Bucketheads	ELECTRONIC
buckinghams	The Buckinghams	POP,ROCK,FOLK
buckner and garcia	Buckner & Garcia	OTHER
bucky covington	Bucky Covington	COUNTRY
bud shank	Bud Shank	JAZZ
buddy holly	Buddy Holly	POP,ROCK,FOLK
buddy jewell	Buddy Jewell	COUNTRY
buddy miles	Buddy Miles	RNB
buddy miles express	Buddy Miles Express	OTHER
buddy starcher	Buddy Starcher	OTHER
buffalo springfield	Buffalo Springfield	POP,ROCK,RNB,COUNTRY,FOLK
buffy	Buffy	OTHER
buffy sainte marie	Buffy Sainte-Marie	FOLK
buggles	The Buggles	POP,ROCK,ELECTRONIC
bull and the matadors	Bull & The Matadors	OTHER
bulldog	Bulldog	ROCK,PUNK
bulletboys	Bulletboys	ROCK,METAL
bun b	Bun B	HIP_HOP
bunny sigler	Bunny Sigler	RNB
buoys	The Buoys	OTHER
burl ives	Burl Ives	POP,FOLK
burt bacharach	Burt Bacharach	POP
burt reynolds	Burt Reynolds	OTHER
burton cummings	Burton Cummings	ROCK,FOLK
bus boys	The Bus Boys	OTHER
bush	Bush	POP,ROCK,METAL
busta rhymes	Busta Rhymes	POP,HIP_HOP,PUNK
buster poindexter and his banshees of blue	Buster Poindexter And His Banshees Of Blue	OTHER
butch cassidy	Butch Cassidy	HIP_HOP,RNB
byrds	The Byrds	POP,ROCK,RNB,COUNTRY,FOLK
c c s	C.C.S.	POP
c side	C.Side	OTHER
c w mccall	C.W. McCall	COUNTRY
ca h out	Ca$h Out	HIP_HOP
caboose	The Caboose	OTHER
caesars	Caesars	ROCK
cage the elephant	Cage The Elephant	POP,ROCK,PUNK
cake	Cake	POP,ROCK
cal smith	Cal Smith	COUNTRY
cal tjader	Cal Tjader	POP,HIP_HOP,RNB,JAZZ,LATIN
calboy	Calboy	HIP_HOP
cali swag district	Cali Swag District	HIP_HOP
california raisins	California Raisins	OTHER
call	The Call	ROCK
calling	The Calling	POP,ROCK
calloway	Calloway	RNB
calum scott	Calum Scott	POP
calvin harris	Calvin Harris	POP,ELECTRONIC
cam	Cam	COUNTRY
cam ron	Cam’ron	POP,HIP_HOP,PUNK
cameo	Cameo	POP,RNB,ELECTRONIC
cameron boyce	Cameron Boyce	OTHER
camila cabello	Camila Cabello	POP
camouflage	Camouflage	POP,ROCK
camp lo	Camp Lo	HIP_HOP,PUNK
canaan smith	Canaan Smith	COUNTRY
candi staton	Candi Staton	RNB,ELECTRONIC
candice glover	Candice Glover	OTHER
candlebox	Candlebox	POP,ROCK,METAL
candy and the kisses	Candy & The Kisses	RNB
candy dulfer	Candy Dulfer	JAZZ
candyman	Candyman	OTHER
candymen	The Candymen	OTHER
canibus	Canibus	HIP_HOP,PUNK
canned heat	Canned Heat	POP,ROCK,RNB,FOLK
cannibal and the headhunters	Cannibal & The Headhunters	OTHER
cannonball adderley	Cannonball Adderley	RNB,JAZZ
capital cities	Capital Cities	POP,ROCK,ELECTRONIC
capitols	The Capitols	RNB
capleton	Capleton	ROCK,ELECTRONIC
cappadonna	Cappadonna	HIP_HOP,PUNK
captain and tennille	Captain & Tennille	POP,ELECTRONIC,FOLK
captain hollywood project	Captain Hollywood Project	POP,ELECTRONIC
caravelles	The Caravelles	POP
cardi b	Cardi B	POP,HIP_HOP
carl anderson	Carl Anderson	OTHER
carl carlton	Carl Carlton	ELECTRONIC
carl douglas	Carl Douglas	ELECTRONIC
carl thomas	Carl Thomas	POP,RNB
carl wilson	Carl Wilson	OTHER
carla thomas	Carla Thomas	RNB
carlene carter	Carlene Carter	COUNTRY
carlos santana	Carlos Santana	RNB,JAZZ
carlos vives	Carlos Vives	POP,LATIN
carly pearce	Carly Pearce	COUNTRY
carly rae jepsen	Carly Rae Jepsen	POP
carly simon	Carly Simon	POP,FOLK
carol douglas	Carol Douglas	ELECTRONIC
carole bayer sager	Carole Bayer Sager	POP
carole king	Carole King	POP,ROCK,FOLK
carolina liar	Carolina Liar	POP,ROCK
carolyn dawn johnson	Carolyn Dawn Johnson	COUNTRY
carolyne mas	Carolyne Mas	OTHER
caron wheeler	Caron Wheeler	RNB
carpenters	Carpenters	POP,FOLK
carrie lucas	Carrie Lucas	ELECTRONIC
carrie underwood	Carrie Underwood	POP,COUNTRY
cars	The Cars	POP,ROCK,ELECTRONIC,FOLK
cartel	Cartel	POP,PUNK,EMO
carters	The Carters	POP,RNB
cartouche	Cartouche	ELECTRONIC
cascada	Cascada	POP,HIP_HOP,ELECTRONIC
cascades	The Cascades	POP,ROCK,RNB
case	Case	POP,HIP_HOP,RNB
casey james	Casey James	POP,COUNTRY
casey kelly	Casey Kelly	OTHER
casey weston	Casey Weston	OTHER
cash cash	Cash Cash	POP,ELECTRONIC
cashman and west	Cashman & West	OTHER
cashmere cat	Cashmere Cat	POP,ELECTRONIC
casinos	The Casinos	OTHER
cassadee pope	Cassadee Pope	POP,COUNTRY,EMO
cassidy	Cassidy	POP,HIP_HOP
cassie	Cassie	POP,RNB
cast of rent	Cast Of Rent	SOUNDTRACK
castaways	The Castaways	ROCK
cataracs	The Cataracs	OTHER
catherine dunn	Catherine Dunn	OTHER
cathy dennis	Cathy Dennis	POP,ELECTRONIC
cause and effect	Cause & Effect	POP
cece peniston	CeCe Peniston	ELECTRONIC
cece winans	CeCe Winans	OTHER
ceelo green	CeeLo Green	HIP_HOP
celi bee and the buzzy bunch	Celi Bee & The Buzzy Bunch	ELECTRONIC
celine dion	Céline Dion	POP
central line	Central Line	RNB,ELECTRONIC
cerrone	Cerrone	ELECTRONIC
chad and jeremy	Chad & Jeremy	POP,ROCK,FOLK
chad brock	Chad Brock	COUNTRY
chad kroeger	Chad Kroeger	ROCK,METAL
chad mitchell trio	Chad Mitchell Trio	FOLK
chainsmokers	The Chainsmokers	POP,ELECTRONIC
chaka demus and pliers	Chaka Demus & Pliers	ROCK
chaka khan	Chaka Khan	POP,RNB,ELECTRONIC
chakachas	The Chakachas	OTHER
cham	Cham	ELECTRONIC
chambers brothers	The Chambers Brothers	ROCK
chamillionaire	Chamillionaire	HIP_HOP
champaign	Champaign	OTHER
chance the rapper	Chance the Rapper	HIP_HOP
change	Change	RNB,ELECTRONIC
changing faces	Changing Faces	POP,RNB
channel live	Channel Live	HIP_HOP,PUNK
chanson	Chanson	OTHER
chantay savage	Chantay Savage	OTHER
chante moore	Chanté Moore	POP,RNB
charice	Charice	POP
charlay	Charlay	OTHER
charlene	Charlene	OTHER
charles and eddie	Charles & Eddie	RNB
charles fox	Charles Fox	OTHER
charles randolph grean sounde	Charles Randolph Grean Sounde	OTHER
charles wright and the watts 103rd street rhythm band	Charles Wright & The Watts 103rd Street Rhythm Band	RNB
charley pride	Charley Pride	COUNTRY
charli baltimore	Charli Baltimore	POP
charli xcx	Charli XCX	POP,ELECTRONIC
charlie	Charlie	OTHER
charlie byrd	Charlie Byrd	JAZZ,LATIN
charlie daniels	Charlie Daniels	ROCK,COUNTRY
charlie daniels band	The Charlie Daniels Band	ROCK,COUNTRY
charlie dore	Charlie Dore	OTHER
charlie foxx	Charlie Foxx	OTHER
charlie mccoy	Charlie McCoy	RNB
charlie puth	Charlie Puth	POP
charlie rich	Charlie Rich	ROCK,COUNTRY
charlie sexton	Charlie Sexton	OTHER
charlie wilson	Charlie Wilson	RNB
charlie worsham	Charlie Worsham	COUNTRY
charm farm	Charm Farm	OTHER
chartbusters	The Chartbusters	OTHER
chase	Chase	OTHER
chase bryant	Chase Bryant	COUNTRY
chase rice	Chase Rice	COUNTRY
cheap trick	Cheap Trick	POP,ROCK,ELECTRONIC,METAL
cheat codes	Cheat Codes	POP,ELECTRONIC
checkmates ltd	The Checkmates Ltd.	OTHER
chedda da connect	Chedda Da Connect	HIP_HOP
cheech and chong	Cheech & Chong	OTHER
cheetah girls	The Cheetah Girls	POP,SOUNDTRACK
chely wright	Chely Wright	COUNTRY
chemical brothers	The Chemical Brothers	ELECTRONIC
cher	Cher	POP,SOUNDTRACK
cher lloyd	Cher Lloyd	POP
cherie	Cherie	POP
cherie and marie currie	Cherie and Marie Currie	OTHER
cherish	Cherish	POP,HIP_HOP,RNB
cherrelle	Cherrelle	RNB,ELECTRONIC
cherry people	The Cherry People	OTHER
cheryl ladd	Cheryl Ladd	OTHER
cheryl lynn	Cheryl Lynn	RNB,ELECTRONIC
cheryl pepsii riley	Cheryl 'Pepsii' Riley	OTHER
chesney hawkes	Chesney Hawkes	POP
chet atkins	Chet Atkins	COUNTRY
chevelle	Chevelle	ROCK,HIP_HOP,METAL
cheyenne kimball	Cheyenne Kimball	POP
chi coltrane	Chi Coltrane	POP
chi lites	The Chi-Lites	RNB,ELECTRONIC
chic	CHIC	RNB,ELECTRONIC
chicago	Chicago	POP,ROCK,FOLK
chico	Chico	OTHER
chico debarge	Chico DeBarge	RNB
chiddy bang	Chiddy Bang	HIP_HOP
chief keef	Chief Keef	HIP_HOP
chiffons	The Chiffons	POP,ROCK,RNB,FOLK
childish gambino	Childish Gambino	POP,HIP_HOP
chilliwack	Chilliwack	ROCK
chimes	The Chimes	OTHER
china anne mcclain	China Anne McClain	POP,SOUNDTRACK
chingy	Chingy	POP,HIP_HOP,RNB
chloe x halle	Chloe x Halle	POP,RNB
chocolate milk	Chocolate Milk	RNB,ELECTRONIC
choir	The Choir	OTHER
choirboys	Choirboys	ROCK
choppa	Choppa	OTHER
chris andrews	Chris Andrews	POP,ROCK,FOLK
chris bartley	Chris Bartley	OTHER
chris brown	Chris Brown	POP,HIP_HOP,RNB
chris cagle	Chris Cagle	COUNTRY
chris christian	Chris Christian	POP
chris cornell	Chris Cornell	ROCK,METAL
chris crosby	Chris Crosby	OTHER
chris de burgh	Chris de Burgh	POP
chris hodge	Chris Hodge	OTHER
chris isaak	Chris Isaak	POP
chris j	Chris J	OTHER
chris janson	Chris Janson	COUNTRY
chris lake	Chris Lake	HIP_HOP,ELECTRONIC
chris lane	Chris Lane	COUNTRY
chris mann	Chris Mann	OTHER
chris medina	Chris Medina	OTHER
chris montez	Chris Montez	POP,ROCK,FOLK
chris norman	Chris Norman	POP
chris rea	Chris Rea	POP,ROCK,RNB
chris stapleton	Chris Stapleton	COUNTRY
chris thompson	Chris Thompson	ROCK
chris tomlin	Chris Tomlin	ROCK
chris walker	Chris Walker	OTHER
chris willis	Chris Willis	OTHER
chris young	Chris Young	COUNTRY
chrisette michele	Chrisette Michele	POP,RNB
christian nodal	Christian Nodal	LATIN
christie	Christie	POP
christina aguilera	Christina Aguilera	POP
christina grimmie	Christina Grimmie	POP
christina milian	Christina Milian	POP,RNB
christina perri	Christina Perri	POP
christine mcvie	Christine McVie	POP
christion	Christión	OTHER
christopher cross	Christopher Cross	POP,ROCK,RNB,ELECTRONIC,FOLK
christopher wilde	Christopher Wilde	POP
christopher williams	Christopher Williams	RNB
chubb rock	Chubb Rock	HIP_HOP,ELECTRONIC,PUNK
chubby checker	Chubby Checker	POP,ROCK,RNB
chuck berry	Chuck Berry	ROCK,RNB,FOLK
chuck brown and the soul searchers	Chuck Brown and the Soul Searchers	OTHER
chuck jackson	Chuck Jackson	RNB
chuck mangione	Chuck Mangione	JAZZ
chuck wicks	Chuck Wicks	COUNTRY
chuckii booker	Chuckii Booker	RNB
chumbawamba	Chumbawamba	PUNK
church	The Church	POP,ROCK,ELECTRONIC,PUNK
chvrches	CHVRCHES	POP,ROCK
chyna whyte	Chyna Whyte	OTHER
ciara	Ciara	POP,HIP_HOP,RNB
cilla black	Cilla Black	POP,ROCK
cinderella	Cinderella	ROCK,METAL
cindy bullens	Cindy Bullens	SOUNDTRACK
cisco adler	Cisco Adler	HIP_HOP
cissy houston	Cissy Houston	OTHER
citizen king	Citizen King	POP,ROCK
city boy	City Boy	OTHER
city girls	City Girls	POP,HIP_HOP
city high	City High	POP
city spud	City Spud	OTHER
civil wars	The Civil Wars	POP,ROCK,FOLK
cl	CL	POP
clarence ashe	Clarence Ashe	RNB
clarence carter	Clarence Carter	RNB
clarence clemons	Clarence Clemons	OTHER
clarence reid	Clarence Reid	RNB
clark family experience	Clark Family Experience	OTHER
clash	The Clash	ROCK,ELECTRONIC,PUNK
classics iv	Classics IV	POP,ROCK,FOLK
classics iv featuring dennis yost	Classics IV - Featuring Dennis Yost	OTHER
claudette ortiz	Claudette Ortiz	OTHER
claudia leitte	Claudia Leitte	POP,RNB
claudine longet	Claudine Longet	OTHER
clay aiken	Clay Aiken	POP
clay davidson	Clay Davidson	OTHER
clay walker	Clay Walker	COUNTRY
clean bandit	Clean Bandit	POP,RNB,ELECTRONIC
clefs of lavender hill	The Clefs Of Lavender Hill	ROCK
cleopatra	Cleopatra	POP,ELECTRONIC
click	The Click	HIP_HOP
click five	The Click Five	POP,PUNK,EMO
cliff nobles	Cliff Nobles	OTHER
cliff richard	Cliff Richard	POP,ROCK
cliff richard and the shadows	Cliff Richard & The Shadows	POP,ROCK
clifford curry	Clifford Curry	RNB
climax	Climax	OTHER
climax blues band	Climax Blues Band	POP,ROCK,RNB,COUNTRY
climie fisher	Climie Fisher	POP,ROCK,ELECTRONIC
clint black	Clint Black	COUNTRY
clint holmes	Clint Holmes	OTHER
clipse	Clipse	HIP_HOP,PUNK
clique	The Clique	ROCK
clive griffin	Clive Griffin	OTHER
clocks	The Clocks	OTHER
clout	Clout	POP
club nouveau	Club Nouveau	RNB,ELECTRONIC
clubland	Clubland	OTHER
clyde mcphatter	Clyde McPhatter	POP,ROCK,RNB
co	Co	OTHER
coasters	The Coasters	POP,ROCK,RNB
cobra starship	Cobra Starship	POP,HIP_HOP,PUNK,EMO
cochise	Cochise	OTHER
cock robin	Cock Robin	POP,ROCK,ELECTRONIC
cody johnson	Cody Johnson	COUNTRY
coko	Coko	OTHER
colbie caillat	Colbie Caillat	POP
colby o donis	Colby O'Donis	OTHER
cold	Cold	ROCK,HIP_HOP,METAL
cold blood	Cold Blood	OTHER
coldplay	Coldplay	POP,ROCK
cole swindell	Cole Swindell	COUNTRY
collage	Collage	OTHER
collective soul	Collective Soul	POP,ROCK,METAL
college boyz	College Boyz	OTHER
collin raye	Collin Raye	COUNTRY
color me badd	Color Me Badd	POP,RNB
commander cody and his lost planet airmen	Commander Cody and His Lost Planet Airmen	COUNTRY
commitments	The Commitments	OTHER
commodores	Commodores	POP,RNB,ELECTRONIC
common	Common	HIP_HOP,RNB,PUNK
communards	The Communards	POP,ROCK,ELECTRONIC
company b	Company B	OTHER
concrete blonde	Concrete Blonde	POP
connie francis	Connie Francis	POP,ROCK,RNB
connie stevens	Connie Stevens	POP
conscious daughters	The Conscious Daughters	HIP_HOP,RNB
consequence	Consequence	HIP_HOP
contours	The Contours	POP,RNB
conway twitty	Conway Twitty	COUNTRY
coo coo cal	Coo Coo Cal	HIP_HOP
cooker	Cooker	OTHER
cookies	The Cookies	POP
cookin on 3 burners	Cookin' On 3 Burners	RNB
cool breeze	Cool Breeze	OTHER
coolio	Coolio	HIP_HOP,RNB
corbin bleu	Corbin Bleu	POP
corey hart	Corey Hart	POP,ROCK,ELECTRONIC
corina	Corina	OTHER
corinne bailey rae	Corinne Bailey Rae	POP,RNB
cornelius brothers and sister rose	Cornelius Brothers & Sister Rose	RNB
coro	Coro	OTHER
corona	Corona	POP,ELECTRONIC
corrs	The Corrs	POP,ROCK
cory gunz	Cory Gunz	HIP_HOP
costi	Costi	POP
count basie	Count Basie	POP,JAZZ
count five	Count Five	ROCK,PUNK
counting crows	Counting Crows	POP,ROCK,FOLK
country joe and the fish	Country Joe & The Fish	ROCK,RNB,COUNTRY,FOLK
country joe mcdonald	Country Joe McDonald	ROCK,FOLK
counts	The Counts	OTHER
courtship	The Courtship	OTHER
cover girls	The Cover Girls	OTHER
cowsills	The Cowsills	POP,ROCK,FOLK
cozy powell	Cozy Powell	OTHER
crabby appleton	Crabby Appleton	OTHER
cracker	Cracker	POP,ROCK,COUNTRY
craig campbell	Craig Campbell	COUNTRY
craig david	Craig David	POP,RNB,ELECTRONIC
craig mack	Craig Mack	POP,HIP_HOP,PUNK
craig morgan	Craig Morgan	COUNTRY
craig wayne boyd	Craig Wayne Boyd	OTHER
cranberries	The Cranberries	POP,ROCK
crash test dummies	Crash Test Dummies	POP,ROCK
crawler	Crawler	OTHER
crazy elephant	Crazy Elephant	POP
crazy frog	Crazy Frog	POP,ELECTRONIC
crazy horse	Crazy Horse	ROCK,FOLK
crazy town	Crazy Town	ROCK,HIP_HOP,METAL
cream	Cream	POP,ROCK,RNB,FOLK
creative source	Creative Source	OTHER
creed	Creed	POP,ROCK,HIP_HOP,METAL
creedence clearwater revival	Creedence Clearwater Revival	ROCK
crime mob	Crime Mob	POP,HIP_HOP
crispian st peters	Crispian St. Peters	POP,ROCK
cristian castro	Cristian Castro	ROCK,LATIN
critters	The Critters	POP
crooklyn dodgers	Crooklyn Dodgers	OTHER
crosby stills and nash	Crosby, Stills & Nash	POP,ROCK,RNB,COUNTRY,FOLK
crosby stills nash and young	Crosby, Stills, Nash & Young	POP,ROCK,RNB,FOLK
cross country	Cross Country	OTHER
crossfade	Crossfade	ROCK,HIP_HOP,METAL
crow	Crow	PUNK
crowded house	Crowded House	POP,ROCK,ELECTRONIC
crown heights affair	Crown Heights Affair	ELECTRONIC
cru	Cru	OTHER
crucial conflict	Crucial Conflict	HIP_HOP
crusaders	The Crusaders	RNB,JAZZ
crush	Crush	OTHER
cryan shames	Cryan' Shames	POP
crystal bernard	Crystal Bernard	COUNTRY
crystal bowersox	Crystal Bowersox	POP
crystal gayle	Crystal Gayle	POP,COUNTRY
crystal lewis	Crystal Lewis	OTHER
crystal waters	Crystal Waters	ELECTRONIC
crystals	The Crystals	POP,ROCK,RNB,FOLK
css	CSS	ROCK,ELECTRONIC,PUNK
cult	The Cult	ROCK,ELECTRONIC,METAL
cult jam	Cult Jam	OTHER
cults	Cults	POP,ROCK,ELECTRONIC
culture beat	Culture Beat	POP,ELECTRONIC
culture club	Culture Club	POP,ROCK,ELECTRONIC
cupid	Cupid	ELECTRONIC
cure	The Cure	ROCK,ELECTRONIC
curiosity killed the cat	Curiosity Killed The Cat	POP,ROCK,ELECTRONIC
curren y	Curren$y	HIP_HOP
curtis mayfield	Curtis Mayfield	RNB,ELECTRONIC
curtis stigers	Curtis Stigers	JAZZ
cut n move	Cut 'N' Move	OTHER
cutting crew	Cutting Crew	POP,ROCK,ELECTRONIC
cutty	Cutty	OTHER
cutty ranks	Cutty Ranks	ELECTRONIC
cymande	Cymande	POP,RNB,JAZZ
cyndi grecco	Cyndi Grecco	OTHER
cyndi lauper	Cyndi Lauper	POP,ROCK,ELECTRONIC
cyndi thomson	Cyndi Thomson	COUNTRY
cynthia	Cynthia	OTHER
cynthia and johnny o	Cynthia & Johnny O.	OTHER
cypress hill	Cypress Hill	HIP_HOP,PUNK
cyrkle	The Cyrkle	POP,ROCK,FOLK
d angelo	D'Angelo	HIP_HOP,RNB
d c larue	D.C. LaRue	ELECTRONIC
d j rogers	D.J. Rogers	OTHER
d train	D-Train	POP,RNB,ELECTRONIC
d12	D12	HIP_HOP,PUNK
d4l	D4L	HIP_HOP
da brat	Da Brat	POP,HIP_HOP,RNB
da youngsta s	Da Youngsta's	HIP_HOP,PUNK
daddy dewdrop	Daddy Dewdrop	OTHER
daddy yankee	Daddy Yankee	POP,HIP_HOP,LATIN
dae dae	Dae Dae	HIP_HOP
daft punk	Daft Punk	ELECTRONIC
daisy dee	Daisy Dee	OTHER
dakota moon	Dakota Moon	OTHER
dakotas	The Dakotas	ROCK
dale and grace	Dale & Grace	POP
damage	Damage	POP
damian dame	Damian Dame	OTHER
damian lemar hudson	Damian Lemar Hudson	OTHER
damita jo	Damita Jo	OTHER
damn yankees	Damn Yankees	ROCK,METAL
dan fogelberg	Dan Fogelberg	POP,ROCK,COUNTRY,FOLK
dan hartman	Dan Hartman	ELECTRONIC
dan hill	Dan Hill	POP
dan peek	Dan Peek	POP
dan reed network	Dan Reed Network	RNB
dan seals	Dan Seals	COUNTRY
dan shay	Dan + Shay	COUNTRY
dana rollin	Dana Rollin	OTHER
danger danger	Danger Danger	ROCK,METAL
daniel bedingfield	Daniel Bedingfield	POP
daniel boone	Daniel Boone	POP
daniel caesar	Daniel Caesar	POP,RNB
daniel powter	Daniel Powter	POP
daniel rodriguez	Daniel Rodriguez	OTHER
danielle bradbery	Danielle Bradbery	COUNTRY
danity kane	Danity Kane	POP,RNB
danny gokey	Danny Gokey	POP
danny holien	Danny Holien	OTHER
danny hutton	Danny Hutton	OTHER
danny o keefe	Danny O'Keefe	FOLK
danny williams	Danny Williams	ROCK
danny wilson	Danny Wilson	POP,ROCK
danyel gerard	Danyel Gerard	OTHER
danzig	Danzig	ROCK,METAL
darden smith	Darden Smith	OTHER
darija	Darija	OTHER
darius rucker	Darius Rucker	POP,COUNTRY
darlene love	Darlene Love	POP
darrell banks	Darrell Banks	RNB
darren hayes	Darren Hayes	POP
darrow fletcher	Darrow Fletcher	RNB
darryl worley	Darryl Worley	COUNTRY
darude	Darude	POP,ELECTRONIC
daryl braithwaite	Daryl Braithwaite	POP,ROCK
daryl hall	Daryl Hall	POP
daryle singletary	Daryle Singletary	COUNTRY
das efx	Das EFX	HIP_HOP,PUNK
dashboard confessional	Dashboard Confessional	POP,ROCK,PUNK,EMO
daughtry	Daughtry	POP,ROCK,METAL
dave baby cortez	Dave "Baby" Cortez	JAZZ
dave brubeck quartet	The Dave Brubeck Quartet	JAZZ
dave clark five	The Dave Clark Five	POP,ROCK,FOLK
dave dee dozy beaky mick and tich	Dave Dee, Dozy, Beaky, Mick & Tich	POP,ROCK
dave edmunds	Dave Edmunds	POP,ROCK,RNB
dave hollister	Dave Hollister	POP,RNB
dave mason	Dave Mason	POP,ROCK,RNB,COUNTRY,FOLK
dave matthews	Dave Matthews	POP
dave matthews band	Dave Matthews Band	POP,ROCK
david and david	David & David	OTHER
david and jonathan	David and Jonathan	OTHER
david archuleta	David Archuleta	POP
david ball	David Ball	COUNTRY
david banner	David Banner	HIP_HOP
david blue	David Blue	FOLK
david bowie	David Bowie	ROCK,ELECTRONIC,PUNK
david cassidy	David Cassidy	POP
david cook	David Cook	POP
david crosby	David Crosby	POP,ROCK,COUNTRY,FOLK
david dundas	David Dundas	POP
david essex	David Essex	POP,ROCK
david foster	David Foster	OTHER
david gates	David Gates	POP
david geddes	David Geddes	OTHER
david gilmour	David Gilmour	ROCK
david gray	David Gray	POP,ROCK
david guetta	David Guetta	POP,ELECTRONIC
david houston	David Houston	COUNTRY
david hudson	David Hudson	OTHER
david jones	David Jones	OTHER
david kersh	David Kersh	COUNTRY
david laflamme	David Laflamme	OTHER
david lasley	David Lasley	POP
david lee murphy	David Lee Murphy	COUNTRY
david lee roth	David Lee Roth	ROCK,METAL
david nail	David Nail	COUNTRY
david naughton	David Naughton	OTHER
david pack	David Pack	POP
david porter	David Porter	RNB
david ruffin	David Ruffin	RNB,ELECTRONIC
david sanborn	David Sanborn	RNB,JAZZ
david seville	David Seville	OTHER
david soul	David Soul	POP
davie allan and the arrows	Davie Allan & The Arrows	ROCK
davina	Davina	ELECTRONIC
davy jones	Davy Jones	POP
dawin	Dawin	POP
dawn	Dawn	OTHER
dawn penn	Dawn Penn	ROCK
day26	DAY26	POP,RNB
daya	Daya	POP,ELECTRONIC
dayton	Dayton	RNB,ELECTRONIC
daze	Daze	POP,ELECTRONIC
dazz band	Dazz Band	RNB,ELECTRONIC
dc talk	DC Talk	ROCK
dcup	DCup	OTHER
de la soul	De La Soul	HIP_HOP,PUNK
dead or alive	Dead Or Alive	POP,ROCK,ELECTRONIC
deadmau5	deadmau5	ELECTRONIC
dean and jean	Dean & Jean	OTHER
dean friedman	Dean Friedman	POP
dean lewis	Dean Lewis	POP
dean martin	Dean Martin	POP,JAZZ
deana carter	Deana Carter	COUNTRY
death cab for cutie	Death Cab for Cutie	POP,ROCK,FOLK
debarge	DeBarge	RNB,ELECTRONIC
debbie gibson	Debbie Gibson	POP
debbie harry	Debbie Harry	POP
debbie taylor	Debbie Taylor	RNB
debby boone	Debby Boone	POP
debelah morgan	Debelah Morgan	OTHER
deborah allen	Deborah Allen	COUNTRY
deborah cox	Deborah Cox	POP,RNB,ELECTRONIC
debra laws	Debra Laws	OTHER
dee dee sharp	Dee Dee Sharp	POP,RNB
dee dee warwick	Dee Dee Warwick	POP
dee jay and the runaways	Dee Jay & The Runaways	OTHER
deee lite	Deee-Lite	ELECTRONIC
deele	The Deele	RNB,ELECTRONIC
deep blue something	Deep Blue Something	POP
deep forest	Deep Forest	OTHER
deep purple	Deep Purple	ROCK,RNB,METAL
def leppard	Def Leppard	ROCK,METAL
def squad	Def Squad	HIP_HOP,PUNK
default	Default	POP,ROCK,METAL
defranco family featuring tony defranco	The DeFranco Family featuring Tony DeFranco	OTHER
degrees of motion	Degrees Of Motion	ELECTRONIC
dej loaf	DeJ Loaf	POP,HIP_HOP,RNB
deja vu	Déjà Vu	OTHER
del amitri	Del Amitri	POP,ROCK
del reeves	Del Reeves	COUNTRY
del shannon	Del Shannon	POP,ROCK,RNB,FOLK
delaney and bonnie	Delaney & Bonnie	ROCK,RNB,COUNTRY
delbert mcclinton	Delbert McClinton	ROCK,RNB,COUNTRY
delegates	The Delegates	PUNK
delegation	Delegation	RNB,ELECTRONIC
delfonics	The Delfonics	RNB,ELECTRONIC
delinquent habits	Delinquent Habits	HIP_HOP,PUNK
della humphrey	Della Humphrey	OTHER
della reese	Della Reese	JAZZ
dells	The Dells	RNB,ELECTRONIC
delrons	The Delrons	OTHER
dem franchize boyz	Dem Franchize Boyz	POP,HIP_HOP
demi lovato	Demi Lovato	POP
demis roussos	Demis Roussos	POP
deniece williams	Deniece Williams	RNB,ELECTRONIC
denise lasalle	Denise LaSalle	RNB
dennis coffey and the detroit guitar band	Dennis Coffey & The Detroit Guitar Band	OTHER
dennis deyoung	Dennis DeYoung	POP,ROCK
dennis edwards	Dennis Edwards	RNB
dennis lloyd	Dennis Lloyd	POP
dennis yost	Dennis Yost	OTHER
deodato	Deodato	RNB,JAZZ,LATIN
deon estus	Deon Estus	OTHER
deon jackson	Deon Jackson	OTHER
depeche mode	Depeche Mode	POP,ROCK,ELECTRONIC
derek	Derek	OTHER
derek and the dominos	Derek & The Dominos	POP,ROCK,RNB,COUNTRY,FOLK
derek martin	Derek Martin	OTHER
derez de shon	Derez De’Shon	HIP_HOP,RNB
deryl dodd	DERYL DODD	COUNTRY,FOLK
des ree	Des'ree	POP
descemer bueno	Descemer Bueno	LATIN
desiigner	Desiigner	HIP_HOP
desmond child	Desmond Child	OTHER
desmond child and rouge	Desmond Child & Rouge	OTHER
desmond dekker and the aces	Desmond Dekker & The Aces	ROCK,PUNK
destiny s child	Destiny's Child	POP,HIP_HOP,RNB
detail	Detail	OTHER
detergents	The Detergents	OTHER
detroit emeralds	The Detroit Emeralds	RNB
dev	DEV	POP
device	Device	OTHER
devin dawson	Devin Dawson	COUNTRY
devo	DEVO	POP,ROCK,ELECTRONIC,PUNK
devotions	The Devotions	OTHER
dexys midnight runners	Dexys Midnight Runners	POP,ELECTRONIC
dey	The DEY	OTHER
dia frampton	Dia Frampton	OTHER
diamond rio	Diamond Rio	COUNTRY
diana king	Diana King	OTHER
diana ross	Diana Ross	POP,RNB,ELECTRONIC
diana ross and the supremes	Diana Ross & The Supremes	POP,RNB
diane renay	Diane Renay	POP
dick feller	Dick Feller	OTHER
dick hyman	Dick Hyman	POP,JAZZ
dickey lee	Dickey Lee	OTHER
dickie goodman	Dickie Goodman	OTHER
diddy	Diddy	POP,HIP_HOP,RNB
diddy dirty money	Diddy - Dirty Money	POP
diddy featuring keyshia cole	Diddy Featuring Keyshia Cole	OTHER
dido	Dido	POP
dierks bentley	Dierks Bentley	COUNTRY
diesel	Diesel	OTHER
digable planets	Digable Planets	HIP_HOP,PUNK
diggy	Diggy	RNB
digital underground	Digital Underground	HIP_HOP,RNB,ELECTRONIC,PUNK
dilated peoples	Dilated Peoples	HIP_HOP,PUNK
dillman band	The DIllman Band	OTHER
dillon francis	Dillon Francis	POP,HIP_HOP,ELECTRONIC
dina carroll	Dina Carroll	ELECTRONIC
dino	Dino	OTHER
dino desi and billy	Dino, Desi & Billy	POP
dion	Dion	POP,ROCK,RNB
dionne farris	Dionne Farris	RNB
dionne warwick	Dionne Warwick	POP,RNB,ELECTRONIC
diplo	Diplo	POP,ELECTRONIC
diplomats	The Diplomats	HIP_HOP,PUNK
dire straits	Dire Straits	POP,ROCK
dirty heads	Dirty Heads	ROCK
dirty vegas	Dirty Vegas	ELECTRONIC
disciples	Disciples	ELECTRONIC
disclosure	Disclosure	POP,ELECTRONIC
dishwalla	Dishwalla	POP,ROCK
disturbed	Disturbed	ROCK,METAL
divine	Divine	OTHER
divinyls	Divinyls	POP,ROCK,ELECTRONIC
dixie chicks	Dixie Chicks	COUNTRY
dixie cups	The Dixie Cups	POP
dixie drifter	The Dixie Drifter	OTHER
dixie flyers	The Dixie Flyers	OTHER
dj company	DJ Company	ELECTRONIC
dj drama	DJ Drama	HIP_HOP
dj esco	DJ Esco	HIP_HOP
dj felli fel	DJ Felli Fel	OTHER
dj frank e	DJ Frank E	OTHER
dj khaled	DJ Khaled	POP,HIP_HOP
dj kool	DJ Kool	HIP_HOP
dj laz	Dj Laz	HIP_HOP
dj luke nasty	DJ Luke Nasty	HIP_HOP
dj miko	DJ Miko	OTHER
dj quik	DJ Quik	POP,HIP_HOP,RNB,PUNK
dj sammy	DJ Sammy	POP,ELECTRONIC
dj snake	DJ Snake	HIP_HOP,ELECTRONIC
dj suede the remix god	DJ Suede The Remix God	HIP_HOP
dj taz	DJ Taz	OTHER
dlow	DLOW	OTHER
dmx	DMX	HIP_HOP,PUNK
dna	DNA	OTHER
dnce	DNCE	POP
do or die	Do Or Die	HIP_HOP
dobie gray	Dobie Gray	RNB
doc box	Doc Box	OTHER
doctor and the medics	Doctor & The Medics	OTHER
dog s eye view	Dog's Eye View	POP,ROCK
dokken	Dokken	ROCK,METAL
dolla	Dolla	HIP_HOP
dollar	Dollar	POP,ROCK,ELECTRONIC
dolly parton	Dolly Parton	COUNTRY
dolphins	The Dolphins	OTHER
dom kennedy	Dom Kennedy	HIP_HOP
domino	Domino	RNB
domo genesis	Domo Genesis	HIP_HOP
don and the goodtimes	Don & The Goodtimes	OTHER
don covay	Don Covay	RNB
don fardon	Don Fardon	POP
don goodwin	Don Goodwin	OTHER
don henley	Don Henley	POP,ROCK,FOLK
don ho	Don Ho	OTHER
don johnson	Don Johnson	OTHER
don mclean	Don McLean	POP,ROCK,FOLK
don nix	Don Nix	RNB
don omar	Don Omar	HIP_HOP,LATIN
don williams	Don Williams	COUNTRY
donald byrd	Donald Byrd	RNB,JAZZ
donald fagen	Donald Fagen	POP,ROCK,JAZZ,FOLK
donell jones	Donell Jones	POP,HIP_HOP,RNB
donna allen	Donna Allen	OTHER
donna fargo	Donna Fargo	COUNTRY
donna lewis	Donna Lewis	POP
donna lynn	Donna Lynn	OTHER
donna mcdaniel	Donna McDaniel	OTHER
donna summer	Donna Summer	POP,RNB,ELECTRONIC
donnie elbert	Donnie Elbert	RNB
donnie iris	Donnie Iris	ROCK
donny and marie osmond	Donny & Marie Osmond	POP
donny hathaway	Donny Hathaway	RNB,JAZZ
donny most	Donny Most	OTHER
donny osmond	Donny Osmond	POP,SOUNDTRACK
donovan	Donovan	POP,ROCK,PUNK,FOLK
doobie brothers	The Doobie Brothers	POP,ROCK,RNB,COUNTRY,FOLK
doors	The Doors	ROCK
doris day	Doris Day	POP,JAZZ
doris duke	Doris Duke	RNB
doris troy	Doris Troy	POP,RNB
dorothy moore	Dorothy Moore	RNB
dorothy norwood	Dorothy Norwood	OTHER
dorsey burnette	Dorsey Burnette	ROCK
dottie west	Dottie West	COUNTRY
double	Double	OTHER
double exposure	Double Exposure	RNB,ELECTRONIC
doucette	Doucette	ROCK
doug stone	Doug Stone	COUNTRY
dove cameron	Dove Cameron	POP
down a k a kilo	Down A.K.A Kilo	OTHER
dr alban	Dr. Alban	POP,ELECTRONIC
dr buzzard s original savannah band	Dr. Buzzard's Original Savannah Band	ELECTRONIC
dr dre	Dr. Dre	HIP_HOP,RNB
dr hook	Dr. Hook	POP,ROCK,COUNTRY,FOLK
dr john	Dr. John	ROCK,RNB,FOLK
dr west s medicine show and junk band	Dr. West's Medicine Show & Junk Band	OTHER
dragon	Dragon	ROCK
dragonforce	DragonForce	METAL
drake	Drake	POP,HIP_HOP
drake bell	Drake Bell	POP
drama	Drama	OTHER
dramatics	The Dramatics	RNB,ELECTRONIC
dre	Dre	OTHER
dream	The-Dream	POP,HIP_HOP,RNB
dream academy	The Dream Academy	POP,ROCK,ELECTRONIC,CLASSICAL
dreezy	Dreezy	POP,HIP_HOP,RNB
drew vels	The Drew-Vels	OTHER
drifters	The Drifters	POP,ROCK,RNB,FOLK
driicky graham	Driicky Graham	HIP_HOP
drs	DRS	OTHER
dru down	Dru Down	HIP_HOP,RNB
dru hill	Dru Hill	POP,HIP_HOP,RNB
drupi	Drupi	POP
dua lipa	Dua Lipa	POP
duane eddy	Duane Eddy	POP,ROCK,RNB
duck sauce	Duck Sauce	ELECTRONIC
duffy	Duffy	POP,RNB
duice	Duice	OTHER
duke and the drivers	Duke And The Drivers	OTHER
duke baxter	Duke Baxter	OTHER
duke jupiter	Duke Jupiter	OTHER
duncan laurence	Duncan Laurence	POP
duncan sheik	Duncan Sheik	POP
duprees	The Duprees	POP,RNB
duran duran	Duran Duran	POP,ROCK,ELECTRONIC
dustin lynch	Dustin Lynch	COUNTRY
dusty springfield	Dusty Springfield	POP,ROCK,RNB,FOLK
dvsn	dvsn	POP,HIP_HOP,RNB
dwayne johnson	Dwayne Johnson	OTHER
dwele	Dwele	RNB
dwight twilley	Dwight Twilley	POP
dwight twilley band	Dwight Twilley Band	POP,ROCK
dwight yoakam	Dwight Yoakam	COUNTRY
dyke and the blazers	Dyke & The Blazers	RNB
dylan scott	Dylan Scott	COUNTRY
dynamic superiors	The Dynamic Superiors	RNB
dynamics	The Dynamics	RNB,ELECTRONIC,JAZZ
dynasty	Dynasty	OTHER
e 40	E-40	HIP_HOP
e g daily	E.G. Daily	OTHER
eagle eye cherry	Eagle-Eye Cherry	POP
eagles	Eagles	POP,ROCK,FOLK
eamon	Eamon	RNB
earl grant	Earl Grant	POP
earnest jackson	Earnest Jackson	OTHER
earth wind and fire	Earth, Wind & Fire	RNB,ELECTRONIC
easton corbin	Easton Corbin	COUNTRY
easy street	Easy Street	OTHER
easybeats	The Easybeats	POP,ROCK,PUNK,FOLK
eazy e	Eazy-E	HIP_HOP,RNB,PUNK
ebonys	The Ebonys	RNB
echosmith	Echosmith	POP
ecstasy passion and pain	Ecstasy, Passion & Pain	ELECTRONIC
ed ames	Ed Ames	POP
ed sheeran	Ed Sheeran	POP
eddie fisher	Eddie Fisher	POP
eddie floyd	Eddie Floyd	RNB
eddie harris	Eddie Harris	RNB,JAZZ
eddie hodges	Eddie Hodges	OTHER
eddie holland	Eddie Holland	RNB
eddie holman	Eddie Holman	RNB
eddie kendricks	Eddie Kendricks	RNB,ELECTRONIC
eddie levert	Eddie Levert	OTHER
eddie lovette	Eddie Lovette	POP,ROCK
eddie money	Eddie Money	POP,ROCK,COUNTRY,FOLK
eddie murphy	Eddie Murphy	OTHER
eddie rabbitt	Eddie Rabbitt	POP,COUNTRY
eddie rambeau	Eddie Rambeau	OTHER
eddie vedder	Eddie Vedder	ROCK
eddy arnold	Eddy Arnold	COUNTRY
edens edge	Edens Edge	COUNTRY
edgar winter	Edgar Winter	ROCK,RNB
edgar winter group	The Edgar Winter Group	POP,ROCK,RNB,COUNTRY
edgar winter s white trash	Edgar Winter's White Trash	ROCK,RNB
edie brickell	Edie Brickell	POP,FOLK
edie brickell and new bohemians	Edie Brickell & New Bohemians	POP,FOLK
edison lighthouse	Edison Lighthouse	POP
edward bear	Edward Bear	ROCK
edward maya	Edward Maya	POP
edwin hawkins singers	Edwin Hawkins Singers	OTHER
edwin mccain	Edwin McCain	POP
edwin starr	Edwin Starr	RNB
edwyn collins	Edwyn Collins	ROCK,CLASSICAL
eiffel 65	Eiffel 65	POP,ELECTRONIC
eight seconds	Eight Seconds	ROCK
eighth wonder	Eighth Wonder	POP
el chicano	El Chicano	RNB
el coco	El Coco	ELECTRONIC
el debarge	El DeBarge	RNB
elastica	Elastica	POP,ROCK
electric boys	Electric Boys	ROCK,RNB,METAL
electric indian	The Electric Indian	OTHER
electric light orchestra	Electric Light Orchestra	POP,ROCK,FOLK
electric prunes	The Electric Prunes	POP,ROCK,PUNK,FOLK
electronic	Electronic	POP,ROCK,ELECTRONIC
elephant man	Elephant Man	ELECTRONIC
elgins	The Elgins	POP,RNB
eli young band	Eli Young Band	ROCK,COUNTRY
elisa fiorillo	Elisa Fiorillo	OTHER
ella fitzgerald	Ella Fitzgerald	POP,RNB,JAZZ
ella henderson	Ella Henderson	POP,ELECTRONIC
ella mai	Ella Mai	POP,HIP_HOP,RNB
ella washington	Ella Washington	RNB
elle king	Elle King	POP
ellen foley	Ellen Foley	OTHER
ellen page	Ellen Page	OTHER
elley duhe	Elley Duhé	POP
ellie goulding	Ellie Goulding	POP,ELECTRONIC
elliott yamin	Elliott Yamin	OTHER
elmo and patsy	Elmo & Patsy	OTHER
eloise laws	Eloise Laws	RNB
elton john	Elton John	POP,ROCK
elvin bishop	Elvin Bishop	ROCK,RNB,COUNTRY
elvis costello	Elvis Costello	POP,ROCK,ELECTRONIC,FOLK
elvis costello and the attractions	Elvis Costello & The Attractions	POP,ROCK,ELECTRONIC,FOLK
elvis crespo	Elvis Crespo	LATIN
elvis presley	Elvis Presley	ROCK
emblem3	Emblem3	POP
emeli sande	Emeli Sandé	POP,RNB
emerson drive	Emerson Drive	COUNTRY
emerson lake and palmer	Emerson, Lake & Palmer	ROCK,JAZZ
emerson lake and powell	Emerson, Lake & Powell	ROCK
emf	EMF	POP
emilia	Emilia	OTHER
emily warren	Emily Warren	POP
eminem	Eminem	HIP_HOP,RNB
emitt rhodes	Emitt Rhodes	POP,ROCK,COUNTRY,FOLK
emmylou harris	Emmylou Harris	POP,ROCK,COUNTRY,FOLK
emotions	The Emotions	POP,RNB,ELECTRONIC
empire cast	Empire Cast	RNB
empire of the sun	Empire of the Sun	POP,ROCK,ELECTRONIC,PUNK
empress of	Empress Of	POP,ROCK,RNB,ELECTRONIC
en vogue	En Vogue	POP,RNB
enchanters	The Enchanters	OTHER
enchantment	Enchantment	RNB
engelbert humperdinck	Engelbert Humperdinck	POP
england dan and john ford coley	England Dan & John Ford Coley	POP
enigma	Enigma	ELECTRONIC
enrique iglesias	Enrique Iglesias	POP,LATIN
entouch	Entouch	OTHER
enuff z nuff	Enuff Z'Nuff	POP,ROCK,METAL
enya	Enya	OTHER
ephraim lewis	Ephraim Lewis	OTHER
epmd	EPMD	HIP_HOP,PUNK
equals	The Equals	POP,ROCK
erasure	Erasure	POP,ROCK,ELECTRONIC
eria fachin	Eria Fachin	OTHER
eric b and rakim	Eric B. & Rakim	HIP_HOP,PUNK
eric benet	Eric Benét	RNB
eric burdon	Eric Burdon	ROCK,RNB
eric burdon and the animals	Eric Burdon & the Animals	ROCK,FOLK
eric carmen	Eric Carmen	POP,ROCK,ELECTRONIC,FOLK
eric church	Eric Church	COUNTRY
eric clapton	Eric Clapton	POP,ROCK,RNB
eric heatherly	Eric Heatherly	COUNTRY
eric hine	Eric Hine	OTHER
eric martin	Eric Martin	OTHER
eric paslay	Eric Paslay	COUNTRY
eric turner	Eric Turner	OTHER
eric weissberg	Eric Weissberg	OTHER
erick sermon	Erick Sermon	HIP_HOP,PUNK
erma franklin	Erma Franklin	RNB
eruption	Eruption	POP,ELECTRONIC
erykah badu	Erykah Badu	POP,HIP_HOP,RNB
escape club	The Escape Club	OTHER
esquires	The Esquires	RNB
estelle	Estelle	RNB
ester dean	Ester Dean	OTHER
esther phillips	Esther Phillips	RNB
esthero	Esthero	ELECTRONIC
eternal	Eternal	POP,ELECTRONIC
eternity s children	Eternity's Children	POP
etta james	Etta James	POP,RNB,JAZZ
euclid beach band	The Euclid Beach Band	OTHER
eugene wilde	Eugene Wilde	RNB,ELECTRONIC
eurogliders	Eurogliders	ROCK
europe	Europe	ROCK,METAL
eurythmics	Eurythmics	POP,ROCK,ELECTRONIC
eva simons	Eva Simons	POP
evan and jaron	Evan And Jaron	POP
evanescence	Evanescence	ROCK,METAL
eve	Eve	POP,HIP_HOP,RNB
eve 6	Eve 6	POP,ROCK,PUNK,METAL
evelyn champagne king	Evelyn "Champagne" King	RNB,ELECTRONIC
evelyn thomas	Evelyn Thomas	ELECTRONIC
everclear	Everclear	POP,ROCK,PUNK,METAL
everlast	Everlast	HIP_HOP
everly brothers	The Everly Brothers	POP,ROCK,FOLK
everything	Everything	OTHER
everything but the girl	Everything But The Girl	POP,ELECTRONIC
evie sands	Evie Sands	OTHER
ex girlfriend	Ex-Girlfriend	OTHER
exciters	The Exciters	POP,RNB
exile	Exile	OTHER
expose	Exposé	POP
extreme	Extreme	ROCK,METAL
eydie gorme	Eydie Gormé	POP
eye to eye	Eye To Eye	POP
f l y fast life yungstaz	F.L.Y. (Fast Life Yungstaz)	OTHER
f r david	F.R. David	ELECTRONIC
fabolous	Fabolous	POP,HIP_HOP,RNB,PUNK
fabulous poodles	The Fabulous Poodles	OTHER
fabulous thunderbirds	The Fabulous Thunderbirds	ROCK,RNB,COUNTRY
face to face	Face To Face	OTHER
faces	Faces	POP,ROCK,RNB,COUNTRY,PUNK,FOLK
fairground attraction	Fairground Attraction	POP
faith band	Faith Band	OTHER
faith evans	Faith Evans	POP,HIP_HOP,RNB
faith hill	Faith Hill	POP,COUNTRY
faith hope and charity	Faith, Hope & Charity	ELECTRONIC
faith no more	Faith No More	ROCK,HIP_HOP,RNB,METAL
faithless	Faithless	ELECTRONIC
falco	Falco	POP,ROCK
fall out boy	Fall Out Boy	ROCK,PUNK,EMO
family	The Family	OTHER
famous dex	Famous Dex	HIP_HOP
fancy	Fancy	OTHER
fanny	Fanny	OTHER
fantasia	Fantasia	POP,RNB
fantastic four	The Fantastic Four	RNB
fantastic johnny c	Fantastic Johnny C	RNB
fantastics	The Fantastics	OTHER
far corporation	Far Corporation	OTHER
far east movement	Far East Movement	POP,HIP_HOP,ELECTRONIC
farm	The Farm	POP
faron young	Faron Young	COUNTRY
farruko	Farruko	HIP_HOP,LATIN
fastball	Fastball	POP,ROCK
faster pussycat	Faster Pussycat	ROCK,METAL
fat boys	Fat Boys	HIP_HOP,ELECTRONIC
fat joe	Fat Joe	POP,HIP_HOP,PUNK
fat pat	Fat Pat	HIP_HOP
fatboy slim	Fatboy Slim	ELECTRONIC
fats domino	Fats Domino	POP,ROCK,RNB
faydee	Faydee	POP
feargal sharkey	Feargal Sharkey	POP
fefe dobson	Fefe Dobson	POP
feist	Feist	POP,ROCK,FOLK,CLASSICAL
felice taylor	Felice Taylor	OTHER
felony	Felony	OTHER
fergie	Fergie	POP,HIP_HOP
fern kinney	Fern Kinney	OTHER
ferrante and teicher	Ferrante & Teicher	POP
ferras	Ferras	POP
festival	The Festival	OTHER
fetty wap	Fetty Wap	POP,HIP_HOP
fever tree	Fever Tree	ROCK
field mob	Field Mob	POP,HIP_HOP
fiend	Fiend	HIP_HOP
fifth estate	The Fifth Estate	POP,ROCK
fifth harmony	Fifth Harmony	POP
figures on a beach	Figures On A Beach	POP
filter	Filter	POP,ROCK,HIP_HOP,METAL
finatticz	Finatticz	OTHER
fine young cannibals	Fine Young Cannibals	POP,ROCK,ELECTRONIC
finger eleven	Finger Eleven	ROCK,HIP_HOP,METAL
fiona	Fiona	OTHER
fiona apple	Fiona Apple	POP,ROCK,FOLK,CLASSICAL
fire inc	Fire Inc.	OTHER
fireballs	The Fireballs	OTHER
firefall	Firefall	POP,ROCK,COUNTRY,FOLK
firehouse	Firehouse	ROCK,METAL
firm	The Firm	OTHER
first choice	First Choice	RNB,ELECTRONIC
first class	The First Class	OTHER
first edition	The First Edition	OTHER
first national band	The First National Band	OTHER
fitz and the tantrums	Fitz and The Tantrums	POP,ROCK
five	Five	POP,ELECTRONIC
five americans	The Five Americans	POP,ROCK
five finger death punch	Five Finger Death Punch	ROCK,METAL
five flights up	Five Flights Up	OTHER
five for fighting	Five For Fighting	POP,ROCK
five man electrical band	Five Man Electrical Band	ROCK
five satins	The Five Satins	POP,ROCK,RNB
five special	Five Special	ELECTRONIC
five stairsteps	The Five Stairsteps	RNB
five star	Five Star	POP
fixx	The Fixx	POP,ROCK,ELECTRONIC
flame	The Flame	OTHER
flaming ember	Flaming Ember	OTHER
flaming lips	The Flaming Lips	POP,ROCK,FOLK
flamingos	The Flamingos	POP,RNB
flash	Flash	OTHER
flash and the pan	Flash and the Pan	ROCK
flash cadillac and the continental kids	Flash Cadillac & The Continental Kids	OTHER
flatt and scruggs	Flatt & Scruggs	COUNTRY,FOLK
fleetwood mac	Fleetwood Mac	POP,ROCK
fleetwoods	The Fleetwoods	POP,ROCK,RNB
flex	Flex	OTHER
flipmode squad	Flipmode Squad	HIP_HOP,PUNK
flipp dinero	Flipp Dinero	HIP_HOP
flirtations	The Flirtations	RNB
flo rida	Flo Rida	POP,HIP_HOP,ELECTRONIC
floaters	The Floaters	RNB
flobots	Flobots	HIP_HOP
floetry	Floetry	POP,HIP_HOP,RNB
florence the machine	Florence + The Machine	POP,CLASSICAL
florence welch	Florence Welch	POP
florida georgia line	Florida Georgia Line	COUNTRY
floyd cramer	Floyd Cramer	POP,COUNTRY
flume	Flume	POP,ROCK,ELECTRONIC
flying lizards	The Flying Lizards	ELECTRONIC,PUNK
flying machine	Flying Machine	OTHER
flyleaf	Flyleaf	ROCK,HIP_HOP,EMO,METAL
fmob	Fmob	OTHER
focus	Focus	POP,ROCK,JAZZ
foghat	Foghat	POP,ROCK,RNB,COUNTRY
fontane sisters	The Fontane Sisters	POP
fontella bass	Fontella Bass	POP,RNB
foo fighters	Foo Fighters	ROCK,METAL
fools	The Fools	OTHER
for king and country	for KING & COUNTRY	ROCK
for real	For Real	RNB
force m d s	Force M.D.'s	RNB,ELECTRONIC
foreigner	Foreigner	POP,ROCK
forest rangers	The Forest Rangers	ROCK
formations	The Formations	OTHER
fort minor	Fort Minor	HIP_HOP,METAL
fortune	Fortune	OTHER
fortunes	The Fortunes	POP,ROCK,FOLK
foster sylvers	Foster Sylvers	OTHER
foster the people	Foster The People	POP,ROCK
fotomaker	Fotomaker	POP
foundations	The Foundations	POP,RNB,FOLK
fountains of wayne	Fountains Of Wayne	POP,ROCK
four aces	The Four Aces	POP
four jacks and a jill	Four Jacks And a Jill	OTHER
four lads	The Four Lads	POP
four preps	The Four Preps	POP,RNB
four tops	Four Tops	POP,RNB,ELECTRONIC,FOLK
fox	Fox	OTHER
foxes	Foxes	POP,ELECTRONIC
foxx	Foxx	HIP_HOP
foxy	Foxy	RNB,ELECTRONIC
foxy brown	Foxy Brown	POP,HIP_HOP,RNB,PUNK
framing hanley	Framing Hanley	ROCK,HIP_HOP,EMO,METAL
france joli	France Joli	ELECTRONIC
francesca battistelli	Francesca Battistelli	ROCK
francis lai	Francis Lai	POP,ELECTRONIC,SOUNDTRACK
frank devol	Frank DeVol	POP
frank gallop	Frank Gallop	OTHER
frank ifield	Frank Ifield	POP,ROCK,COUNTRY
frank lucas	Frank Lucas	OTHER
frank mills	Frank Mills	OTHER
frank ocean	Frank Ocean	POP,HIP_HOP,RNB
frank sinatra	Frank Sinatra	POP
frank stallone	Frank Stallone	POP
frank zappa	Frank Zappa	ROCK,PUNK,JAZZ
frankee	Frankee	OTHER
frankie avalon	Frankie Avalon	POP,ROCK,RNB
frankie ballard	Frankie Ballard	COUNTRY
frankie beverly	Frankie Beverly	RNB
frankie goes to hollywood	Frankie Goes To Hollywood	POP,ROCK,ELECTRONIC
frankie j	Frankie J	POP,RNB
frankie karl and the dreams	Frankie Karl & The Dreams	OTHER
frankie miller	Frankie Miller	OTHER
frankie smith	Frankie Smith	RNB,ELECTRONIC
frankie valli	Frankie Valli	POP,FOLK
frannie golde	Frannie Golde	OTHER
franz ferdinand	Franz Ferdinand	ROCK,ELECTRONIC,PUNK
fratellis	The Fratellis	ROCK,PUNK
fray	The Fray	POP,ROCK
freak nasty	Freak Nasty	HIP_HOP
fred hammond	Fred Hammond	OTHER
fred hughes	Fred Hughes	RNB
fred schneider	Fred Schneider	OTHER
fred wesley and the j b s	Fred Wesley & The J.B.'s	RNB
freda payne	Freda Payne	RNB
freddie and the dreamers	Freddie & The Dreamers	POP,ROCK
freddie hart	Freddie Hart	COUNTRY
freddie jackson	Freddie Jackson	RNB,ELECTRONIC
freddie mercury	Freddie Mercury	ROCK
freddie north	Freddie North	RNB
freddie scott	Freddie Scott	RNB
freddy cannon	Freddy Cannon	POP,ROCK,RNB
freddy fender	Freddy Fender	POP,COUNTRY
frederick knight	Frederick Knight	RNB
free	Free	POP,ROCK,RNB,FOLK
freedom williams	Freedom Williams	ELECTRONIC
freedy johnston	Freedy Johnston	POP
freeway	Freeway	HIP_HOP,PUNK
french montana	French Montana	POP,HIP_HOP
frenship	FRENSHIP	POP,ROCK,ELECTRONIC
frente	Frente!	ROCK
freshlyground	Freshlyground	POP
frida	Frida	POP
friend and lover	Friend & Lover	POP
friends of distinction	The Friends Of Distinction	RNB
frijid pink	Frijid Pink	ROCK,RNB
frost	Frost	HIP_HOP
fruit de la passion	Fruit De La Passion	OTHER
fu schnickens	FU-Schnickens	HIP_HOP,PUNK
fuel	Fuel	POP,ROCK,HIP_HOP,METAL
fugees	Fugees	HIP_HOP
full force	Full Force	RNB,ELECTRONIC
fun	fun.	POP,ROCK,HIP_HOP,CLASSICAL
fun factory	Fun Factory	POP,ELECTRONIC
fundisha	Fundisha	OTHER
funkadelic	Funkadelic	ROCK,RNB
funkdoobiest	Funkdoobiest	HIP_HOP,PUNK
funkmaster flex	Funkmaster Flex	HIP_HOP,PUNK
funky kings	Funky Kings	OTHER
fuse odg	Fuse ODG	POP,ELECTRONIC
future	Future	POP,HIP_HOP
futuristic	Futuristic	HIP_HOP
fuzz	The Fuzz	RNB
g eazy	G-Eazy	POP,HIP_HOP
g herbo	G Herbo	HIP_HOP
g q	G.Q.	RNB,ELECTRONIC
g unit	G-Unit	HIP_HOP,PUNK
g wiz	G-Wiz	OTHER
gabrielle	Gabrielle	POP,RNB
galantis	Galantis	POP,ELECTRONIC
gale garnett	Gale Garnett	FOLK
gallagher and lyle	Gallagher And Lyle	POP
gallery	Gallery	POP
game	The Game	HIP_HOP
gamma	Gamma	OTHER
gang starr	Gang Starr	HIP_HOP,PUNK
gants	The Gants	ROCK
gap band	The Gap Band	RNB,ELECTRONIC
garbage	Garbage	POP,ROCK,ELECTRONIC
gardner cole	Gardner Cole	OTHER
garland green	Garland Green	RNB
garland jeffreys	Garland Jeffreys	ROCK
garnet mimms	Garnet Mimms	RNB
garnet mimms and the enchanters	Garnet Mimms & The Enchanters	RNB
gary allan	Gary Allan	COUNTRY
gary barlow	Gary Barlow	POP
gary criss	Gary Criss	ELECTRONIC
gary glitter	Gary Glitter	OTHER
gary lewis and the playboys	Gary Lewis & The Playboys	POP,ROCK,FOLK
gary moore	Gary Moore	ROCK,RNB
gary numan	Gary Numan	POP,ROCK,ELECTRONIC,PUNK
gary puckett	Gary Puckett	OTHER
gary puckett and the union gap	Gary Puckett & The Union Gap	POP,ROCK,FOLK
gary s gang	Gary's Gang	ELECTRONIC
gary toms empire	Gary Toms Empire	OTHER
gary u s bonds	Gary U.S. Bonds	RNB
gary wright	Gary Wright	POP,ROCK,COUNTRY
gavin christopher	Gavin Christopher	OTHER
gavin degraw	Gavin DeGraw	POP
gemini	Gemini	OTHER
gene and debbe	Gene & Debbe	OTHER
gene autry	Gene Autry	POP,COUNTRY
gene chandler	Gene Chandler	POP,RNB
gene cotton	Gene Cotton	OTHER
gene loves jezebel	Gene Loves Jezebel	POP,ROCK,ELECTRONIC
gene mcdaniels	Gene McDaniels	OTHER
gene pitney	Gene Pitney	POP,ROCK,FOLK
gene redding	Gene Redding	OTHER
gene simmons	Gene Simmons	ROCK,METAL
gene thomas	Gene Thomas	POP
general larry platt	General Larry Platt	OTHER
genesis	Genesis	POP,ROCK
gente de zona	Gente De Zona	POP,HIP_HOP,LATIN
gentrys	The Gentrys	POP
genya ravan	Genya Ravan	OTHER
george baker selection	George Baker Selection	POP
george benson	George Benson	POP,RNB,ELECTRONIC,JAZZ
george burns	George Burns	OTHER
george clinton	George Clinton	RNB
george duke	George Duke	RNB,JAZZ
george ezra	George Ezra	POP,FOLK
george harrison	George Harrison	POP,ROCK,FOLK
george jones	George Jones	COUNTRY
george lamond	George Lamond	OTHER
george martin	George Martin	OTHER
george mccrae	George McCrae	RNB,ELECTRONIC
george michael	George Michael	POP,ELECTRONIC
george strait	George Strait	COUNTRY
george thorogood and the destroyers	George Thorogood & The Destroyers	POP,ROCK,RNB
georgia satellites	The Georgia Satellites	ROCK,RNB,COUNTRY
georgie fame	Georgie Fame	POP,ROCK,RNB,JAZZ
georgie fame and the blue flames	Georgie Fame & The Blue Flames	ROCK,RNB
georgio	Georgio	OTHER
gerald levert	Gerald Levert	RNB
gerry and the pacemakers	Gerry & The Pacemakers	POP,ROCK,FOLK
gerry rafferty	Gerry Rafferty	POP,ROCK,COUNTRY,FOLK
gesaffelstein	Gesaffelstein	ELECTRONIC
gestures	The Gestures	OTHER
get wet	Get Wet	ELECTRONIC
geto boys	Geto Boys	HIP_HOP,RNB,PUNK
ghostface killah	Ghostface Killah	HIP_HOP,PUNK
giant	GIANT	ROCK,METAL
gibson brothers	The Gibson Brothers	ELECTRONIC
gidea park	Gidea Park	OTHER
giggles	Giggles	OTHER
giggs	Giggs	HIP_HOP
gilbert o sullivan	Gilbert O'Sullivan	POP,ELECTRONIC,FOLK
gillette	Gillette	OTHER
gin blossoms	Gin Blossoms	POP,ROCK
gina g	Gina G	POP,ELECTRONIC
gina thompson	Gina Thompson	POP
ginger baker s air force	Ginger Baker's Air Force	JAZZ
ginny arnell	Ginny Arnell	OTHER
gino soccio	Gino Soccio	ELECTRONIC
gino vannelli	Gino Vannelli	POP,ROCK
ginuwine	Ginuwine	POP,HIP_HOP,RNB
giorgio moroder	Giorgio Moroder	ELECTRONIC
girlfriends	The Girlfriends	OTHER
giuffria	Giuffria	OTHER
gladys knight	Gladys Knight	RNB
gladys knight and the pips	Gladys Knight & The Pips	POP,RNB,ELECTRONIC
glass animals	Glass Animals	POP,ROCK
glass bottle	The Glass Bottle	OTHER
glass house	Glass House	OTHER
glass moon	Glass Moon	OTHER
glass tiger	Glass Tiger	POP,ROCK
glee cast	Glee Cast	POP,SOUNDTRACK
glen campbell	Glen Campbell	POP,COUNTRY,FOLK
glenn frey	Glenn Frey	POP,ROCK,FOLK
glenn jones	Glenn Jones	OTHER
glenn lewis	Glenn Lewis	POP,RNB
glenn medeiros	Glenn Medeiros	POP
glenn yarbrough	Glenn Yarbrough	FOLK
glitter band	The Glitter Band	OTHER
gloria estefan	Gloria Estefan	POP,LATIN
gloria estefan and miami sound machine	Gloria Estefan And Miami Sound Machine	OTHER
gloria gaynor	Gloria Gaynor	ELECTRONIC
gloria loring	Gloria Loring	OTHER
gloria lynne	Gloria Lynne	OTHER
gloriana	Gloriana	COUNTRY
gnarls barkley	Gnarls Barkley	HIP_HOP,RNB
gnash	gnash	POP
go go s	The Go-Go's	POP,ROCK,ELECTRONIC
go west	Go West	POP,ROCK,ELECTRONIC
goanna	Goanna	ROCK
godley and creme	Godley & Creme	POP
godsmack	Godsmack	ROCK,HIP_HOP,METAL
golden earring	Golden Earring	POP,ROCK
goldlink	GoldLink	HIP_HOP,RNB
gonzalez	Gonzalez	RNB
goo goo dolls	The Goo Goo Dolls	POP,ROCK
good charlotte	Good Charlotte	POP,ROCK,PUNK,METAL
goodees	The Goodees	OTHER
goodie mob	Goodie Mob	HIP_HOP,PUNK
goodies	The Goodies	OTHER
goodmen	The Goodmen	OTHER
goody goody	Goody Goody	ELECTRONIC
goonrock	GoonRock	OTHER
goose creek symphony	Goose Creek Symphony	OTHER
gordon lightfoot	Gordon Lightfoot	POP,ROCK,COUNTRY,FOLK
gorilla zoe	Gorilla Zoe	HIP_HOP
gorillaz	Gorillaz	POP,HIP_HOP
gorky park	Gorky Park	ROCK
gotti	Gotti	OTHER
gotye	Gotye	POP
gq	GQ	OTHER
grace	Grace	RNB
grace jones	Grace Jones	POP,ROCK,ELECTRONIC
grace phipps	Grace Phipps	OTHER
grace potter	Grace Potter	OTHER
grace potter and the nocturnals	Grace Potter & The Nocturnals	POP,RNB
grace slick	Grace Slick	ROCK
grady tate	Grady Tate	OTHER
graham central station	Graham Central Station	RNB
graham nash	Graham Nash	POP,ROCK,COUNTRY,FOLK
graham parker	Graham Parker	POP,ROCK,COUNTRY,FOLK
graham parker and the rumour	Graham Parker & The Rumour	POP,ROCK
grand funk railroad	Grand Funk Railroad	POP,ROCK,RNB,FOLK
grand puba	Grand Puba	HIP_HOP,PUNK
grandmaster flash	Grandmaster Flash	HIP_HOP,ELECTRONIC
grandmaster slice	Grandmaster Slice	ELECTRONIC
granger smith	Granger Smith	COUNTRY
grapefruit	Grapefruit	ROCK
grass roots	The Grass Roots	POP,ROCK,RNB,COUNTRY,FOLK
grateful dead	Grateful Dead	ROCK,FOLK
gravediggaz	Gravediggaz	HIP_HOP,PUNK
gravity kills	Gravity Kills	ROCK,METAL
grayson hugh	Grayson Hugh	OTHER
great white	Great White	ROCK,METAL
greatest showman ensemble	The Greatest Showman Ensemble	SOUNDTRACK
green day	Green Day	ROCK,PUNK
green jelly	Green Jelly	METAL
greenwood county singers	The Greenwood County Singers	OTHER
greg bates	Greg Bates	COUNTRY
greg kihn	Greg Kihn	OTHER
greg kihn band	The Greg Kihn Band	ROCK
greg lake	Greg Lake	ROCK
gregg allman	Gregg Allman	POP,ROCK,RNB,COUNTRY,FOLK
gregg allman band	The Gregg Allman Band	ROCK,RNB,COUNTRY
gregory abbott	Gregory Abbott	OTHER
gregory brothers	The Gregory Brothers	POP
gretchen wilson	Gretchen Wilson	COUNTRY
grey	Grey	POP
grin	Grin	OTHER
groove theory	Groove Theory	RNB
group home	Group Home	HIP_HOP,PUNK
grouplove	Grouplove	POP,ROCK
grover washington jr	Grover Washington, Jr.	RNB,JAZZ
gs boyz	GS Boyz	HIP_HOP
gtr	GTR	ROCK
gucci mane	Gucci Mane	POP,HIP_HOP
guerilla black	Guerilla Black	HIP_HOP
guess who	The Guess Who	POP,ROCK,RNB,COUNTRY,FOLK
gunna	Gunna	HIP_HOP
guns n roses	Guns N' Roses	ROCK,METAL
guy	Guy	POP,HIP_HOP,RNB
guy marks	Guy Marks	OTHER
guy sebastian	Guy Sebastian	POP
gwen guthrie	Gwen Guthrie	RNB,ELECTRONIC
gwen mccrae	Gwen McCrae	RNB,ELECTRONIC
gwen stefani	Gwen Stefani	POP
gwyneth paltrow	Gwyneth Paltrow	OTHER
gym class heroes	Gym Class Heroes	POP,HIP_HOP,PUNK,EMO
gyptian	Gyptian	HIP_HOP,ELECTRONIC
gza	GZA	HIP_HOP,PUNK
h e r	H.E.R.	POP
h town	H-Town	POP,RNB
haddaway	Haddaway	POP,ELECTRONIC
hadouken	Hadouken!	ELECTRONIC,PUNK
hagar schon aaronson shrieve	Hagar Schon Aaronson Shrieve	OTHER
hagood hardy	Hagood Hardy	SOUNDTRACK
hailee steinfeld	Hailee Steinfeld	POP,ELECTRONIC
haim	HAIM	POP,ROCK,ELECTRONIC
halsey	Halsey	POP
hamilton	Hamilton	OTHER
hamilton camp	Hamilton Camp	FOLK
hamilton joe frank and reynolds	Hamilton, Joe Frank & Reynolds	POP
hank jacobs	Hank Jacobs	OTHER
hank williams jr	Hank Williams, Jr.	COUNTRY
hannah jones	Hannah Jones	ELECTRONIC
hannah montana	Hannah Montana	POP
hanson	Hanson	POP
happenings	The Happenings	POP,ROCK
happy mondays	Happy Mondays	POP,ROCK,ELECTRONIC
harden trio	The Harden Trio	OTHER
hardtimes	Hardtimes	OTHER
harlem community choir	The Harlem Community Choir	OTHER
harlow wilcox	Harlow Wilcox	OTHER
harold faltermeyer	Harold Faltermeyer	POP,SOUNDTRACK
harold melvin	Harold Melvin	RNB
harold melvin and the blue notes	Harold Melvin & The Blue Notes	RNB,ELECTRONIC
harpers bizarre	Harpers Bizarre	POP,FOLK
harry chapin	Harry Chapin	POP,FOLK
harry connick jr	Harry Connick, Jr.	POP,JAZZ
harry styles	Harry Styles	POP
harvey scales	Harvey Scales	OTHER
havana brown	Havana Brown	POP,ELECTRONIC
hawks	The Hawks	OTHER
hayley kiyoko	Hayley Kiyoko	POP
hayley williams	Hayley Williams	OTHER
haysi fantayzee	Haysi Fantayzee	OTHER
head east	Head East	POP,ROCK,COUNTRY
headboys	The Headboys	ROCK
headpins	Headpins	ROCK
heart	Heart	POP,ROCK
heartland	Heartland	OTHER
heartsfield	Heartsfield	ROCK
heather b	Heather B	HIP_HOP,PUNK
heather headley	Heather Headley	RNB
heatwave	Heatwave	RNB,ELECTRONIC
heaven 17	Heaven 17	POP,ROCK,ELECTRONIC
heavy d	Heavy D	RNB
heavy d and the boyz	Heavy D & The Boyz	POP,HIP_HOP,RNB,ELECTRONIC,PUNK
hedgehoppers anonymous	Hedgehoppers Anonymous	ROCK
heidi newfield	Heidi Newfield	COUNTRY
heights	The Heights	OTHER
helen reddy	Helen Reddy	POP,FOLK
hellogoodbye	Hellogoodbye	POP,ROCK,PUNK,EMO
heltah skeltah	Heltah Skeltah	HIP_HOP,PUNK
henry gross	Henry Gross	OTHER
henry lee summer	Henry Lee Summer	ROCK
henry mancini	Henry Mancini	POP,SOUNDTRACK
henry paul band	Henry Paul Band	ROCK
henson cargill	Henson Cargill	COUNTRY
herb alpert	Herb Alpert	POP,JAZZ
herb alpert and the tijuana brass	Herb Alpert & The Tijuana Brass	POP
herbie hancock	Herbie Hancock	RNB,JAZZ
herbie mann	Herbie Mann	RNB,JAZZ,LATIN
herman s hermits	Herman's Hermits	POP,ROCK,FOLK
hey violet	Hey Violet	POP
hezekiah walker	Hezekiah Walker	OTHER
hi c	Hi-C	HIP_HOP,RNB
hi five	Hi-Five	POP,RNB
hi tek 3	Hi Tek 3	OTHER
high inergy	High Inergy	RNB
high school musical cast	High School Musical Cast	POP,SOUNDTRACK
high valley	High Valley	COUNTRY
hilary duff	Hilary Duff	POP
hillsong united	Hillsong UNITED	OTHER
him	HIM	METAL
hinder	Hinder	POP,ROCK,HIP_HOP,METAL
hipsway	Hipsway	ROCK,ELECTRONIC
hit masters	Hit Masters	OTHER
hitman sammy sam	Hitman Sammy Sam	OTHER
hives	The Hives	ROCK,ELECTRONIC,PUNK
hoku	Hoku	POP
hole	Hole	POP,ROCK
holidays	The Holidays	OTHER
holland dozier	Holland-Dozier	RNB
hollies	The Hollies	POP,ROCK,FOLK
hollis	Hollis	OTHER
holly brook	Holly Brook	POP
holly johnson	Holly Johnson	POP
holly knight	Holly Knight	OTHER
hollywood stars	The Hollywood Stars	OTHER
hombres	The Hombres	ROCK
home team	The Home Team	OTHER
hondells	Hondells	OTHER
honey cone	Honey Cone	RNB
honeycombs	The Honeycombs	POP,ROCK
honeydrippers	The Honeydrippers	OTHER
honeymoon suite	Honeymoon Suite	POP,ROCK,METAL
hoobastank	Hoobastank	POP,ROCK,HIP_HOP,PUNK,METAL
hoodie allen	Hoodie Allen	POP,HIP_HOP
hooters	The Hooters	POP,ROCK
hootie and the blowfish	Hootie & The Blowfish	POP,ROCK
hopsin	Hopsin	HIP_HOP
horace brown	Horace Brown	RNB
horst jankowski	Horst Jankowski	POP
hot boys	Hot Boys	HIP_HOP
hot butter	Hot Butter	OTHER
hot chelle rae	Hot Chelle Rae	POP,HIP_HOP,PUNK
hot chocolate	Hot Chocolate	POP,RNB,ELECTRONIC
hot stylz	Hot Stylz	OTHER
hotel	Hôtel	OTHER
hotlegs	Hotlegs	POP
house of lords	House Of Lords	ROCK,METAL
house of pain	House Of Pain	HIP_HOP,PUNK
houston	Houston	OTHER
how i became the bomb	How I Became the Bomb	POP
howard hewett	Howard Hewett	RNB,ELECTRONIC
howard jones	Howard Jones	POP,ROCK,ELECTRONIC
howard tate	Howard Tate	RNB
howie day	Howie Day	POP
hoyt axton	Hoyt Axton	COUNTRY
hozier	Hozier	POP,FOLK
hudson and landry	Hudson & Landry	OTHER
hues corporation	Hues Corporation	ELECTRONIC
huey	Huey	HIP_HOP
huey lewis and the news	Huey Lewis & The News	POP,ROCK,ELECTRONIC,FOLK
hugh jackman	Hugh Jackman	SOUNDTRACK
hugh laurie	Hugh Laurie	OTHER
hugh masekela	Hugh Masekela	POP,JAZZ
hughes thrall	Hughes/Thrall	OTHER
hugo montenegro	Hugo Montenegro	POP,SOUNDTRACK
hullaballoos	The Hullaballoos	ROCK
human beinz	The Human Beinz	ROCK
human league	The Human League	POP,ROCK,ELECTRONIC
humble pie	Humble Pie	ROCK,RNB,COUNTRY,FOLK
huncho jack	Huncho Jack	POP,HIP_HOP
hunter hayes	Hunter Hayes	POP,COUNTRY
hurricane chris	Hurricane Chris	POP,HIP_HOP
hurricane smith	Hurricane Smith	POP
i 15	I-15	OTHER
i 20	I-20	HIP_HOP
i prevail	I Prevail	EMO,METAL
iamsu	Iamsu!	HIP_HOP
ian gomm	Ian Gomm	ROCK
ian hunter	Ian Hunter	POP,ROCK
ian lloyd	Ian Lloyd	OTHER
ian matthews	Ian Matthews	POP
ian thomas	Ian Thomas	OTHER
ian van dahl	Ian van Dahl	ELECTRONIC
ian whitcomb	Ian Whitcomb	ROCK
ian whitcomb and bluesville	Ian Whitcomb & Bluesville	OTHER
ice cube	Ice Cube	HIP_HOP,RNB,PUNK
ice t	Ice-T	HIP_HOP,ELECTRONIC,PUNK
icehouse	ICEHOUSE	POP,ROCK,ELECTRONIC
icicle works	The Icicle Works	POP,ROCK,ELECTRONIC
icona pop	Icona Pop	POP
iconz	Iconz	OTHER
ideal	Ideal	OTHER
ides of march	The Ides Of March	OTHER
idina menzel	Idina Menzel	SOUNDTRACK
idris muhammad	Idris Muhammad	RNB
iggy azalea	Iggy Azalea	POP,HIP_HOP
iggy pop	Iggy Pop	ROCK,ELECTRONIC,PUNK
ii d extreme	II D'Extreme	OTHER
ike and tina turner	Ike & Tina Turner	POP,RNB
ikettes	The Ikettes	POP
illenium	ILLENIUM	POP,ELECTRONIC
illusion	Illusion	OTHER
ilovememphis	iLoveMemphis	HIP_HOP
imagine dragons	Imagine Dragons	ROCK
imajin	Imajin	OTHER
imani coppola	Imani Coppola	POP
immature	Immature	RNB
impressions	The Impressions	POP,RNB
imx	IMx	OTHER
incredible bongo band	Incredible Bongo Band	RNB
incubus	Incubus	POP,ROCK,HIP_HOP,RNB,METAL
indecent obsession	Indecent Obsession	OTHER
independents	The Independents	OTHER
india arie	India.Arie	RNB
indigo girls	Indigo Girls	POP,FOLK
inez	Inez	OTHER
inez foxx	Inez Foxx	OTHER
infared	InfaRed	OTHER
information society	Information Society	POP,ROCK,ELECTRONIC
ingrid michaelson	Ingrid Michaelson	POP,ROCK,FOLK
inmates	The Inmates	POP,ROCK
inner circle	Inner Circle	OTHER
inner city	Inner City	ELECTRONIC,PUNK
innocence	The Innocence	OTHER
inoj	INOJ	POP
insane clown posse	Insane Clown Posse	HIP_HOP
instant funk	Instant Funk	RNB,ELECTRONIC
intonation featuring joee	Intonation Featuring Joee	OTHER
intrigues	The Intrigues	OTHER
intro	Intro	RNB
intruders	The Intruders	RNB,ELECTRONIC
invisible man s band	Invisible Man's Band	OTHER
inxs	INXS	POP,ROCK,RNB,ELECTRONIC
irene cara	Irene Cara	POP,ELECTRONIC
irish rovers	The Irish Rovers	FOLK
irma thomas	Irma Thomas	RNB
iron butterfly	Iron Butterfly	ROCK,RNB,FOLK
ironhorse	Ironhorse	OTHER
isaac hayes	Isaac Hayes	RNB,ELECTRONIC
isaiah rashad	Isaiah Rashad	HIP_HOP
isley brothers	The Isley Brothers	RNB,ELECTRONIC
isley jasper isley	Isley, Jasper, Isley	RNB
isyss	Isyss	POP
ivan neville	Ivan Neville	OTHER
iveys	The Iveys	OTHER
ivory	Ivory	OTHER
ivy league	The Ivy League	ROCK
iyaz	Iyaz	POP,HIP_HOP
j balvin	J Balvin	LATIN
j blackfoot	J. Blackfoot	RNB
j cole	J. Cole	HIP_HOP
j dash	J. Dash	HIP_HOP
j davi	J. Davi$	OTHER
j frank wilson and the cavaliers	J. Frank Wilson & The Cavaliers	OTHER
j geils band	The J. Geils Band	POP,ROCK,RNB,COUNTRY,FOLK
j holiday	J. Holiday	POP,HIP_HOP,RNB
j j barnes	J.J. Barnes	RNB
j j cale	J.J. Cale	POP,ROCK,RNB,FOLK
j j fad	J.J. Fad	HIP_HOP,ELECTRONIC
j j jackson	J.J. Jackson	OTHER
j kwon	J-Kwon	HIP_HOP
j shin	J-Shin	OTHER
ja rule	Ja Rule	POP,HIP_HOP,RNB
jacci mcghee	Jacci McGhee	OTHER
jack and jack	Jack & Jack	POP
jack blanchard and misty morgan	Jack Blanchard & Misty Morgan	OTHER
jack greene	Jack Greene	COUNTRY
jack ingram	Jack Ingram	COUNTRY
jack johnson	Jack Johnson	POP
jack jones	Jack Jones	POP,JAZZ
jack wagner	Jack Wagner	OTHER
jack white	Jack White	ROCK,RNB,PUNK
jackie deshannon	Jackie DeShannon	POP,ROCK,FOLK
jackie lee	Jackie Lee	OTHER
jackie moore	Jackie Moore	RNB,ELECTRONIC
jackie ross	Jackie Ross	RNB
jackie wilson	Jackie Wilson	POP,ROCK,RNB
jackie wilson and lavern baker	Jackie Wilson & LaVern Baker	OTHER
jackson 5	The Jackson 5	RNB
jackson browne	Jackson Browne	POP,ROCK,COUNTRY,FOLK
jacksons	The Jacksons	RNB,ELECTRONIC
jacob sartorius	Jacob Sartorius	POP
jacquees	Jacquees	POP,HIP_HOP,RNB
jadakiss	Jadakiss	POP,HIP_HOP,PUNK
jade	Jade	POP,RNB
jagged edge	Jagged Edge	POP,HIP_HOP,RNB
jaggerz	The Jaggerz	POP
jaheim	Jaheim	POP,RNB
jake holmes	Jake Holmes	OTHER
jake owen	Jake Owen	COUNTRY
jake paul	Jake Paul	OTHER
james	James	POP,ROCK,ELECTRONIC
james and bobby purify	James & Bobby Purify	RNB
james arthur	James Arthur	POP
james bay	James Bay	POP
james blake	James Blake	POP,ROCK,RNB
james blunt	James Blunt	POP
james boys	The James Boys	OTHER
james brown	James Brown	RNB
james brown and the famous flames	James Brown & The Famous Flames	RNB
james carr	James Carr	RNB
james darren	James Darren	POP
james gang	James Gang	POP,ROCK,RNB,COUNTRY,FOLK
james ingram	James Ingram	POP,RNB
james last	James Last	POP
james newton howard	James Newton Howard	SOUNDTRACK
james otto	James Otto	COUNTRY
james phelps	James Phelps	OTHER
james taylor	James Taylor	POP,ROCK,FOLK
james walsh gypsy band	James Walsh Gypsy Band	RNB
jamey johnson	Jamey Johnson	COUNTRY
jamie foxx	Jamie Foxx	POP,HIP_HOP,RNB
jamie o neal	Jamie O'Neal	COUNTRY
jamie walters	Jamie Walters	OTHER
jamiroquai	Jamiroquai	POP,JAZZ
jan and dean	Jan & Dean	POP,ROCK,RNB,FOLK
jan hammer	Jan Hammer	OTHER
jana kramer	Jana Kramer	COUNTRY
jane child	Jane Child	POP
jane morgan	Jane Morgan	POP
jane olivor	Jane Olivor	OTHER
jane s addiction	Jane's Addiction	ROCK,RNB,METAL
jane wiedlin	Jane Wiedlin	POP
janedear girls	the JaneDear girls	COUNTRY
janelle monae	Janelle Monáe	POP,HIP_HOP,RNB
janet jackson	Janet Jackson	POP,RNB
janey street	Janey Street	OTHER
janis ian	Janis Ian	POP,FOLK
janis joplin	Janis Joplin	ROCK,RNB,FOLK
jarmels	The Jarmels	RNB
jaron and the long road to love	Jaron And The Long Road To Love	COUNTRY
jars of clay	Jars Of Clay	ROCK
jason aldean	Jason Aldean	COUNTRY
jason derulo	Jason Derulo	POP,HIP_HOP
jason evigan	Jason Evigan	OTHER
jason michael carroll	Jason Michael Carroll	COUNTRY
jason mraz	Jason Mraz	POP
javier	Javier	OTHER
javier colon	Javier Colon	OTHER
jay and the americans	Jay & The Americans	POP,ROCK,RNB,FOLK
jay and the techniques	Jay & The Techniques	POP,RNB
jay black	Jay Black	OTHER
jay ferguson	Jay Ferguson	POP
jay rock	Jay Rock	HIP_HOP
jay sean	Jay Sean	POP,HIP_HOP,RNB
jay z	JAY Z	HIP_HOP
jayo felony	Jayo Felony	HIP_HOP,RNB
jazmine sullivan	Jazmine Sullivan	POP,RNB
jazz crusaders	The Jazz Crusaders	OTHER
jc chasez	JC Chasez	OTHER
jean beauvoir	Jean Beauvoir	OTHER
jean knight	Jean Knight	RNB
jean shepard	Jean Shepard	COUNTRY
jeanette baby washington	Jeanette Baby Washington	OTHER
jeanne pruett	Jeanne Pruett	COUNTRY
jeannie c riley	Jeannie C. Riley	COUNTRY
jeannie ortega	Jeannie Ortega	POP
jeannie seely	Jeannie Seely	COUNTRY
jeezy	Jeezy	HIP_HOP
jeff bates	Jeff Bates	COUNTRY
jeff beck	Jeff Beck	ROCK,RNB,JAZZ
jeff carson	Jeff Carson	COUNTRY
jeff foxworthy	Jeff Foxworthy	OTHER
jeff healey band	The Jeff Healey Band	ROCK,RNB
jeff lorber	Jeff Lorber	RNB,JAZZ
jeff lynne	Jeff Lynne	ROCK
jefferson	Jefferson	OTHER
jefferson airplane	Jefferson Airplane	ROCK,RNB,FOLK
jefferson starship	Jefferson Starship	POP,ROCK,COUNTRY,FOLK
jeffrey daniels	Jeffrey Daniels	OTHER
jeffrey osborne	Jeffrey Osborne	RNB,ELECTRONIC
jelly beans	The Jelly Beans	POP
jellybean	Jellybean	OTHER
jellyfish	Jellyfish	POP
jennifer hanson	Jennifer Hanson	COUNTRY
jennifer holliday	Jennifer Holliday	RNB
jennifer hudson	Jennifer Hudson	POP,RNB
jennifer lawrence	Jennifer Lawrence	OTHER
jennifer lopez	Jennifer Lopez	POP,HIP_HOP,RNB
jennifer love hewitt	Jennifer Love Hewitt	POP
jennifer paige	Jennifer Paige	POP
jennifer rush	Jennifer Rush	POP
jennifer warnes	Jennifer Warnes	POP,FOLK
jenny burton	Jenny Burton	OTHER
jeremih	Jeremih	POP,HIP_HOP,RNB
jeremy jordan	Jeremy Jordan	SOUNDTRACK
jermaine dupri	Jermaine Dupri	POP,HIP_HOP
jermaine jackson	Jermaine Jackson	RNB,ELECTRONIC
jermaine jd dupri	Jermaine "JD" Dupri	OTHER
jermaine paul	Jermaine Paul	OTHER
jermaine stewart	Jermaine Stewart	OTHER
jerrod niemann	Jerrod Niemann	COUNTRY
jerry butler	Jerry Butler	POP,RNB,ELECTRONIC
jerry garcia	Jerry Garcia	POP,ROCK,RNB,COUNTRY,FOLK
jerry jaye	Jerry Jaye	OTHER
jerry jeff walker	Jerry Jeff Walker	ROCK,COUNTRY,FOLK
jerry lee lewis	Jerry Lee Lewis	POP,ROCK,COUNTRY
jerry naylor	Jerry Naylor	OTHER
jerry reed	Jerry Reed	COUNTRY
jerry vale	Jerry Vale	POP,JAZZ,CLASSICAL
jerry wallace	Jerry Wallace	POP
jeru the damaja	Jeru The Damaja	HIP_HOP,PUNK
jess glynne	Jess Glynne	POP,ELECTRONIC
jesse mccartney	Jesse McCartney	POP
jesse powell	Jesse Powell	RNB
jesse winchester	Jesse Winchester	ROCK,COUNTRY,FOLK
jessi colter	Jessi Colter	COUNTRY
jessica andrews	Jessica Andrews	COUNTRY
jessica simpson	Jessica Simpson	POP
jessie j	Jessie J	POP,HIP_HOP
jessie reyez	Jessie Reyez	POP,RNB
jesus and mary chain	The Jesus and Mary Chain	POP,ROCK,ELECTRONIC,PUNK
jesus jones	Jesus Jones	POP
jet	Jet	ROCK
jethro tull	Jethro Tull	ROCK,RNB,FOLK
jets	The Jets	POP,RNB
jewel	Jewel	POP,ROCK,PUNK,FOLK
jewel akens	Jewel Akens	OTHER
jhene aiko	Jhene Aiko	POP,HIP_HOP,RNB
jibbs	Jibbs	HIP_HOP
jidenna	Jidenna	HIP_HOP
jigsaw	Jigsaw	POP
jill scott	Jill Scott	POP,HIP_HOP,RNB
jill sobule	Jill Sobule	POP,FOLK
jim and jean	Jim & Jean	OTHER
jim brickman	Jim Brickman	OTHER
jim capaldi	Jim Capaldi	RNB
jim croce	Jim Croce	POP,ROCK,FOLK
jim ed brown	Jim Ed Brown	COUNTRY
jim jones	Jim Jones	HIP_HOP,PUNK
jim messina	Jim Messina	POP
jim photoglo	Jim Photoglo	OTHER
jim reeves	Jim Reeves	POP,ROCK,COUNTRY
jim stafford	Jim Stafford	POP
jim steinman	Jim Steinman	OTHER
jim weatherly	Jim Weatherly	OTHER
jimi hendrix	Jimi Hendrix	ROCK,RNB
jimmie allen	Jimmie Allen	COUNTRY
jimmie rodgers	Jimmie Rodgers	POP
jimmy barnes	Jimmy Barnes	POP,ROCK
jimmy bo horne	Jimmy "Bo" Horne	ELECTRONIC
jimmy buffett	Jimmy Buffett	POP,FOLK
jimmy castor	Jimmy Castor	OTHER
jimmy castor bunch	The Jimmy Castor Bunch	RNB
jimmy cliff	Jimmy Cliff	OTHER
jimmy cozier	Jimmy Cozier	OTHER
jimmy cross	Jimmy Cross	OTHER
jimmy davis	Jimmy Davis	OTHER
jimmy dean	Jimmy Dean	COUNTRY
jimmy durante	Jimmy Durante	POP,JAZZ
jimmy eat world	Jimmy Eat World	POP,ROCK,PUNK
jimmy fallon	Jimmy Fallon	OTHER
jimmy gilmer and the fireballs	Jimmy Gilmer and the Fireballs	OTHER
jimmy holiday	Jimmy Holiday	RNB
jimmy hughes	Jimmy Hughes	RNB
jimmy james and the vagabonds	Jimmy James & The Vagabonds	OTHER
jimmy mccracklin	Jimmy McCracklin	RNB
jimmy mcgriff	Jimmy McGriff	RNB,JAZZ
jimmy page	Jimmy Page	ROCK,RNB
jimmy ray	Jimmy Ray	OTHER
jimmy roselli	Jimmy Roselli	OTHER
jimmy ruffin	Jimmy Ruffin	POP,RNB
jimmy ryser	Jimmy Ryser	OTHER
jimmy smith	Jimmy Smith	RNB,JAZZ
jimmy somerville	Jimmy Somerville	POP,ROCK,ELECTRONIC
jimmy velvet	Jimmy Velvet	OTHER
jimmy wayne	Jimmy Wayne	COUNTRY
jimmy witherspoon	Jimmy Witherspoon	RNB
jinny	Jinny	ELECTRONIC
jive bunny and the mastermixers	Jive Bunny and the Mastermixers	OTHER
jive five	The Jive Five	RNB
jo dee messina	Jo Dee Messina	COUNTRY
jo jo gunne	Jo Jo Gunne	OTHER
joan armatrading	Joan Armatrading	POP,FOLK
joan baez	Joan Baez	POP,FOLK
joan jett and the blackhearts	Joan Jett & The Blackhearts	ROCK
joan osborne	Joan Osborne	POP,FOLK
jocelyn brown	Jocelyn Brown	ELECTRONIC
jocelyn enriquez	Jocelyn Enriquez	OTHER
jodeci	Jodeci	POP,HIP_HOP,RNB
jody miller	Jody Miller	COUNTRY
jody watley	Jody Watley	POP,RNB,ELECTRONIC
joe	Joe	POP,RNB
joe bean esposito	Joe "Bean" Esposito	OTHER
joe budden	Joe Budden	HIP_HOP,PUNK
joe cocker	Joe Cocker	POP,ROCK,RNB,FOLK
joe cuba sextet	Joe Cuba Sextet	LATIN
joe diffie	Joe Diffie	COUNTRY
joe dolce	Joe Dolce	OTHER
joe fagin	Joe Fagin	OTHER
joe frank	Joe Frank	OTHER
joe hinton	Joe Hinton	OTHER
joe jackson	Joe Jackson	POP,ROCK,ELECTRONIC,FOLK
joe jeffrey group	Joe Jeffrey Group	OTHER
joe jonas	Joe Jonas	POP
joe nichols	Joe Nichols	COUNTRY
joe public	Joe Public	RNB
joe simon	Joe Simon	RNB
joe south	Joe South	POP,ROCK,FOLK
joe tex	Joe Tex	RNB
joe walsh	Joe Walsh	POP,ROCK,RNB,COUNTRY,FOLK
joel diamond	Joel Diamond	OTHER
joey bada	Joey Bada$$	HIP_HOP
joey galaxy	Joey Galaxy	OTHER
joey heatherton	Joey Heatherton	OTHER
joey kid	Joey Kid	OTHER
joey mcintyre	Joey McIntyre	OTHER
joey powers	Joey Powers	POP
joey scarbury	Joey Scarbury	POP
john anderson	John Anderson	COUNTRY
john baldry	John Baldry	OTHER
john barry	John Barry	SOUNDTRACK
john belushi	John Belushi	OTHER
john cafferty	John Cafferty	ROCK
john cafferty and the beaver brown band	John Cafferty & the Beaver Brown Band	ROCK
john davis and the monster orchestra	John Davis & The Monster Orchestra	ELECTRONIC
john denver	John Denver	POP,FOLK
john eddie	John Eddie	ROCK
john farnham	John Farnham	POP,ROCK
john fogerty	John Fogerty	POP,ROCK,RNB
john forte	John Forte	OTHER
john gary	John Gary	POP
john hall band	John Hall Band	OTHER
john handy	John Handy	JAZZ
john kay	John Kay	OTHER
john kongos	John Kongos	OTHER
john lee hooker	John Lee Hooker	ROCK,RNB
john legend	John Legend	POP,RNB
john lennon	John Lennon	POP,ROCK,FOLK
john lodge	John Lodge	OTHER
john martin	John Martin	POP
john mayall	John Mayall	ROCK,RNB
john mayer	John Mayer	POP,FOLK
john mayer trio	John Mayer Trio	RNB
john mellencamp	John Mellencamp	POP,ROCK,FOLK
john michael montgomery	John Michael Montgomery	COUNTRY
john miles	John Miles	POP
john newman	John Newman	POP,ELECTRONIC
john o banion	John O'Banion	OTHER
john parr	John Parr	POP,ROCK
john paul young	John Paul Young	POP,ROCK,ELECTRONIC
john phillips	John Phillips	COUNTRY,FOLK
john rich	John Rich	COUNTRY
john rowles	John Rowles	POP
john ryan	John Ryan	OTHER
john schneider	John Schneider	COUNTRY
john sebastian	John Sebastian	POP,FOLK
john stewart	John Stewart	OTHER
john taylor	John Taylor	OTHER
john travolta	John Travolta	SOUNDTRACK
john waite	John Waite	POP,ROCK
john williams	John Williams	SOUNDTRACK
johnnie taylor	Johnnie Taylor	RNB
johnny adams	Johnny Adams	RNB
johnny and the expressions	Johnny and the Expressions	OTHER
johnny average band	The Johnny Average Band	OTHER
johnny bond	Johnny Bond	COUNTRY
johnny bristol	Johnny Bristol	RNB,ELECTRONIC
johnny cash	Johnny Cash	COUNTRY
johnny crawford	Johnny Crawford	OTHER
johnny gill	Johnny Gill	RNB
johnny guitar watson	Johnny "Guitar" Watson	RNB
johnny hates jazz	Johnny Hates Jazz	POP,ROCK,ELECTRONIC
johnny kemp	Johnny Kemp	RNB
johnny lee	Johnny Lee	COUNTRY
johnny lytle	Johnny Lytle	HIP_HOP,RNB
johnny maestro	Johnny Maestro	POP,ROCK,RNB
johnny mann singers	The Johnny Mann Singers	OTHER
johnny mathis	Johnny Mathis	POP,JAZZ
johnny nash	Johnny Nash	POP
johnny o	Johnny O.	OTHER
johnny p	Johnny P	OTHER
johnny paycheck	Johnny Paycheck	COUNTRY
johnny rivers	Johnny Rivers	POP,ROCK,FOLK
johnny rodriguez	Johnny Rodriguez	COUNTRY
johnny sea	Johnny Sea	OTHER
johnny thunder	Johnny Thunder	OTHER
johnny tillotson	Johnny Tillotson	POP,ROCK,RNB
johnny wakelin	Johnny Wakelin	POP
johnny williams	Johnny Williams	RNB
johnny winter	Johnny Winter	ROCK,RNB
johnta austin	Johnta Austin	OTHER
joji	Joji	POP,RNB
jojo	JoJo	POP,RNB
jomanda	Jomanda	ELECTRONIC
jon and robin	Jon & Robin	OTHER
jon and vangelis	Jon & Vangelis	ROCK
jon b	Jon B.	POP,HIP_HOP,RNB
jon bellion	Jon Bellion	POP,ROCK,HIP_HOP
jon bon jovi	Jon Bon Jovi	ROCK
jon butcher axis	Jon Butcher Axis	OTHER
jon pardi	Jon Pardi	COUNTRY
jon secada	Jon Secada	POP
jonas blue	Jonas Blue	POP,ELECTRONIC
jonas brothers	Jonas Brothers	POP
jonathan butler	Jonathan Butler	JAZZ
jonathan edwards	Jonathan Edwards	POP,COUNTRY,FOLK
jonathan king	Jonathan King	POP,ROCK
jonell	Jonell	OTHER
jones girls	The Jones Girls	RNB,ELECTRONIC
joni mitchell	Joni Mitchell	POP,ROCK,FOLK
jonn hart	Jonn Hart	RNB
jordan davis	Jordan Davis	COUNTRY
jordan hill	Jordan Hill	OTHER
jordan knight	Jordan Knight	OTHER
jordan smith	Jordan Smith	POP
jordanaires	The Jordanaires	COUNTRY
jordin sparks	Jordin Sparks	POP,HIP_HOP,RNB
jorja smith	Jorja Smith	POP,RNB
jose feliciano	José Feliciano	LATIN
josey scott	Josey Scott	OTHER
josh gracin	Josh Gracin	COUNTRY
josh groban	Josh Groban	CLASSICAL
josh kelley	Josh Kelley	POP
josh thompson	Josh Thompson	COUNTRY
josh turner	Josh Turner	COUNTRY
joshua kadison	Joshua Kadison	OTHER
joshua radin	Joshua Radin	POP,ROCK,FOLK
josie cotton	Josie Cotton	OTHER
joss stone	Joss Stone	RNB
journey	Journey	POP,ROCK
joy of cooking	Joy Of Cooking	OTHER
joyner lucas	Joyner Lucas	HIP_HOP
jr walker and the all stars	Jr. Walker & The All Stars	POP,RNB
jt money	JT Money	HIP_HOP
juanes	Juanes	POP,ROCK,LATIN
jud strunk	Jud Strunk	OTHER
judas priest	Judas Priest	ROCK,METAL
jude cole	Jude Cole	POP
judy collins	Judy Collins	POP,FOLK
juelz santana	Juelz Santana	HIP_HOP,PUNK
juice newton	Juice Newton	POP,COUNTRY
juice wrld	Juice WRLD	HIP_HOP
juicy j	Juicy J	HIP_HOP
jules shear	Jules Shear	OTHER
julia michaels	Julia Michaels	POP
julian cope	Julian Cope	POP,ROCK,ELECTRONIC,PUNK,CLASSICAL
julian lennon	Julian Lennon	POP
juliana hatfield	Juliana Hatfield	POP,ROCK
julianne hough	Julianne Hough	COUNTRY,SOUNDTRACK
julie roberts	Julie Roberts	COUNTRY
julie rogers	Julie Rogers	OTHER
juliet roberts	Juliet Roberts	ELECTRONIC
juliet simms	Juliet Simms	OTHER
julieta venegas	Julieta Venegas	POP,ROCK,LATIN
julio iglesias	Julio Iglesias	LATIN
jumpin gene simmons	Jumpin' Gene Simmons	OTHER
junction	Junction	OTHER
jung tru	Jung Tru	OTHER
junior	Junior	POP
junior m a f i a	Junior M.A.F.I.A.	POP,HIP_HOP,PUNK
junior reid	Junior Reid	ROCK,ELECTRONIC
just us	Just Us!	OTHER
justin bieber	Justin Bieber	POP
justin hayward	Justin Hayward	POP,ROCK
justin moore	Justin Moore	COUNTRY
justin timberlake	Justin Timberlake	POP
juvenile	Juvenile	POP,HIP_HOP
juvenile wacko and skip	Juvenile, Wacko, & Skip	OTHER
jxl	JXL	ELECTRONIC
k camp	K CAMP	POP,HIP_HOP,RNB
k ci	K-Ci	RNB
k ci and jojo	K-Ci & JoJo	POP,RNB
k d lang	k.d. lang	POP,ROCK,COUNTRY,FOLK
k jon	K'Jon	RNB
k m c kru	K.M.C. Kru	OTHER
k michelle	K. Michelle	POP,RNB
k naan	K'NAAN	HIP_HOP
k p and envyi	K.P. & Envyi	OTHER
k solo	K-Solo	OTHER
k w s	K.W.S.	OTHER
k5	K5	OTHER
k7	K7	ELECTRONIC
kacey musgraves	Kacey Musgraves	POP,COUNTRY
kai	Kai	OTHER
kajagoogoo	Kajagoogoo	POP,ROCK,ELECTRONIC
kaleo	KALEO	ROCK
kali uchis	Kali Uchis	POP
kamaiyah	Kamaiyah	HIP_HOP
kandi	Kandi	POP,RNB
kandi girl	Kandi Girl	OTHER
kane brown	Kane Brown	COUNTRY
kane gang	The Kane Gang	OTHER
kane roberts	Kane Roberts	ROCK,METAL
kano	Kano	ELECTRONIC
kansas	Kansas	POP,ROCK
kanye west	Kanye West	HIP_HOP
kaoma	Kaoma	OTHER
kardinal offishall	Kardinal Offishall	HIP_HOP
karen fairchild	Karen Fairchild	OTHER
karen o	Karen O	POP,ROCK,ELECTRONIC
karen young	Karen Young	ELECTRONIC
karla bonoff	Karla Bonoff	POP,FOLK
karmin	Karmin	POP
karol g	KAROL G	LATIN
karyn white	Karyn White	RNB
kasenetz katz singing orchestral circus	Kasenetz-Katz Singing Orchestral Circus	OTHER
kashif	Kashif	RNB,ELECTRONIC
kaskade	Kaskade	POP,ELECTRONIC
kat deluna	Kat Deluna	POP
katalina	Katalina	OTHER
kate bush	Kate Bush	POP,ROCK,ELECTRONIC,FOLK,CLASSICAL
kate taylor	Kate Taylor	OTHER
kate voegele	Kate Voegele	POP
katharine mcphee	Katharine McPhee	POP
kathy dalton	Kathy Dalton	OTHER
kathy kirby	Kathy Kirby	POP,ROCK
kathy troccoli	Kathy Troccoli	OTHER
katie lopez	Katie Lopez	OTHER
katrina and the waves	Katrina & The Waves	POP
katy perry	Katy Perry	POP
katy tiz	Katy Tiz	OTHER
kayak	Kayak	POP,ROCK
kbc band	KBC Band	OTHER
kc and the sunshine band	KC & The Sunshine Band	POP,RNB,ELECTRONIC
keak da sneak	Keak Da Sneak	HIP_HOP
keala settle	Keala Settle	SOUNDTRACK
keane	Keane	POP,ROCK
kebo gotti	Kebo Gotti	HIP_HOP
kehlani	Kehlani	POP,RNB
keith	Keith	POP
keith anderson	Keith Anderson	COUNTRY
keith barbour	Keith Barbour	OTHER
keith carradine	Keith Carradine	OTHER
keith hampshire	Keith Hampshire	OTHER
keith martin	Keith Martin	OTHER
keith murray	Keith Murray	HIP_HOP,PUNK
keith sweat	Keith Sweat	POP,RNB
keith urban	Keith Urban	COUNTRY
keith washington	Keith Washington	RNB
keke wyatt	KeKe Wyatt	POP,RNB
kelis	Kelis	POP,RNB
kellie coffey	Kellie Coffey	COUNTRY
kellie pickler	Kellie Pickler	COUNTRY
kelly clarkson	Kelly Clarkson	POP
kelly osbourne	Kelly Osbourne	OTHER
kelly price	Kelly Price	POP,RNB
kelly rowland	Kelly Rowland	POP,HIP_HOP,RNB
kelsea ballerini	Kelsea Ballerini	POP,COUNTRY
kem	Kem	RNB
ken y	Ken-Y	HIP_HOP,LATIN
kendalls	The Kendalls	COUNTRY
kendrick lamar	Kendrick Lamar	HIP_HOP
kenny burrell	Kenny Burrell	RNB,JAZZ
kenny chesney	Kenny Chesney	COUNTRY
kenny g	Kenny G	JAZZ
kenny lattimore	Kenny Lattimore	RNB
kenny loggins	Kenny Loggins	POP,ROCK
kenny nolan	Kenny Nolan	POP
kenny o dell	Kenny O'Dell	OTHER
kenny rogers	Kenny Rogers	POP,COUNTRY
kenny rogers and the first edition	Kenny Rogers & The First Edition	OTHER
kenny wayne shepherd	Kenny Wayne Shepherd	ROCK,RNB
kent jones	Kent Jones	HIP_HOP
keri hilson	Keri Hilson	POP,HIP_HOP,RNB
kesha	Kesha	POP,HIP_HOP
kevin gates	Kevin Gates	HIP_HOP
kevin lamb	Kevin Lamb	OTHER
kevin lyttle	Kevin Lyttle	OTHER
kevin mccall	Kevin McCall	OTHER
kevin paige	Kevin Paige	OTHER
kevin rudolf	Kevin Rudolf	POP,HIP_HOP
kevon edmonds	Kevon Edmonds	RNB
keyshia cole	Keyshia Cole	POP,HIP_HOP,RNB
khalid	Khalid	POP
khia	Khia	POP,HIP_HOP
kid cudi	Kid Cudi	HIP_HOP
kid frost	Kid Frost	HIP_HOP
kid ink	Kid Ink	POP,HIP_HOP
kid n play	Kid 'N Play	HIP_HOP,RNB,ELECTRONIC
kid rock	Kid Rock	ROCK,METAL
kidd kidd	Kidd Kidd	HIP_HOP
kids see ghosts	KIDS SEE GHOSTS	HIP_HOP
kiesza	Kiesza	POP
kiiara	Kiiara	POP,ELECTRONIC
kiki dee	Kiki Dee	POP
kiki dee band	The Kiki Dee Band	OTHER
kill edward	kiLL edward	OTHER
kill the noise	Kill The Noise	HIP_HOP,ELECTRONIC
killer mike	Killer Mike	HIP_HOP
killers	The Killers	ROCK
kim carnes	Kim Carnes	POP
kim mitchell	Kim Mitchell	ROCK
kim weston	Kim Weston	RNB
kim wilde	Kim Wilde	POP,ROCK,ELECTRONIC
kimberley locke	Kimberley Locke	POP
kimberly scott	Kimberly Scott	OTHER
kimbra	Kimbra	POP,ROCK
king	King	OTHER
king chip	King Chip	OTHER
king crimson	King Crimson	ROCK,JAZZ
king curtis	King Curtis	RNB,JAZZ
king floyd	King Floyd	RNB
king harvest	King Harvest	POP
king jacob	King Jacob	OTHER
kingbees	The Kingbees	ROCK
kingdom come	Kingdom Come	ROCK,METAL
kings	The Kings	ROCK
kings of leon	Kings of Leon	ROCK
kings of the sun	Kings Of The Sun	OTHER
kingsmen	The Kingsmen	ROCK
kingston trio	The Kingston Trio	FOLK
kinks	The Kinks	POP,ROCK,ELECTRONIC,PUNK,FOLK
kinleys	The Kinleys	COUNTRY
kinsu	Kinsu	OTHER
kip moore	Kip Moore	COUNTRY
kirk franklin	Kirk Franklin	RNB
kirko bangz	Kirko Bangz	HIP_HOP,RNB
kiss	KISS	ROCK,METAL
kissing the pink	Kissing The Pink	POP,ROCK
kix	Kix	ROCK,METAL
klaatu	Klaatu	ROCK
klf	The KLF	ELECTRONIC
klymaxx	Klymaxx	RNB,ELECTRONIC
knack	The Knack	POP,ROCK
knickerbockers	The Knickerbockers	POP,ROCK
knoc turn al	Knoc-Turn'al	HIP_HOP,RNB
knocks	The Knocks	POP,ROCK,RNB,ELECTRONIC
kodak black	Kodak Black	HIP_HOP
kodie shane	Kodie Shane	HIP_HOP
koffee brown	Koffee Brown	RNB
kon kan	Kon Kan	POP,ROCK
kongos	KONGOS	ROCK,RNB
kool and the gang	Kool & The Gang	RNB,ELECTRONIC
kool g rap	Kool G Rap	HIP_HOP,PUNK
kool mo dee	Kool Mo Dee	OTHER
kool moe dee	Kool Moe Dee	HIP_HOP,RNB,ELECTRONIC,PUNK
korgis	The Korgis	POP
korn	Korn	ROCK,HIP_HOP,METAL
korona	Korona	OTHER
kraftwerk	Kraftwerk	POP,ROCK,ELECTRONIC
krayzie bone	Krayzie Bone	HIP_HOP
kreayshawn	Kreayshawn	OTHER
krewella	Krewella	POP,ELECTRONIC
kris allen	Kris Allen	POP,ROCK
kris kristofferson	Kris Kristofferson	ROCK,COUNTRY,FOLK
kris kross	Kris Kross	HIP_HOP,RNB
kris wu	Kris Wu	POP,HIP_HOP
kristen bell	Kristen Bell	SOUNDTRACK
kristin chenoweth	Kristin Chenoweth	SOUNDTRACK
kristine w	Kristine W	ELECTRONIC
kristinia debarge	Kristinia DeBarge	POP
krokus	Krokus	ROCK,RNB,METAL
krs one	KRS-One	HIP_HOP,PUNK
kt tunstall	KT Tunstall	POP,FOLK
kumbia kings	Kumbia Kings	LATIN
kungs	Kungs	ELECTRONIC
kurtis blow	Kurtis Blow	HIP_HOP,ELECTRONIC
kurupt	Kurupt	HIP_HOP,RNB,PUNK
kut klose	Kut Klose	POP,RNB
kygo	Kygo	POP,ELECTRONIC
kyjuan	Kyjuan	OTHER
kyla	Kyla	RNB
kyle	KYLE	POP,HIP_HOP
kylie minogue	Kylie Minogue	POP,ELECTRONIC
kym sims	Kym Sims	ELECTRONIC
kyper	Kyper	OTHER
l a d	L.a.d.	OTHER
l a guns	L.A. Guns	ROCK,METAL
l a style	L.A. Style	ELECTRONIC
l t d	L.T.D.	RNB,ELECTRONIC
l trimm	L'Trimm	HIP_HOP
l v	L.V.	OTHER
la bouche	La Bouche	POP,ELECTRONIC
la roux	La Roux	POP,ROCK,ELECTRONIC
la s	The La's	POP
laban	Laban	POP,ELECTRONIC
labelle	LaBelle	RNB,ELECTRONIC
labrinth	Labrinth	POP
lady antebellum	Lady Antebellum	POP,COUNTRY
lady gaga	Lady Gaga	POP
lady of rage	The Lady Of Rage	HIP_HOP,RNB
lady sovereign	Lady Sovereign	OTHER
laid back	Laid Back	POP
laissez faire	Laissez Faire	OTHER
lake	Lake	OTHER
lakeside	Lakeside	RNB,ELECTRONIC
lalo schifrin	Lalo Schifrin	POP,LATIN,SOUNDTRACK
lamont dozier	Lamont Dozier	RNB
lana cantrell	Lana Cantrell	OTHER
lana del rey	Lana Del Rey	POP
lanco	LANCO	COUNTRY
landon cube	Landon Cube	HIP_HOP,EMO
landon pigg	Landon Pigg	POP
lara fabian	Lara Fabian	POP,CLASSICAL
lari white	Lari White	COUNTRY
larks	The Larks	OTHER
larry carlton	Larry Carlton	RNB,JAZZ
larry elgart and his manhattan swing orchestra	Larry Elgart And His Manhattan Swing Orchestra	OTHER
larry gatlin	Larry Gatlin	COUNTRY
larry graham	Larry Graham	RNB,ELECTRONIC
larry groce	Larry Groce	SOUNDTRACK
larry john mcnally	Larry John McNally	POP
larry lee	Larry Lee	POP
larry santos	Larry Santos	OTHER
larsen feiten band	Larsen/Feiten Band	POP
las ketchup	Las Ketchup	OTHER
lasgo	Lasgo	POP,ELECTRONIC
last goodnight	The Last Goodnight	POP
latimore	Latimore	RNB
latocha scott	LaTocha Scott	OTHER
latoya jackson	Latoya Jackson	OTHER
laura branigan	Laura Branigan	POP,ROCK,ELECTRONIC
laura enea	Laura Enea	OTHER
laura lee	Laura Lee	RNB
laura nyro	Laura Nyro	POP,FOLK
lauren alaina	Lauren Alaina	COUNTRY
lauren bennett	Lauren Bennett	OTHER
lauren daigle	Lauren Daigle	OTHER
lauren jauregui	Lauren Jauregui	RNB
lauren wood	Lauren Wood	POP
lauv	Lauv	POP
lavern baker	LaVern Baker	POP,ROCK,RNB
laverne and shirley	Laverne & Shirley	OTHER
lawrence reynolds	Lawrence Reynolds	OTHER
lawrence welk	Lawrence Welk	POP
lazy racer	Lazy Racer	OTHER
le click	Le Click	ELECTRONIC
lea	Lea	OTHER
lea michele	Lea Michele	POP,SOUNDTRACK
lea roberts	Lea Roberts	OTHER
leah andreone	Leah Andreone	POP
leann rimes	LeAnn Rimes	POP,COUNTRY
leapy lee	Leapy Lee	OTHER
leblanc and carr	LeBlanc And Carr	OTHER
led zeppelin	Led Zeppelin	ROCK
lee ann womack	Lee Ann Womack	COUNTRY
lee brice	Lee Brice	COUNTRY
lee dewyze	Lee DeWyze	POP
lee dorsey	Lee Dorsey	ROCK,RNB
lee garrett	Lee Garrett	OTHER
lee greenwood	Lee Greenwood	COUNTRY
lee hazlewood	Lee Hazlewood	ROCK,COUNTRY,FOLK,CLASSICAL
lee michaels	Lee Michaels	OTHER
lee morgan	Lee Morgan	RNB,JAZZ
lee oskar	Lee Oskar	OTHER
lee ritenour	Lee Ritenour	POP,RNB,JAZZ
left banke	The Left Banke	POP,ROCK,FOLK,CLASSICAL
lefty frizzell	Lefty Frizzell	COUNTRY,FOLK
legacy of sound	Legacy Of Sound	OTHER
leif garrett	Leif Garrett	POP
leighton meester	Leighton Meester	POP
lemon pipers	The Lemon Pipers	POP,ROCK,FOLK
lemonheads	The Lemonheads	POP,ROCK,COUNTRY
len	Len	POP
len barry	Len Barry	RNB
lena horne	Lena Horne	POP,JAZZ
lena zavaroni	Lena Zavaroni	OTHER
lenny kravitz	Lenny Kravitz	POP,ROCK
lenny welch	Lenny Welch	OTHER
leo sayer	Leo Sayer	POP,ELECTRONIC,FOLK
leon and mary russell	Leon & Mary Russell	OTHER
leon bridges	Leon Bridges	RNB
leon haywood	Leon Haywood	RNB,ELECTRONIC
leon redbone	Leon Redbone	JAZZ,FOLK
leon russell	Leon Russell	POP,ROCK,RNB,COUNTRY,FOLK
leona lewis	Leona Lewis	POP,RNB
leonard cohen	Leonard Cohen	POP,ROCK,FOLK
leroux	LeRoux	OTHER
les crane	Les Crane	OTHER
les mccann and eddie harris	Les McCann & Eddie Harris	OTHER
les paul	Les Paul	POP
leschea	Leschea	OTHER
lesley gore	Lesley Gore	POP,ROCK,RNB,FOLK
leslie carter	Leslie Carter	POP
leslie pearl	Leslie Pearl	OTHER
letoya	LeToya	POP,RNB
lettermen	The Lettermen	POP
letters to cleo	Letters To Cleo	POP,ROCK
level 42	Level 42	POP,ROCK,RNB,ELECTRONIC
levert	Levert	RNB
lfo	LFO	POP
liam payne	Liam Payne	POP,ELECTRONIC
lidell townsell	Lidell Townsell	ELECTRONIC
lifehouse	Lifehouse	POP,ROCK,METAL
lighter shade of brown	Lighter Shade Of Brown	HIP_HOP
lighthouse	lighthouse	ROCK
lightning seeds	The Lightning Seeds	POP,ROCK,ELECTRONIC
lil baby	Lil Baby	HIP_HOP
lil dicky	Lil Dicky	HIP_HOP
lil durk	Lil Durk	HIP_HOP
lil flip	Lil' Flip	HIP_HOP
lil jon	Lil Jon	POP,HIP_HOP
lil keke	Lil Keke	HIP_HOP
lil kim	Lil' Kim	POP,HIP_HOP,RNB
lil louis	Lil' Louis	ELECTRONIC
lil mama	Lil Mama	POP,HIP_HOP
lil mo	Lil' Mo	POP,RNB
lil mosey	Lil Mosey	HIP_HOP
lil nas x	Lil Nas X	HIP_HOP
lil peep	Lil Peep	HIP_HOP,EMO
lil phat	Lil Phat	HIP_HOP
lil pump	Lil Pump	HIP_HOP,EMO
lil rob	Lil Rob	HIP_HOP,RNB
lil romeo	Lil' Romeo	OTHER
lil scrappy	Lil Scrappy	HIP_HOP
lil skies	Lil Skies	HIP_HOP
lil suzy	Lil Suzy	OTHER
lil troy	Lil' Troy	HIP_HOP
lil uzi vert	Lil Uzi Vert	HIP_HOP
lil wayne	Lil Wayne	POP,HIP_HOP
lil xan	Lil Xan	HIP_HOP,EMO
lil yachty	Lil Yachty	HIP_HOP
lil zane	Lil' Zane	OTHER
lila mccann	Lila McCann	COUNTRY
lily allen	Lily Allen	POP
limahl	Limahl	POP,ROCK
limeliters	The Limeliters	FOLK
limp bizkit	Limp Bizkit	ROCK,HIP_HOP,METAL
lin manuel miranda	Lin-Manuel Miranda	SOUNDTRACK
lina santiago	Lina Santiago	OTHER
linda clifford	Linda Clifford	ELECTRONIC
linda jones	Linda Jones	RNB
linda mccartney	Linda McCartney	POP
linda ronstadt	Linda Ronstadt	POP,ROCK,COUNTRY,FOLK
linda scott	Linda Scott	POP
lindisfarne	Lindisfarne	POP,ROCK,FOLK
lindsay ell	Lindsay Ell	COUNTRY
lindsay lohan	Lindsay Lohan	POP
lindsey buckingham	Lindsey Buckingham	POP,ROCK
lindsey pavao	Lindsey Pavao	OTHER
lindsey stirling	Lindsey Stirling	POP
linear	Linear	OTHER
link	Link	OTHER
link wray	Link Wray	ROCK,PUNK
linkin park	Linkin Park	ROCK,METAL
lionel richie	Lionel Richie	POP,RNB,ELECTRONIC
lipps inc	Lipps Inc.	ELECTRONIC
liquid gold	Liquid Gold	OTHER
liquid smoke	Liquid Smoke	OTHER
lisa fischer	Lisa Fischer	RNB
lisa keith	Lisa Keith	OTHER
lisa lisa and cult jam	Lisa Lisa & Cult Jam	RNB,ELECTRONIC
lisa loeb	Lisa Loeb	POP,FOLK
lisa loeb and nine stories	Lisa Loeb & Nine Stories	POP
lisa stansfield	Lisa Stansfield	POP,RNB,ELECTRONIC
lisette melendez	Lisette Melendez	OTHER
lit	Lit	POP,ROCK,PUNK
lita ford	Lita Ford	ROCK,METAL
little anthony and the imperials	Little Anthony & The Imperials	POP,ROCK,RNB
little big town	Little Big Town	COUNTRY
little caesar	Little Caesar	ROCK,METAL
little jimmy dickens	Little Jimmy Dickens	COUNTRY
little johnny taylor	Little Johnny Taylor	RNB
little junior parker	Little Junior Parker	OTHER
little milton	Little Milton	RNB
little mix	Little Mix	POP
little richard	Little Richard	POP,ROCK,RNB
little river band	Little River Band	POP,ROCK,COUNTRY,FOLK
little sister	Little Sister	OTHER
little steven	Little Steven	ROCK
little texas	Little Texas	COUNTRY
live	Live	POP,ROCK,METAL
liverpool five	Liverpool Five	OTHER
livin joy	Livin' Joy	POP,ELECTRONIC
living colour	Living Colour	ROCK,HIP_HOP,RNB,METAL
living in a box	Living In A Box	POP,ROCK,ELECTRONIC
livingston taylor	Livingston Taylor	OTHER
liz damon s orient express	Liz Damon's Orient Express	OTHER
liz phair	Liz Phair	POP,ROCK,FOLK
ll cool j	LL Cool J	POP,HIP_HOP,RNB,PUNK
lloyd	Lloyd	POP,HIP_HOP,RNB
lloyd banks	Lloyd Banks	HIP_HOP,PUNK
lloyd price	Lloyd Price	POP,ROCK,RNB
lmfao	LMFAO	POP,HIP_HOP
lo key	Lo-Key?	OTHER
lobo	Lobo	POP,FOLK
locash	LOCASH	HIP_HOP,COUNTRY
loggins and messina	Loggins & Messina	POP,ROCK,COUNTRY,FOLK
logic	Logic	HIP_HOP
loleatta holloway	Loleatta Holloway	RNB,ELECTRONIC
lolo	LOLO	OTHER
london symphony orchestra	London Symphony Orchestra	CLASSICAL
londonbeat	Londonbeat	OTHER
lone justice	Lone Justice	ROCK,COUNTRY,PUNK
lonely island	The Lonely Island	OTHER
lonestar	Lonestar	COUNTRY
long john baldry	Long John Baldry	RNB
lonnie gordon	Lonnie Gordon	ELECTRONIC
lonnie mack	Lonnie Mack	RNB
looking glass	Looking Glass	POP
loon	Loon	POP
loose ends	Loose Ends	RNB,ELECTRONIC
lord huron	Lord Huron	POP,FOLK
lord tariq	Lord Tariq	OTHER
lorde	Lorde	POP
lords of the underground	Lords Of The Underground	HIP_HOP,PUNK
loreena mckennitt	Loreena McKennitt	FOLK
loren allred	Loren Allred	SOUNDTRACK
loretta lynn	Loretta Lynn	COUNTRY,FOLK
lorne greene	Lorne Greene	COUNTRY
lorraine ellison	Lorraine Ellison	OTHER
lorrie morgan	Lorrie Morgan	COUNTRY
los bravos	Los Bravos	POP,FOLK
los del mar	Los Del Mar	OTHER
los del rio	Los Del Rio	OTHER
los indios tabajaras	Los Indios Tabajaras	POP
los lobos	Los Lobos	ROCK
los lonely boys	Los Lonely Boys	OTHER
los umbrellos	Los Umbrellos	OTHER
lost boyz	Lost Boyz	POP,HIP_HOP,PUNK
lost generation	Lost Generation	OTHER
lost trailers	The Lost Trailers	COUNTRY
lostprophets	lostprophets	OTHER
lou bega	Lou Bega	LATIN
lou christie	Lou Christie	POP,ROCK,FOLK
lou donaldson	Lou Donaldson	RNB,JAZZ
lou gramm	Lou Gramm	POP,ROCK
lou johnson	Lou Johnson	RNB
lou rawls	Lou Rawls	POP,RNB,ELECTRONIC,JAZZ
lou reed	Lou Reed	ROCK,ELECTRONIC,PUNK,FOLK
loudon wainwright iii	Loudon Wainwright III	ROCK,COUNTRY,FOLK
louis armstrong	Louis Armstrong	POP,JAZZ
louis prima	Louis Prima	POP,RNB,JAZZ
louis tomlinson	Louis Tomlinson	POP
louis williams	Louis Williams	RNB
louise goffin	Louise Goffin	OTHER
louise tucker	Louise Tucker	OTHER
love	Love	POP,ROCK,COUNTRY,ELECTRONIC,FOLK
love and money	Love & Money	ROCK
love and rockets	Love and Rockets	POP,ROCK,ELECTRONIC,PUNK
love and theft	Love and Theft	COUNTRY
love generation	The Love Generation	POP
love unlimited	Love Unlimited	RNB,ELECTRONIC
love unlimited orchestra	The Love Unlimited Orchestra	RNB,ELECTRONIC
lovelites	Lovelites	RNB
lovelytheband	lovelytheband	POP,ROCK
loverboy	Loverboy	POP,ROCK,METAL
lovin spoonful	The Lovin' Spoonful	POP,ROCK,FOLK
lox	The Lox	POP,HIP_HOP,PUNK
lsg	LSG	RNB
lucas	Lucas	OTHER
lucenzo	Lucenzo	LATIN
lucy hale	Lucy Hale	POP
lucy pearl	Lucy Pearl	POP,RNB
ludacris	Ludacris	POP,HIP_HOP
luis fonsi	Luis Fonsi	POP,LATIN
lukas graham	Lukas Graham	POP
luke	Luke	OTHER
luke bryan	Luke Bryan	COUNTRY
luke combs	Luke Combs	COUNTRY
lulu	Lulu	POP,ROCK
lumidee	Lumidee	POP
lumineers	The Lumineers	POP,ROCK,FOLK
lunchmoney lewis	LunchMoney Lewis	HIP_HOP
luniz	Luniz	HIP_HOP,RNB
lupe fiasco	Lupe Fiasco	HIP_HOP
luscious jackson	Luscious Jackson	POP
lustra	Lustra	PUNK
luther ingram	Luther Ingram	RNB
luther vandross	Luther Vandross	RNB
lutricia mcneal	Lutricia McNeal	OTHER
lyfe jennings	Lyfe Jennings	POP,HIP_HOP,RNB
lyn collins	Lyn Collins	RNB
lynn anderson	Lynn Anderson	COUNTRY
lynyrd skynyrd	Lynyrd Skynyrd	POP,ROCK,RNB,COUNTRY
m	MØ	POP,ELECTRONIC
m a r r s	M/A/R/R/S	ELECTRONIC
m i a	M.I.A.	POP,ELECTRONIC
m people	M People	POP,ROCK,ELECTRONIC
m t f	M T F	OTHER
m2m	M2M	POP
m83	M83	POP,ROCK
mable john	Mable John	RNB
mac and katie kissoon	Mac & Katie Kissoon	POP
mac davis	Mac Davis	POP,COUNTRY
mac mall	Mac Mall	HIP_HOP,RNB
mac mcanally	Mac McAnally	OTHER
mac miller	Mac Miller	HIP_HOP
machine	Machine	METAL
machine gun kelly	Machine Gun Kelly	HIP_HOP
mack 10	Mack 10	HIP_HOP,RNB,PUNK
mack maine	Mack Maine	OTHER
macklemore	Macklemore	HIP_HOP
macy gray	Macy Gray	RNB
mad cobra	Mad Cobra	ELECTRONIC
mad lads	The Mad Lads	RNB
mad lion	Mad Lion	OTHER
mad stuntman	The Mad Stuntman	OTHER
madcon	Madcon	POP,HIP_HOP
maddie and tae	Maddie & Tae	COUNTRY
madeintyo	MadeinTYO	HIP_HOP
madeline bell	Madeline Bell	OTHER
madi davis	Madi Davis	OTHER
madison avenue	Madison Avenue	ELECTRONIC
madleen kane	Madleen Kane	ELECTRONIC
madness	Madness	ELECTRONIC,PUNK
madonna	Madonna	POP
madsonik	Madsonik	OTHER
magazine 60	Magazine 60	ELECTRONIC
maggie bell	Maggie Bell	OTHER
magic	MAGIC!	POP
magic lanterns	Magic Lanterns	OTHER
magnificent men	The Magnificent Men	OTHER
mai tai	Mai Tai	OTHER
main ingredient	The Main Ingredient	RNB,ELECTRONIC
maino	Maino	HIP_HOP
majid jordan	Majid Jordan	POP,HIP_HOP,RNB
major harris	Major Harris	RNB
major lance	Major Lance	POP,RNB
major lazer	Major Lazer	POP,ELECTRONIC
make it hot	Make It Hot	OTHER
malo	Malo	RNB,LATIN
maluma	Maluma	LATIN
mamas and the papas	The Mamas & The Papas	POP,ROCK,FOLK
mana	Maná	ROCK,LATIN
mandrill	Mandrill	RNB,LATIN
mandy moore	Mandy Moore	POP,SOUNDTRACK
manfred mann	Manfred Mann	POP,ROCK,RNB,FOLK
manfred mann s earth band	Manfred Mann's Earth Band	ROCK,RNB
manhattan transfer	The Manhattan Transfer	POP,JAZZ
manhattans	The Manhattans	RNB,ELECTRONIC
mann	Mann	OTHER
mannie fresh	Mannie Fresh	HIP_HOP
mantovani	Mantovani	POP,CLASSICAL
mantronix	Mantronix	HIP_HOP,ELECTRONIC
manu dibango	Manu Dibango	POP
mar keys	The Mar-Keys	RNB
marc almond	Marc Almond	POP,ROCK,ELECTRONIC
marc anthony	Marc Anthony	LATIN
marc cohn	Marc Cohn	POP,FOLK
marc e bassy	Marc E. Bassy	POP,HIP_HOP
marc nelson	Marc Nelson	OTHER
marcia griffiths	Marcia Griffiths	ROCK
marco antonio solis	Marco Antonio Solís	LATIN
marcy playground	Marcy Playground	POP,ROCK
maren morris	Maren Morris	COUNTRY
margaret whiting	Margaret Whiting	POP,JAZZ
margie joseph	Margie Joseph	RNB
maria mena	Maria Mena	POP
maria muldaur	Maria Muldaur	OTHER
maria nayler	Maria Nayler	ELECTRONIC
maria vidal	Maria Vidal	OTHER
mariah carey	Mariah Carey	POP,RNB
marian hill	Marian Hill	POP
marianne faithfull	Marianne Faithfull	POP,ROCK,FOLK
marie osmond	Marie Osmond	POP
marillion	Marillion	POP,ROCK
marilyn martin	Marilyn Martin	OTHER
marilyn mccoo	Marilyn McCoo	OTHER
marilyn sellars	Marilyn Sellars	OTHER
mario	Mario	POP,HIP_HOP,RNB
mario vazquez	Mario Vazquez	RNB
mario winans	Mario Winans	RNB
mark chesnutt	Mark Chesnutt	COUNTRY
mark curry	Mark Curry	OTHER
mark lindsay	Mark Lindsay	POP
mark mcguinn	Mark McGuinn	OTHER
mark morrison	Mark Morrison	RNB
mark ronson	Mark Ronson	POP,ELECTRONIC
mark wills	Mark Wills	COUNTRY
marketa irglova	Markéta Irglová	OTHER
marketts	The Marketts	ROCK
marky mark and the funky bunch	Marky Mark And The Funky Bunch	OTHER
marlena shaw	Marlena Shaw	RNB
marmalade	Marmalade	POP,ROCK,FOLK
maroon 5	Maroon 5	POP
marques houston	Marques Houston	POP,HIP_HOP,RNB
mars volta	The Mars Volta	ROCK,METAL
marsha	Marsha	OTHER
marsha ambrosius	Marsha Ambrosius	POP,RNB
marshall crenshaw	Marshall Crenshaw	POP,ROCK,COUNTRY,FOLK
marshall hain	Marshall Hain	POP
marshall tucker band	The Marshall Tucker Band	POP,ROCK,RNB,COUNTRY,FOLK
marshmello	Marshmello	ELECTRONIC
martha davis	Martha Davis	OTHER
martha reeves	Martha Reeves	OTHER
martha reeves and the vandellas	Martha Reeves & The Vandellas	POP,ROCK,RNB,ELECTRONIC
martha wainwright	Martha Wainwright	POP,FOLK
martha wash	Martha Wash	ELECTRONIC
martika	Martika	POP,ROCK
martin briley	Martin Briley	OTHER
martin garrix	Martin Garrix	POP,ELECTRONIC
martina mcbride	Martina McBride	COUNTRY
marty balin	Marty Balin	POP
marty robbins	Marty Robbins	COUNTRY
marva whitney	Marva Whitney	RNB
marvelettes	The Marvelettes	POP,RNB
marvelows	The Marvelows	RNB
marvin gaye	Marvin Gaye	RNB
marvin gaye and mary wells	Marvin Gaye and Mary Wells	OTHER
marvin hamlisch	Marvin Hamlisch	SOUNDTRACK
marvin sapp	Marvin Sapp	OTHER
mary chapin carpenter	Mary Chapin Carpenter	POP,COUNTRY,FOLK
mary hopkin	Mary Hopkin	POP,ROCK,FOLK
mary j blige	Mary J. Blige	POP,HIP_HOP,RNB
mary jane girls	Mary Jane Girls	RNB,ELECTRONIC
mary lambert	Mary Lambert	OTHER
mary macgregor	Mary MacGregor	POP
mary mary	Mary Mary	RNB
mary travers	Mary Travers	OTHER
mary wells	Mary Wells	POP,RNB
mase	Mase	POP,HIP_HOP,RNB,PUNK
mashmakhan	Mashmakhan	OTHER
mashonda	Mashonda	POP,RNB
mason ramsey	Mason Ramsey	COUNTRY
mason williams	Mason Williams	OTHER
mass production	Mass Production	RNB,ELECTRONIC
masta ace incorporated	Masta Ace Incorporated	HIP_HOP,PUNK
master p	Master P	HIP_HOP
mat kearney	Mat Kearney	POP,ROCK
matchbox twenty	Matchbox Twenty	POP,ROCK
matisyahu	Matisyahu	OTHER
matt and kim	Matt and Kim	POP,ROCK,FOLK
matt mcandrew	Matt McAndrew	OTHER
matt monro	Matt Monro	POP
matt nathanson	Matt Nathanson	POP,ROCK
matthew santos	Matthew Santos	OTHER
matthew sweet	Matthew Sweet	POP,ROCK,COUNTRY
matthew wilder	Matthew Wilder	POP
matthews southern comfort	Matthews' Southern Comfort	POP,FOLK
maureen mcgovern	Maureen McGovern	POP
maureen steele	Maureen Steele	OTHER
maurice white	Maurice White	OTHER
mavis staples	Mavis Staples	ROCK,RNB
max	MAX	POP
max a million	Max-A-Million	OTHER
max b	Max B	HIP_HOP
max frost and the troopers	Max Frost & The Troopers	ROCK
max headroom	Max Headroom	OTHER
max werner	Max Werner	OTHER
maxi priest	Maxi Priest	ROCK
maxine brown	Maxine Brown	POP,RNB
maxine nightingale	Maxine Nightingale	POP
maxwell	Maxwell	POP,RNB
maynard ferguson	Maynard Ferguson	JAZZ
maze	Maze	RNB,ELECTRONIC
mazzy star	Mazzy Star	POP,ROCK
mc eiht	MC Eiht	HIP_HOP,RNB
mc lyte	MC Lyte	POP,HIP_HOP,RNB,ELECTRONIC,PUNK
mc nas d	MC Nas-D	OTHER
mc ren	MC Ren	HIP_HOP,PUNK
mc serch	MC Serch	HIP_HOP,PUNK
mc5	MC5	ROCK,RNB,PUNK
mcauley schenker group	McAuley Schenker Group	ROCK,METAL
mccoys	The McCoys	POP,ROCK,FOLK
mccrarys	The McCrarys	RNB
mcfadden and whitehead	McFadden & Whitehead	RNB,ELECTRONIC
mcguffey lane	McGuffey Lane	OTHER
mcguinn clark and hillman	McGuinn, Clark & Hillman	OTHER
mcguinness flint	McGuinness Flint	POP
mdma	MDMA	OTHER
me phi me	Me Phi Me	OTHER
meat loaf	Meat Loaf	POP,ROCK
meat puppets	Meat Puppets	POP,ROCK,PUNK
meco	Meco	OTHER
meek mill	Meek Mill	POP,HIP_HOP
megadeth	Megadeth	ROCK,METAL
meghan trainor	Meghan Trainor	POP
meja	Meja	OTHER
mel and kim	Mel & Kim	POP
mel and tim	Mel & Tim	RNB
mel carter	Mel Carter	OTHER
mel torme	Mel Tormé	POP,JAZZ
melanie	Melanie	POP,FOLK
melanie fiona	Melanie Fiona	POP,RNB
melanie martinez	Melanie Martinez	POP
melba montgomery	Melba Montgomery	COUNTRY
melba moore	Melba Moore	RNB,ELECTRONIC
meli sa morgan	Meli'sa Morgan	RNB,ELECTRONIC
melissa etheridge	Melissa Etheridge	POP,ROCK,FOLK
melissa lawson	Melissa Lawson	OTHER
melissa manchester	Melissa Manchester	POP
melissa manchester and peabo bryson	Melissa Manchester & Peabo Bryson	OTHER
mellow man ace	Mellow Man Ace	HIP_HOP
memphis bleek	Memphis Bleek	POP,HIP_HOP,PUNK
men at large	Men At Large	RNB
men at work	Men At Work	POP,ROCK,ELECTRONIC
men of vizion	Men of Vizion	RNB
men without hats	Men Without Hats	POP,ROCK,ELECTRONIC
menudo	Menudo	LATIN
mercedes	Mercedes	OTHER
mercy	Mercy	OTHER
mercyme	MercyMe	ROCK
meredith brooks	Meredith Brooks	POP
meri wilson	Meri Wilson	OTHER
merle haggard	Merle Haggard	COUNTRY
merle haggard and the strangers	Merle Haggard & The Strangers	COUNTRY
merril bainbridge	Merril Bainbridge	OTHER
merrilee rush	Merrilee Rush	POP
merrilee rush and the turnabouts	Merrilee Rush & The Turnabouts	OTHER
merry clayton	Merry Clayton	RNB
merry go round	The Merry-Go-Round	ROCK
meryl streep	Meryl Streep	SOUNDTRACK
meshell ndegeocello	Meshell Ndegeocello	RNB
messengers	The Messengers	OTHER
metallica	Metallica	ROCK,METAL
meters	The Meters	RNB
method man	Method Man	HIP_HOP,PUNK
metro boomin	Metro Boomin	POP,HIP_HOP
metro station	Metro Station	POP,PUNK,EMO
metros	The Metros	ROCK
mfsb	MFSB	RNB,ELECTRONIC
mgmt	MGMT	POP,ROCK,ELECTRONIC
mia x	Mia X	POP,HIP_HOP
miami sound machine	Miami Sound Machine	POP
mic geronimo	Mic Geronimo	HIP_HOP,PUNK
mica paris	Mica Paris	RNB
michael bolton	Michael Bolton	POP
michael buble	Michael Bublé	POP
michael cera	Michael Cera	FOLK
michael cooper	Michael Cooper	RNB
michael damian	Michael Damian	OTHER
michael franks	Michael Franks	POP,RNB,JAZZ
michael henderson	Michael Henderson	RNB,ELECTRONIC
michael holm	Michael Holm	ROCK
michael jackson	Michael Jackson	POP
michael johnson	Michael Johnson	POP
michael mcdonald	Michael McDonald	POP,RNB
michael morales	Michael Morales	OTHER
michael murphey	Michael Murphey	OTHER
michael nesmith	Michael Nesmith	POP,COUNTRY
michael parks	Michael Parks	OTHER
michael penn	Michael Penn	POP
michael peterson	Michael Peterson	COUNTRY
michael ray	Michael Ray	COUNTRY
michael sembello	Michael Sembello	OTHER
michael stanley band	Michael Stanley Band	POP,ROCK
michael w smith	Michael W. Smith	ROCK
michael zager band	The Michael Zager Band	ELECTRONIC
michel le	Michel'le	RNB
michel legrand	Michel Legrand	JAZZ,SOUNDTRACK
michel polnareff	Michel Polnareff	ROCK
michel telo	Michel Teló	POP
michele lee	Michele Lee	OTHER
michelle branch	Michelle Branch	POP
michelle visage	Michelle Visage	OTHER
mick jagger	Mick Jagger	ROCK
mickey gilley	Mickey Gilley	COUNTRY
mickey lee lane	Mickey Lee Lane	OTHER
mickey murray	Mickey Murray	OTHER
mickey newbury	Mickey Newbury	COUNTRY,FOLK
midge ure	Midge Ure	POP,ROCK,ELECTRONIC
midi maxi and efti	Midi, Maxi & Efti	OTHER
midland	Midland	COUNTRY
midnight oil	Midnight Oil	ROCK,ELECTRONIC
midnight star	Midnight Star	RNB,ELECTRONIC
mighty clouds of joy	Mighty Clouds Of Joy	OTHER
mighty dub katz	Mighty Dub Katz	OTHER
migos	Migos	POP,HIP_HOP
miguel	Miguel	POP,HIP_HOP,RNB
miguel rios	Miguel Rios	ROCK,LATIN
mika	MIKA	POP
mike curb congregation	Mike Curb Congregation	OTHER
mike douglas	Mike Douglas	SOUNDTRACK
mike jones	Mike Jones	HIP_HOP
mike oldfield	Mike Oldfield	ROCK
mike pinera	Mike Pinera	OTHER
mike posner	Mike Posner	POP,HIP_HOP
mike post	Mike Post	OTHER
mike reno	Mike Reno	OTHER
mike shorey	Mike Shorey	OTHER
mike will made it	Mike WiLL Made-It	POP,HIP_HOP
miki howard	Miki Howard	RNB,ELECTRONIC
mikky ekko	Mikky Ekko	COUNTRY
miley cyrus	Miley Cyrus	POP
milky chance	Milky Chance	POP
milli vanilli	Milli Vanilli	RNB
millie jackson	Millie Jackson	RNB
millie small	Millie Small	ROCK
millions like us	Millions Like Us	OTHER
mills brothers	The Mills Brothers	POP,JAZZ
mims	MiMS	HIP_HOP
mindbenders	The Mindbenders	POP,ROCK,FOLK
mindless behavior	Mindless Behavior	RNB
mindy mccready	Mindy McCready	COUNTRY
minnie riperton	Minnie Riperton	RNB,ELECTRONIC
minor detail	Minor Detail	ROCK
mint condition	Mint Condition	POP,RNB
miracles	The Miracles	POP,RNB,ELECTRONIC
miranda cosgrove	Miranda Cosgrove	POP
miranda lambert	Miranda Lambert	COUNTRY
miriam makeba	Miriam Makeba	POP,JAZZ
mis teeq	Mis-Teeq	POP,ROCK,ELECTRONIC
missing persons	Missing Persons	POP,ROCK,ELECTRONIC
missy elliott	Missy Elliott	POP,HIP_HOP,RNB
mista	Mista	OTHER
mista grimm	Mista Grimm	RNB
mistress	Mistress	OTHER
mitch malloy	Mitch Malloy	ROCK
mitch ryder	Mitch Ryder	OTHER
mitch ryder and the detroit wheels	Mitch Ryder and The Detroit Wheels	OTHER
mitchel musso	Mitchel Musso	POP
mitchell hope	Mitchell Hope	OTHER
mitchell tenpenny	Mitchell Tenpenny	ROCK,COUNTRY
mitty collier	Mitty Collier	RNB
mixtures	The Mixtures	OTHER
mjg	MJG	HIP_HOP
mkto	MKTO	POP,HIP_HOP
mnek	MNEK	POP,RNB,ELECTRONIC
mo	Mo	OTHER
mo b dick	Mo B. Dick	HIP_HOP
mob	The Mob	OTHER
mobb deep	Mobb Deep	HIP_HOP,PUNK
moby	Moby	ELECTRONIC
moby grape	Moby Grape	ROCK,COUNTRY,FOLK
mocedades	Mocedades	POP,LATIN
mocha	Mocha	OTHER
models	Models	ROCK
modern english	Modern English	POP,ROCK,ELECTRONIC
modest mouse	Modest Mouse	POP,ROCK,FOLK
modjo	Modjo	ELECTRONIC
mohombi	Mohombi	POP
mojo men	The Mojo Men	ROCK
molly hatchet	Molly Hatchet	POP,ROCK,RNB,COUNTRY
moments	The Moments	RNB,ELECTRONIC
moms mabley	Moms Mabley	OTHER
mona lisa	Mona Lisa	OTHER
monchy and alexandra	Monchy & Alexandra	LATIN
mondo rock	Mondo Rock	POP,ROCK
moneybagg yo	Moneybagg Yo	HIP_HOP
mongo santamaria	Mongo Santamaria	JAZZ,LATIN
monica	Monica	POP,HIP_HOP,RNB
monie love	Monie Love	HIP_HOP,ELECTRONIC
monifah	Monifah	POP,RNB
monitors	The Monitors	RNB
monkees	The Monkees	POP,ROCK,FOLK
mono	Mono	OTHER
monroes	The Monroes	OTHER
montell jordan	Montell Jordan	POP,HIP_HOP,RNB
montgomery gentry	Montgomery Gentry	COUNTRY
monty	Monty	OTHER
moody blues	The Moody Blues	POP,ROCK,FOLK
moon martin	Moon Martin	ROCK
morgan evans	Morgan Evans	POP,COUNTRY
morgan wallen	Morgan Wallen	COUNTRY
mormon tabernacle choir	Mormon Tabernacle Choir	OTHER
morris albert	Morris Albert	OTHER
morris day	Morris Day	RNB,ELECTRONIC
morrissey	Morrissey	ROCK,ELECTRONIC
mos def	Mos Def	HIP_HOP,PUNK
motels	The Motels	POP,ROCK,ELECTRONIC
mother s finest	Mother's Finest	RNB
motherlode	Motherlode	OTHER
motley crue	Mötley Crüe	ROCK,METAL
motors	The Motors	POP,ROCK
mott the hoople	Mott The Hoople	POP,ROCK,RNB,PUNK,FOLK
mountain	Mountain	ROCK,RNB
mouth and macneal	Mouth & MacNeal	POP
move	The Move	POP,ROCK,RNB,PUNK,FOLK
movement	The Movement	OTHER
moving pictures	Moving Pictures	ROCK
mozzy	Mozzy	HIP_HOP
mr big	Mr. Big	ROCK,METAL
mr cheeks	Mr. Cheeks	POP
mr collipark	Mr. Collipark	HIP_HOP
mr mister	Mr. Mister	POP,ROCK,ELECTRONIC
mr president	Mr. President	POP,ELECTRONIC
mr probz	Mr. Probz	ELECTRONIC
mr short khop	Mr. Short Khop	OTHER
mr vegas	Mr. Vegas	POP,ELECTRONIC
mrs miller	Mrs. Miller	POP
ms jade	Ms. Jade	POP
ms thing	Ms. Thing	OTHER
ms toi	Ms. Toi	HIP_HOP
mtume	Mtume	RNB,ELECTRONIC
mudvayne	Mudvayne	ROCK,HIP_HOP,METAL
mumford and sons	Mumford & Sons	POP,ROCK,FOLK
mungo jerry	Mungo Jerry	POP,RNB
murda beatz	Murda Beatz	HIP_HOP
murmaids	The Murmaids	POP
murmurs	The Murmurs	POP
murphy lee	Murphy Lee	HIP_HOP
murray head	Murray Head	POP
murry kellum	Murry Kellum	OTHER
muse	Muse	ROCK
music explosion	Music Explosion	OTHER
music machine	The Music Machine	ROCK
musical youth	Musical Youth	OTHER
musiq soulchild	Musiq Soulchild	POP,HIP_HOP,RNB
musique	Musique	ELECTRONIC
mustard	Mustard	POP,HIP_HOP
my chemical romance	My Chemical Romance	PUNK,EMO
my darkest days	My Darkest Days	ROCK,HIP_HOP,METAL
mya	Mýa	POP,HIP_HOP,RNB
mynt	Mynt	ELECTRONIC
mystic	Mystic	OTHER
mystikal	Mystikal	HIP_HOP
n dea davenport	N'Dea Davenport	RNB
n e r d	N.E.R.D	HIP_HOP
n o r e	N.O.R.E.	POP,HIP_HOP,PUNK
n trance	N-Trance	POP,ELECTRONIC,PUNK
n w a	N.W.A.	HIP_HOP,PUNK
n2deep	N2DEEP	HIP_HOP
nadine sutherland	Nadine Sutherland	ROCK,ELECTRONIC
naked eyes	Naked Eyes	POP,ROCK,ELECTRONIC
nancy ames	Nancy Ames	OTHER
nancy martinez	Nancy Martinez	OTHER
nancy sinatra	Nancy Sinatra	POP,FOLK
nancy wilson	Nancy Wilson	POP,RNB,JAZZ
napoleon xiv	Napoleon XIV	OTHER
nappy roots	Nappy Roots	HIP_HOP
narada michael walden	Narada Michael Walden	ELECTRONIC
narvel felts	Narvel Felts	COUNTRY
nas	Nas	HIP_HOP,PUNK
nashville teens	The Nashville Teens	ROCK
nat king cole	Nat King Cole	POP,JAZZ
natalia jimenez	Natalia Jiménez	LATIN
natalie	Natalie	OTHER
natalie cole	Natalie Cole	POP,RNB,ELECTRONIC,JAZZ
natalie imbruglia	Natalie Imbruglia	POP
natalie merchant	Natalie Merchant	POP,FOLK
natasha bedingfield	Natasha Bedingfield	POP
natasja	Natasja	POP,HIP_HOP
nate dogg	Nate Dogg	HIP_HOP,RNB
nate ruess	Nate Ruess	CLASSICAL
nathan sykes	Nathan Sykes	POP
national	The National	POP,ROCK,FOLK,CLASSICAL
national lampoon	National Lampoon	OTHER
natti natasha	Natti Natasha	HIP_HOP,LATIN
natural four	The Natural Four	RNB
natural selection	Natural Selection	OTHER
naughty boy	Naughty Boy	POP,RNB,ELECTRONIC
naughty by nature	Naughty By Nature	HIP_HOP,PUNK
nav	NAV	POP,HIP_HOP
nayer	Nayer	POP
nazareth	Nazareth	ROCK,RNB,METAL
nazz	Nazz	ROCK
nb ridaz	NB Ridaz	HIP_HOP
ne yo	Ne-Yo	POP,HIP_HOP,RNB
neal hefti	Neal Hefti	POP,SOUNDTRACK
neal mccoy	Neal McCoy	COUNTRY
ned miller	Ned Miller	COUNTRY
needtobreathe	NEEDTOBREATHE	POP,ROCK
neighbourhood	The Neighbourhood	POP,ROCK
neil diamond	Neil Diamond	POP,ROCK,FOLK
neil sedaka	Neil Sedaka	POP,ROCK,RNB,FOLK
neil young	Neil Young	POP,ROCK,FOLK
nektar	Nektar	ROCK,JAZZ
nelly	Nelly	POP,HIP_HOP
nelly furtado	Nelly Furtado	POP,LATIN
nelson	Nelson	ROCK,METAL
nena	Nena	POP,ROCK
neneh cherry	Neneh Cherry	POP,RNB
neon hitch	Neon Hitch	POP
neon philharmonic	The Neon Philharmonic	POP
neon trees	Neon Trees	POP,ROCK,PUNK
nero	NERO	ELECTRONIC
new birth	The New Birth	RNB,ELECTRONIC
new boyz	New Boyz	POP,HIP_HOP
new christy minstrels	The New Christy Minstrels	FOLK
new colony six	The New Colony Six	POP,ROCK
new edition	New Edition	POP,HIP_HOP,RNB
new england	New England	OTHER
new found glory	New Found Glory	POP,ROCK,PUNK,EMO
new hope	New Hope	OTHER
new kids on the block	New Kids On The Block	POP
new order	New Order	POP,ROCK,ELECTRONIC,PUNK
new radicals	New Radicals	POP
new riders of the purple sage	New Riders of the Purple Sage	ROCK,RNB,COUNTRY,FOLK
new seekers	The New Seekers	POP
new vaudeville band	New Vaudeville Band	ROCK
newbeats	The Newbeats	RNB
newcity rockers	Newcity Rockers	OTHER
newcleus	Newcleus	HIP_HOP,RNB,ELECTRONIC
newcomers	The Newcomers	RNB
newsong	Newsong	POP,ROCK
next	Next	POP,HIP_HOP,RNB
nf	NF	HIP_HOP
nia peeples	Nia Peeples	OTHER
niall horan	Niall Horan	POP
nice and smooth	Nice & Smooth	HIP_HOP,PUNK
nicholas david	Nicholas David	OTHER
nick cannon	Nick Cannon	HIP_HOP
nick fradiani	Nick Fradiani	OTHER
nick gilder	Nick Gilder	ROCK
nick jonas	Nick Jonas	POP
nick jonas and the administration	Nick Jonas & The Administration	POP
nick lachey	Nick Lachey	OTHER
nick lowe	Nick Lowe	POP,ROCK,COUNTRY,FOLK
nickelback	Nickelback	ROCK,METAL
nicki french	Nicki French	ELECTRONIC
nicki minaj	Nicki Minaj	POP,HIP_HOP
nicky jam	Nicky Jam	POP,HIP_HOP,LATIN
nico and vinz	Nico & Vinz	POP,HIP_HOP
nicole	Nicole	POP
nicole scherzinger	Nicole Scherzinger	POP
nicolette larson	Nicolette Larson	POP
nigel olsson	Nigel Olsson	OTHER
night	Night	OTHER
night ranger	Night Ranger	POP,ROCK,METAL
nightcrawlers	The Nightcrawlers	OTHER
niia	Niia	OTHER
nik kershaw	Nik Kershaw	POP,ROCK,ELECTRONIC
nile rodgers	Nile Rodgers	ELECTRONIC
nina simone	Nina Simone	RNB,JAZZ
nina sky	Nina Sky	POP,RNB
nina sky featuring jabba	Nina Sky featuring Jabba	OTHER
nine	Nine	PUNK
nine days	Nine Days	POP,ROCK
nine inch nails	Nine Inch Nails	ROCK,ELECTRONIC,PUNK,METAL
nino tempo and april stevens	Nino Tempo & April Stevens	OTHER
nipsey hussle	Nipsey Hussle	HIP_HOP
nirvana	Nirvana	ROCK
nite liters	The Nite-Liters	OTHER
niteflyte	Niteflyte	POP
nitty	Nitty	OTHER
nitty gritty dirt band	Nitty Gritty Dirt Band	POP,COUNTRY,FOLK
nivea	Nivea	POP,HIP_HOP,RNB
no doubt	No Doubt	POP,ROCK
no good but so good	No Good But So Good	OTHER
no mercy	No Mercy	POP,ELECTRONIC
noah cyrus	Noah Cyrus	POP
nocera	Nocera	OTHER
noel	Noel	OTHER
noel harrison	Noel Harrison	POP
nolan porter	Nolan Porter	RNB
nona gaye	Nona Gaye	OTHER
nona hendryx	Nona Hendryx	OTHER
nonchalant	Nonchalant	POP
norah jones	Norah Jones	POP
norma tanega	Norma Tanega	OTHER
norman connors	Norman Connors	RNB,ELECTRONIC
norman greenbaum	Norman Greenbaum	ROCK,FOLK
normani	Normani	POP,RNB
northern pikes	The Northern Pikes	ROCK
notorious	Notorious	OTHER
notorious b i g	The Notorious B.I.G.	HIP_HOP,PUNK
novas	The Novas	OTHER
nrbq	NRBQ	POP,ROCK,COUNTRY
nu flavor	Nu Flavor	POP
nu shooz	Nu Shooz	OTHER
nuttin nyce	Nuttin' Nyce	RNB
nyasia	Nyasia	OTHER
nyla	Nyla	OTHER
nylons	The Nylons	OTHER
o a r	O.A.R.	POP
o c	O.C.	HIP_HOP,PUNK
o c smith	O.C. Smith	OTHER
o jays	The O'Jays	RNB,ELECTRONIC
o kaysions	The O'Kaysions	OTHER
o t genasis	O.T. Genasis	HIP_HOP
o town	O-Town	POP
o v wright	O.V. Wright	RNB
oak	OAK	OTHER
oak ridge boys	The Oak Ridge Boys	COUNTRY
oaktown s 3 5 7	Oaktown's 3.5.7	OTHER
oasis	Oasis	POP,ROCK
obie trice	Obie Trice	HIP_HOP,PUNK
ocean	Ocean	OTHER
odds and ends	Odds & Ends	OTHER
odia coates	Odia Coates	OTHER
odyssey	Odyssey	POP,ELECTRONIC
of monsters and men	Of Monsters and Men	POP,ROCK,FOLK
offset	Offset	POP,HIP_HOP
offspring	The Offspring	ROCK,PUNK,METAL
og maco	OG Maco	HIP_HOP
ohio express	Ohio Express	POP,FOLK
ohio players	Ohio Players	RNB,ELECTRONIC
oingo boingo	Oingo Boingo	POP,ROCK,ELECTRONIC
ok go	OK Go	POP,ROCK,PUNK
ol dirty bastard	Ol' Dirty Bastard	HIP_HOP,PUNK
ola and the janglers	Ola & The Janglers	OTHER
old dominion	Old Dominion	COUNTRY
oleta adams	Oleta Adams	RNB
olive	Olive	ELECTRONIC
oliver	Oliver	ELECTRONIC
olivia	Olivia	OTHER
olivia newton john	Olivia Newton-John	POP,ELECTRONIC,SOUNDTRACK
olivia o brien	Olivia O'Brien	POP
ollie and jerry	Ollie & Jerry	OTHER
olly murs	Olly Murs	POP,ELECTRONIC
olu dara	Olu Dara	OTHER
olympics	The Olympics	RNB
omarion	Omarion	POP,HIP_HOP,RNB
omi	OMI	POP,ELECTRONIC
one direction	One Direction	POP
one way	One Way	RNB,ELECTRONIC
onerepublic	OneRepublic	POP,ROCK,HIP_HOP
onyx	Onyx	HIP_HOP,PUNK
opetaia foa i	Opetaia Foa'i	OTHER
opus	Opus	POP
or n more	Or-N-More	OTHER
oran juice jones	Oran Juice Jones	OTHER
orchestra	Orchestra	OTHER
orchestral manoeuvres in the dark	Orchestral Manoeuvres In The Dark	POP,ROCK,ELECTRONIC
orgy	Orgy	ROCK,HIP_HOP,ELECTRONIC,METAL
orianthi	Orianthi	POP
original	The Original	ELECTRONIC
original caste	The Original Caste	OTHER
originals	The Originals	RNB
orion the hunter	Orion The Hunter	OTHER
orleans	Orleans	POP,ROCK,COUNTRY,FOLK
orlons	The Orlons	POP,RNB
orpheus	Orpheus	OTHER
oscar brown jr	Oscar Brown, Jr.	OTHER
oscar toney jr	Oscar Toney, Jr.	RNB
osmond brothers	The Osmond Brothers	OTHER
osmonds	The Osmonds	POP
other ones	The Other Ones	OTHER
otis clay	Otis Clay	RNB
otis leavill	Otis Leavill	RNB
otis redding	Otis Redding	RNB
our lady peace	Our Lady Peace	POP,ROCK,METAL
outasight	Outasight	HIP_HOP,RNB
outfield	The Outfield	POP,ROCK
outhere brothers	The Outhere Brothers	ELECTRONIC
outkast	OutKast	HIP_HOP
outlaws	The Outlaws	POP,ROCK,RNB,COUNTRY,FOLK
outlawz	Outlawz	OTHER
outsiders	The Outsiders	OTHER
ovations	The Ovations	RNB
overlanders	The Overlanders	ROCK
owl city	Owl City	POP
oxo	OXO	OTHER
ozark mountain daredevils	The Ozark Mountain Daredevils	POP,ROCK,COUNTRY,FOLK
ozo	Ozo	OTHER
ozuna	Ozuna	HIP_HOP,LATIN
ozzy osbourne	Ozzy Osbourne	ROCK,METAL
p c	P$C	HIP_HOP
p j proby	P.J. Proby	POP,ROCK
p m dawn	P.M. Dawn	OTHER
p nk	P!nk	POP
p o d	P.O.D.	ROCK,HIP_HOP,METAL
pablo cruise	Pablo Cruise	POP,ROCK,COUNTRY,FOLK
pacific gas and electric	Pacific Gas & Electric	OTHER
pack	The Pack	HIP_HOP
packers	The Packers	OTHER
pages	Pages	POP
painter	Painter	OTHER
pajama party	Pajama Party	OTHER
panic at the disco	Panic! At The Disco	ROCK,PUNK,EMO,CLASSICAL
papa roach	Papa Roach	ROCK,HIP_HOP,PUNK,METAL
paper lace	Paper Lace	POP
paperboy	Paperboy	OTHER
papoose	Papoose	HIP_HOP,PUNK
parachute	Parachute	POP,ROCK,PUNK
parade	The Parade	POP
paramore	Paramore	POP,PUNK,EMO
pardison fontaine	Pardison Fontaine	HIP_HOP
paris hilton	Paris Hilton	POP
parker mcgee	Parker McGee	OTHER
parliament	Parliament	RNB,ELECTRONIC
parliament funkadelic	Parliament Funkadelic	OTHER
parliaments	The Parliaments	OTHER
parmalee	Parmalee	COUNTRY
partland brothers	The Partland Brothers	OTHER
partners in kryme	Partners In Kryme	OTHER
partynextdoor	PARTYNEXTDOOR	POP,HIP_HOP,RNB
pasadenas	The Pasadenas	RNB
passenger	Passenger	POP
passion	Passion	OTHER
passion pit	Passion Pit	POP,ROCK,ELECTRONIC
pastor troy	Pastor Troy	HIP_HOP
pat benatar	Pat Benatar	POP,ROCK,ELECTRONIC
pat green	Pat Green	COUNTRY
pat metheny group	Pat Metheny Group	RNB,JAZZ
pat travers	Pat Travers	ROCK,RNB
pat travers band	Pat Travers Band	OTHER
patra	Patra	OTHER
patrice rushen	Patrice Rushen	RNB,ELECTRONIC
patrick hernandez	Patrick Hernandez	ELECTRONIC
patrick simmons	Patrick Simmons	POP
patrick stump	Patrick Stump	PUNK
patrick swayze	Patrick Swayze	POP
patti austin	Patti Austin	POP,RNB,JAZZ
patti drew	Patti Drew	RNB
patti labelle	Patti LaBelle	RNB,ELECTRONIC
patti page	Patti Page	POP,COUNTRY
patty and the emblems	Patty & The Emblems	RNB
patty duke	Patty Duke	POP
patty loveless	Patty Loveless	COUNTRY
patty smyth	Patty Smyth	POP
paul anka	Paul Anka	POP,ROCK
paul carrack	Paul Carrack	POP
paul davis	Paul Davis	POP,ROCK,COUNTRY,FOLK
paul hardcastle	Paul Hardcastle	JAZZ
paul humphrey	Paul Humphrey	OTHER
paul kelly	Paul Kelly	RNB
paul lekakis	Paul Lekakis	OTHER
paul mauriat	Paul Mauriat	POP
paul mccartney	Paul McCartney	POP,ROCK,FOLK
paul peek	Paul Peek	OTHER
paul revere	Paul Revere	OTHER
paul revere and the raiders	Paul Revere & The Raiders	POP,ROCK,PUNK,FOLK
paul shaffer	Paul Shaffer	JAZZ
paul simon	Paul Simon	POP,ROCK,FOLK
paul stanley	Paul Stanley	ROCK,METAL
paul vance	Paul Vance	OTHER
paul wall	Paul Wall	HIP_HOP
paul williams	Paul Williams	OTHER
paul young	Paul Young	POP,ROCK,ELECTRONIC
paula abdul	Paula Abdul	POP
paula cole	Paula Cole	POP,FOLK
paula deanda	Paula DeAnda	POP,RNB
paulina rubio	Paulina Rubio	POP,LATIN
peabo bryson	Peabo Bryson	POP,RNB
peach union	Peach Union	OTHER
peaches and herb	Peaches & Herb	RNB,ELECTRONIC
peanut butter conspiracy	The Peanut Butter Conspiracy	ROCK
pearl jam	Pearl Jam	ROCK
pebbles	Pebbles	RNB
peedi crakk	Peedi Crakk	HIP_HOP
peels	The Peels	OTHER
peggy lee	Peggy Lee	POP,JAZZ
peggy scott adams	Peggy Scott-Adams	RNB
peggy scott and jo jo benson	Peggy Scott & Jo Jo Benson	OTHER
penny mclean	Penny McLean	OTHER
pentatonix	Pentatonix	OTHER
people s choice	People's Choice	RNB,ELECTRONIC
peppermint rainbow	Peppermint Rainbow	POP
peppers	The Peppers	OTHER
percy faith and his orchestra	Percy Faith & His Orchestra	POP
percy sledge	Percy Sledge	POP,RNB
perfect gentlemen	Perfect Gentlemen	OTHER
perfect stranger	Perfect Stranger	ROCK,ELECTRONIC
perry como	Perry Como	POP,JAZZ
persuaders	The Persuaders	RNB
pet shop boys	Pet Shop Boys	POP,ROCK,ELECTRONIC
pete rock and c l smooth	Pete Rock & C.L. Smooth	HIP_HOP,PUNK
pete seeger	Pete Seeger	FOLK
pete townshend	Pete Townshend	POP,ROCK,PUNK,FOLK
peter allen	Peter Allen	ROCK
peter and gordon	Peter And Gordon	POP,ROCK,RNB,FOLK
peter brown	Peter Brown	OTHER
peter cetera	Peter Cetera	POP
peter frampton	Peter Frampton	POP,ROCK,RNB,COUNTRY,FOLK
peter gabriel	Peter Gabriel	POP,ROCK
peter gunz	Peter Gunz	OTHER
peter mccann	Peter McCann	OTHER
peter murphy	Peter Murphy	ROCK,ELECTRONIC
peter nero	Peter Nero	POP
peter paul and mary	Peter, Paul and Mary	POP,FOLK
peter sarstedt	Peter Sarstedt	FOLK
peter schilling	Peter Schilling	POP,ROCK
peter shelley	Peter Shelley	OTHER
peter skellern	Peter Skellern	POP
peter tosh	Peter Tosh	OTHER
peter wolf	Peter Wolf	ROCK
peter yarrow	Peter Yarrow	OTHER
petey pablo	Petey Pablo	POP,HIP_HOP
petula clark	Petula Clark	POP,ROCK,FOLK
phajja	Phajja	OTHER
pharcyde	The Pharcyde	HIP_HOP,PUNK
pharoahe monch	Pharoahe Monch	HIP_HOP,PUNK
pharrell williams	Pharrell Williams	POP,HIP_HOP
phil collins	Phil Collins	POP
phil seymour	Phil Seymour	POP,ROCK
phil vassar	Phil Vassar	COUNTRY
philadelphia international all stars	The Philadelphia International All-Stars	OTHER
philip bailey	Philip Bailey	POP
phillip phillips	Phillip Phillips	POP
philly cream	Philly Cream	OTHER
philly devotions	Philly Devotions	OTHER
philly s most wanted	Philly's Most Wanted	HIP_HOP
phoebe bridgers	Phoebe Bridgers	POP,ROCK,FOLK,CLASSICAL
phoebe ryan	Phoebe Ryan	POP
phoebe snow	Phoebe Snow	RNB,FOLK
phoenix	Phoenix	POP,ROCK,ELECTRONIC,PUNK
phyllis nelson	Phyllis Nelson	OTHER
pia mia	Pia Mia	POP,HIP_HOP,RNB
pia zadora	Pia Zadora	OTHER
pickettywitch	Pickettywitch	POP
pied piper	Pied Piper	OTHER
piero umiliani	Piero Umiliani	POP,SOUNDTRACK
pigmeat markham	Pigmeat Markham	OTHER
pikotaro	PIKOTARO	OTHER
pilar montenegro	Pilar Montenegro	LATIN
pilot	Pilot	POP,ROCK
pimp c	Pimp C	HIP_HOP
pink floyd	Pink Floyd	ROCK
pink lady	Pink Lady	POP
pipkins	The Pipkins	OTHER
pips	The Pips	OTHER
pistol annies	Pistol Annies	COUNTRY
pitbull	Pitbull	POP,HIP_HOP,LATIN
pixies three	The Pixies Three	POP
placido domingo	Plácido Domingo	CLASSICAL
plain white t s	Plain White T's	POP,PUNK
planet soul	Planet Soul	ELECTRONIC
plastic bertrand	Plastic Bertrand	POP
plastic ono band	The Plastic Ono Band	ROCK
platinum blonde	Platinum Blonde	ROCK
platters	The Platters	POP,ROCK,RNB
play n skillz	Play-N-Skillz	HIP_HOP
playa	Playa	OTHER
playboi carti	Playboi Carti	POP,HIP_HOP
player	Player	POP
pleasure	Pleasure	RNB,ELECTRONIC
pleasure p	Pleasure P	POP,HIP_HOP,RNB
plies	Plies	HIP_HOP
plimsouls	The Plimsouls	POP
pmd	PMD	OTHER
pnb rock	PnB Rock	POP,HIP_HOP
pockets	Pockets 	OTHER
poco	Poco	POP,ROCK,COUNTRY,FOLK
poets	The Poets	ROCK,RNB
point blank	Point Blank	OTHER
pointer sisters	The Pointer Sisters	POP,RNB,ELECTRONIC
poison	Poison	ROCK,METAL
police	The Police	POP,ROCK,ELECTRONIC
polly brown	Polly Brown	OTHER
polow da don	Polow Da Don	OTHER
pop tops	Pop Tops	LATIN
poppies	The Poppies	OTHER
poppy family	The Poppy Family	POP,ROCK,FOLK
porno for pyros	Porno for Pyros	ROCK,METAL
porter wagoner	Porter Wagoner	COUNTRY
portishead	Portishead	POP,ELECTRONIC
portrait	Portrait	RNB
portugal the man	Portugal. The Man	POP,ROCK
positive k	Positive K	HIP_HOP
post malone	Post Malone	POP,HIP_HOP
postal service	The Postal Service	POP,ROCK,FOLK
potliquor	Potliquor	OTHER
power station	The Power Station	POP,ROCK,ELECTRONIC
pozo seco singers	Pozo Seco Singers	FOLK
pras	Pras	HIP_HOP
pratt and mcclain	Pratt & McClain	OTHER
precisions	The Precisions	RNB
prelude	Prelude	OTHER
premiers	The Premiers	ROCK
presidents	The Presidents	OTHER
presidents of the united states of america	The Presidents Of The United States Of America	POP,ROCK,METAL
pressha	Pressha	OTHER
pretenders	Pretenders	POP,ROCK,ELECTRONIC,FOLK
pretty poison	Pretty Poison	OTHER
pretty ricky	Pretty Ricky	POP,HIP_HOP,RNB
prince	Prince	RNB
prince buster	Prince Buster	ROCK,PUNK
prince markie dee and the soul convention	Prince Markie Dee And The Soul Convention	OTHER
prince royce	Prince Royce	POP,LATIN
priscilla	Priscilla	OTHER
prism	Prism	ROCK
proclaimers	The Proclaimers	ROCK
procol harum	Procol Harum	POP,ROCK,RNB,FOLK
prodigy	The Prodigy	ELECTRONIC,PUNK
project pat	Project Pat	HIP_HOP
pseudo echo	Pseudo Echo	POP,ROCK,ELECTRONIC
psy	PSY	POP
psychedelic furs	The Psychedelic Furs	POP,ROCK,ELECTRONIC,PUNK
public announcement	Public Announcement	RNB
public enemy	Public Enemy	HIP_HOP,PUNK
puddle of mudd	Puddle Of Mudd	POP,ROCK,HIP_HOP,PUNK,METAL
puff daddy and faith evans featuring 112	Puff Daddy & Faith Evans (Featuring 112)	OTHER
puff johnson	Puff Johnson	OTHER
pure prairie league	Pure Prairie League	POP,ROCK,COUNTRY,FOLK
pusha t	Pusha T	HIP_HOP
pussycat dolls	The Pussycat Dolls	POP,HIP_HOP,RNB
pyramids	The Pyramids	ROCK
python lee jackson	Python Lee Jackson	OTHER
q	Q	OTHER
q feel	Q-Feel	OTHER
q tip	Q-Tip	HIP_HOP,RNB,PUNK
qb finest	QB Finest	OTHER
qkumba zoo	Qkumba Zoo	OTHER
qt	QT	OTHER
quad city dj s	Quad City DJ's	ELECTRONIC
quando rondo	Quando Rondo	HIP_HOP
quarterflash	Quarterflash	POP,ROCK
quavo	Quavo	POP,HIP_HOP
queen	Queen	ROCK
queen latifah	Queen Latifah	POP,HIP_HOP,SOUNDTRACK
queen naija	Queen Naija	POP,RNB
queen pen	Queen Pen	POP,HIP_HOP
queens of the stone age	Queens of the Stone Age	ROCK,RNB,METAL
queensryche	Queensrÿche	ROCK,METAL
quicksilver messenger service	Quicksilver Messenger Service	ROCK,RNB,COUNTRY,FOLK
quiet riot	Quiet Riot	ROCK,METAL
quincy jones	Quincy Jones	RNB,ELECTRONIC
r b greaves	R.B. Greaves	OTHER
r city	R. City	OTHER
r dean taylor	R. Dean Taylor	POP,RNB
r e m	R.E.M.	POP,ROCK
r kelly	R. Kelly	OTHER
r l	R.L.	OTHER
raab	Raab	OTHER
rachel platten	Rachel Platten	POP
rachel sweet	Rachel Sweet	ROCK
raconteurs	The Raconteurs	ROCK,RNB
radiants	The Radiants	RNB
radiohead	Radiohead	ROCK
rae sremmurd	Rae Sremmurd	POP,HIP_HOP
raekwon	Raekwon	HIP_HOP,PUNK
raelynn	RaeLynn	COUNTRY
rag dolls	The Rag Dolls	OTHER
rag n bone man	Rag'n'Bone Man	RNB
rage against the machine	Rage Against The Machine	ROCK,HIP_HOP,METAL
raheem devaughn	Raheem DeVaughn	POP,RNB
rahzel	Rahzel	HIP_HOP
raiders	The Raiders	ELECTRONIC
rainbow	Rainbow	ROCK,METAL
raindrops	The Raindrops	POP
rakim	Rakim	HIP_HOP,PUNK
ralph tresvant	Ralph Tresvant	RNB
ram jam	Ram Jam	ROCK
ramones	Ramones	ROCK,PUNK
rampage	Rampage	OTHER
ramsey lewis	Ramsey Lewis	RNB,JAZZ
ramsey lewis trio	Ramsey Lewis Trio	RNB
randy crawford	Randy Crawford	POP,RNB,ELECTRONIC
randy houser	Randy Houser	COUNTRY
randy jackson	Randy Jackson	OTHER
randy meisner	Randy Meisner	POP
randy newman	Randy Newman	FOLK,SOUNDTRACK
randy travis	Randy Travis	COUNTRY
randy vanwarmer	Randy VanWarmer	POP
range	The Range	POP
raphael saadiq	Raphael Saadiq	RNB
rappin 4 tay	Rappin' 4-Tay	HIP_HOP,RNB
rare earth	Rare Earth	ROCK,RNB
rascal flatts	Rascal Flatts	COUNTRY
rascals	The Rascals	POP
raspberries	Raspberries	POP,ROCK
ratatat	Ratatat	ELECTRONIC
rationals	The Rationals	ROCK
ratt	Ratt	ROCK,METAL
rattles	The Rattles	POP,ROCK
raven symone	Raven-Symoné	POP
ray	Ray	OTHER
ray barretto	Ray Barretto	LATIN
ray charles	Ray Charles	POP,RNB,JAZZ
ray charles orchestra	Ray Charles Orchestra	OTHER
ray charles singers	The Ray Charles Singers	POP
ray conniff	Ray Conniff	POP
ray conniff singers	The Ray Conniff Singers	POP
ray goodman and brown	Ray, Goodman & Brown	RNB
ray j	Ray J	RNB
ray kennedy	Ray Kennedy	POP
ray lamontagne	Ray LaMontagne	POP,FOLK
ray parker jr	Ray Parker, Jr.	RNB,ELECTRONIC
ray peterson	Ray Peterson	POP,ROCK,RNB
ray price	Ray Price	COUNTRY
ray stevens	Ray Stevens	POP,COUNTRY
raydio	Raydio	POP
rayvon	Rayvon	OTHER
rbd	RBD	OTHER
re flex	Re-Flex	POP
ready for the world	Ready For The World	POP,RNB,ELECTRONIC
ready set	The Ready Set	POP,PUNK,EMO
real life	Real Life	POP,ROCK,ELECTRONIC
real mccoy	Real McCoy	POP,ELECTRONIC
real thing	The Real Thing	RNB,ELECTRONIC
reality	Reality	OTHER
reba mcentire	Reba McEntire	COUNTRY
rebbie jackson	Rebbie Jackson	RNB
rebecca black	Rebecca Black	POP
rebecca lynn howard	Rebecca Lynn Howard	COUNTRY
rebekah	Rebekah	OTHER
rebel pebbles	The Rebel Pebbles	OTHER
records	The Records	POP,ROCK
red hot chili peppers	Red Hot Chili Peppers	ROCK,RNB,METAL
red jumpsuit apparatus	The Red Jumpsuit Apparatus	POP,ROCK,PUNK,EMO
red rider	Red Rider	ROCK
red rockers	Red Rockers	POP
red sovine	Red Sovine	COUNTRY
redbone	Redbone	OTHER
reddings	The Reddings	RNB,ELECTRONIC
redhead kingpin	Redhead Kingpin	OTHER
redman	Redman	HIP_HOP,PUNK
rednex	Rednex	POP,ELECTRONIC
reel 2 real	Reel 2 Real	ELECTRONIC
reel tight	Reel Tight	OTHER
reeve carney	Reeve Carney	SOUNDTRACK
reflections	Reflections	OTHER
regina	Regina	OTHER
regina belle	Regina Belle	RNB,ELECTRONIC
regina spektor	Regina Spektor	POP,ROCK,FOLK,CLASSICAL
rehab	Rehab	HIP_HOP,COUNTRY
reik	Reik	POP,LATIN
reina	Reina	ELECTRONIC
rej3ctz	Rej3ctz	OTHER
rejoice	Rejoice!	OTHER
relient k	Relient K	POP,ROCK,PUNK
rell	Rell	OTHER
rembrandts	The Rembrandts	POP
remedy	Remedy	OTHER
remo	Remo	OTHER
remy boyz	Remy Boyz	OTHER
remy ma	Remy Ma	POP,HIP_HOP,RNB
remy shand	Remy Shand	POP,RNB
rene and angela	Rene & Angela	RNB,ELECTRONIC
rene and rene	Rene & Rene	OTHER
rentals	The Rentals	POP,ROCK
reo speedwagon	REO Speedwagon	POP,ROCK,FOLK
reparata	Reparata	OTHER
replacements	The Replacements	POP,ROCK,COUNTRY,ELECTRONIC,PUNK,FOLK
republica	Republica	POP
restless heart	Restless Heart	COUNTRY
reunion	Reunion	OTHER
revivalists	The Revivalists	ROCK
rex smith	Rex Smith	POP
rhiannon giddens	Rhiannon Giddens	FOLK
rhinoceros	Rhinoceros	METAL
rhythm heritage	Rhythm Heritage	OTHER
ric a che	Ric-A-Che'	OTHER
ric ocasek	Ric Ocasek	OTHER
ricegum	Ricegum	OTHER
rich boy	Rich Boy	HIP_HOP
rich gang	Rich Gang	HIP_HOP
rich homie quan	Rich Homie Quan	HIP_HOP
rich kidz	Rich Kidz	HIP_HOP
rich the kid	Rich The Kid	HIP_HOP
richard and the young lions	Richard And The Young Lions	OTHER
richard burton	Richard Burton	OTHER
richard chamberlain	Richard Chamberlain	OTHER
richard dimples fields	Richard Dimples Fields	OTHER
richard groove holmes	Richard "Groove" Holmes	RNB,JAZZ
richard harris	Richard Harris	OTHER
richard hayman	Richard Hayman	OTHER
richard marx	Richard Marx	POP,ROCK
richie furay	Richie Furay	OTHER
richie havens	Richie Havens	ROCK,FOLK
richie rich	Richie Rich	HIP_HOP,RNB
richie sambora	Richie Sambora	ROCK,METAL
rick astley	Rick Astley	POP,ROCK,ELECTRONIC
rick derringer	Rick Derringer	ROCK,RNB
rick james	Rick James	RNB,ELECTRONIC
rick ross	Rick Ross	HIP_HOP
rick springfield	Rick Springfield	POP,ROCK,ELECTRONIC
rickie lee jones	Rickie Lee Jones	POP,ROCK,COUNTRY,FOLK
ricky martin	Ricky Martin	POP,LATIN
ricky nelson	Ricky Nelson	POP,ROCK,RNB,COUNTRY,FOLK
rico love	Rico Love	RNB
riff	Riff	OTHER
right said fred	Right Said Fred	POP,ELECTRONIC
righteous brothers	The Righteous Brothers	POP,ROCK,RNB,FOLK
rihanna	Rihanna	POP,RNB
ringo starr	Ringo Starr	POP,ROCK,FOLK
rings	The Rings	PUNK
rip chords	The Rip Chords	ROCK
ripple	Ripple	OTHER
rise against	Rise Against	ROCK,HIP_HOP,PUNK,METAL
rita coolidge	Rita Coolidge	POP,FOLK
rita ora	Rita Ora	POP,ELECTRONIC
rita pavone	Rita Pavone	POP
ritchie family	The Ritchie Family	RNB,ELECTRONIC
ritchie valens	Ritchie Valens	POP,ROCK,RNB
rivers cuomo	Rivers Cuomo	ROCK
rivieras	The Rivieras	ROCK,RNB
rixton	Rixton	POP
rkm	RKM	LATIN
roachford	Roachford	RNB
rob base	Rob Base	HIP_HOP,ELECTRONIC
rob jungklas	Rob Jungklas	OTHER
rob thomas	Rob Thomas	POP,ROCK
rob tone	Rob $tone	HIP_HOP
robbie dupree	Robbie Dupree	POP
robbie nevil	Robbie Nevil	POP
robbie patton	Robbie Patton	POP
robbie williams	Robbie Williams	POP
robert cray band	The Robert Cray Band	RNB
robert gordon	Robert Gordon	ROCK
robert goulet	Robert Goulet	POP
robert john	Robert John	POP
robert knight	Robert Knight	OTHER
robert miles	Robert Miles	ELECTRONIC
robert palmer	Robert Palmer	POP,ROCK,ELECTRONIC,FOLK
robert parker	Robert Parker	OTHER
robert plant	Robert Plant	POP,ROCK,RNB,FOLK
robert tepper	Robert Tepper	ROCK
roberta flack	Roberta Flack	POP,RNB,ELECTRONIC,JAZZ,FOLK
roberta flack and donny hathaway	Roberta Flack & Donny Hathaway	OTHER
roberta flack with maxi priest	Roberta Flack with Maxi Priest	OTHER
robey	Robey	OTHER
robin george	Robin George	OTHER
robin gibb	Robin Gibb	OTHER
robin lane and the chartbusters	Robin Lane & The Chartbusters	OTHER
robin s	Robin S	ELECTRONIC
robin schulz	Robin Schulz	POP,ELECTRONIC
robin thicke	Robin Thicke	POP,RNB
robin trower	Robin Trower	ROCK,RNB
robin ward	Robin Ward	POP
robin zander	Robin Zander	OTHER
robyn	Robyn	POP,ELECTRONIC
roc project	The Roc Project	ELECTRONIC
rock and hyde	Rock & Hyde	ROCK
rock flowers	Rock Flowers	OTHER
rock heroes	The Rock Heroes	OTHER
rockell	Rockell	OTHER
rockets	The Rockets	OTHER
rocko	Rocko	HIP_HOP
rockpile	Rockpile	POP,ROCK
rockwell	Rockwell	OTHER
rocky burnette	Rocky Burnette	OTHER
rod hart	Rod Hart	OTHER
rod mckuen	Rod McKuen	OTHER
rod stewart	Rod Stewart	POP,ROCK
roddy ricch	Roddy Ricch	HIP_HOP
rodney	Rodney	OTHER
rodney atkins	Rodney Atkins	COUNTRY
rodney crowell	Rodney Crowell	ROCK,COUNTRY,FOLK
rodney o and joe cooley	Rodney-O & Joe Cooley	ELECTRONIC
rodway	Rodway	OTHER
roger	Roger	RNB,ELECTRONIC
roger daltrey	Roger Daltrey	ROCK
roger hodgson	Roger Hodgson	ROCK
roger miller	Roger Miller	COUNTRY,FOLK
roger voudouris	Roger Voudouris	POP
roger whittaker	Roger Whittaker	POP
roger williams	Roger Williams	POP
rolling stones	The Rolling Stones	ROCK,PUNK
roman gianarthur	Roman GianArthur	OTHER
roman holliday	Roman Holliday	ROCK
romantics	The Romantics	POP,ROCK,ELECTRONIC
rome	Rome	OTHER
romeo s daughter	Romeo's Daughter	ROCK
romeo santos	Romeo Santos	LATIN
romeo void	Romeo Void	POP,ROCK,ELECTRONIC
romeos	The Romeos	OTHER
ron browz	Ron Browz	HIP_HOP
ronald isley	Ronald Isley	RNB
ronettes	The Ronettes	POP,ROCK,RNB
ronnie dove	Ronnie Dove	POP
ronnie dunn	Ronnie Dunn	COUNTRY
ronnie dyson	Ronnie Dyson	RNB
ronnie hawkins	Ronnie Hawkins	ROCK,RNB
ronnie laws	Ronnie Laws	RNB,JAZZ
ronnie mcdowell	Ronnie McDowell	POP,COUNTRY
ronnie milsap	Ronnie Milsap	COUNTRY
ronnie spector	Ronnie Spector	POP
ronny and the daytonas	Ronny & The Daytonas	POP,ROCK
roots	The Roots	HIP_HOP,RNB,PUNK
rosanne cash	Rosanne Cash	POP,ROCK,COUNTRY,FOLK
roscoe dash	Roscoe Dash	HIP_HOP
rose garden	The Rose Garden	OTHER
rose royce	Rose Royce	RNB,ELECTRONIC
rosemary clooney	Rosemary Clooney	POP,JAZZ
ross lynch	Ross Lynch	POP,SOUNDTRACK
rossington collins band	Rossington Collins Band	ROCK
rotary connection	Rotary Connection	RNB
rough trade	Rough Trade	ROCK
roula	Roula	OTHER
rowans	The Rowans	OTHER
roxanne	Roxanne	OTHER
roxette	Roxette	POP
roxy music	Roxy Music	POP,ROCK,ELECTRONIC,PUNK
roy clark	Roy Clark	COUNTRY
roy head	Roy Head	OTHER
roy head and the traits	Roy Head & The Traits	OTHER
roy orbison	Roy Orbison	POP,ROCK,FOLK
royal guardsmen	The Royal Guardsmen	POP
royal philharmonic orchestra	Royal Philharmonic Orchestra	CLASSICAL
royce da 5 9	Royce Da 5'9"	HIP_HOP,PUNK
rozalla	Rozalla	ELECTRONIC
rozetta johnson	Rozetta Johnson	OTHER
rtz	Rtz	OTHER
ruben studdard	Ruben Studdard	RNB
rubettes	The Rubettes	POP,ROCK
rubicon	Rubicon	OTHER
rubinoos	The Rubinoos	POP,ROCK
ruby and the romantics	Ruby And The Romantics	RNB
ruby andrews	Ruby Andrews	RNB
ruby winters	Ruby Winters	OTHER
rude boys	The Rude Boys	OTHER
rudimental	Rudimental	POP,RNB,ELECTRONIC
ruff endz	Ruff Endz	RNB
ruffneck	Ruffneck	PUNK
rufus	Rufus	RNB,ELECTRONIC
rufus and chaka khan	Rufus & Chaka Khan	RNB
rufus blaq	Rufus Blaq	OTHER
rufus thomas	Rufus Thomas	RNB
rugbys	The Rugbys	OTHER
run d m c	Run–D.M.C.	HIP_HOP,PUNK
rupaul	RuPaul	POP,ELECTRONIC
rupee	Rupee	ELECTRONIC
rupert holmes	Rupert Holmes	POP
rush	Rush	ROCK,METAL
russ	Russ	POP,HIP_HOP
russ ballard	Russ Ballard	OTHER
russ irwin	Russ Irwin	OTHER
russell dickerson	Russell Dickerson	COUNTRY
rusted root	Rusted Root	ROCK
rusty wier	Rusty Wier	OTHER
ruth b	Ruth B.	POP
rvssian	Rvssian	HIP_HOP,LATIN
ryan cabrera	Ryan Cabrera	POP
ryan leslie	Ryan Leslie	RNB
rza	RZA	HIP_HOP,PUNK
s club 7	S Club 7	POP,ELECTRONIC,SOUNDTRACK
s express	S'Express	ELECTRONIC
s o a p	S.O.A.P.	ELECTRONIC
s o s band	The S.O.S Band	RNB,ELECTRONIC
s o u l s y s t e m	S.O.U.L. S.Y.S.T.E.M.	OTHER
s s o	S.S.O	OTHER
sabrina carpenter	Sabrina Carpenter	POP
sacario	Sacario	OTHER
sad cafe	Sad Café	POP
sadat x	Sadat X	HIP_HOP,PUNK
sade	Sade	RNB
sadiyyah	Sadiyyah	OTHER
safire	Safire	OTHER
saga	Saga	ROCK
sagat	Sagat	OTHER
sage the gemini	Sage The Gemini	POP,HIP_HOP
sagittarius	Sagittarius	POP
saigon kick	Saigon Kick	ROCK,METAL
sailcat	Sailcat	OTHER
saliva	Saliva	ROCK,HIP_HOP,METAL
sally field	Sally Field	OTHER
salsoul orchestra	The Salsoul Orchestra	RNB,ELECTRONIC
salt n pepa	Salt-N-Pepa	POP,HIP_HOP,ELECTRONIC
sam and bill	Sam and Bill	RNB
sam and dave	Sam & Dave	POP,RNB
sam brown	Sam Brown	POP,RNB
sam cooke	Sam Cooke	POP,ROCK,RNB
sam dew	Sam Dew	OTHER
sam harris	Sam Harris	OTHER
sam hunt	Sam Hunt	COUNTRY
sam salter	Sam Salter	RNB
sam smith	Sam Smith	POP
sam the sham and the pharaohs	Sam The Sham & The Pharaohs	POP,ROCK,PUNK,FOLK
samantha barks	Samantha Barks	SOUNDTRACK
samantha cole	Samantha Cole	OTHER
samantha fox	Samantha Fox	POP,ELECTRONIC
samantha mumba	Samantha Mumba	POP,ELECTRONIC
samantha sang	Samantha Sang	OTHER
sammi smith	Sammi Smith	COUNTRY
sammie	Sammie	POP,RNB
sammy adams	Sammy Adams	HIP_HOP
sammy davis jr	Sammy Davis Jr.	POP,JAZZ
sammy hagar	Sammy Hagar	POP,ROCK,METAL
sammy johns	Sammy Johns	OTHER
sammy kershaw	Sammy Kershaw	COUNTRY
sampha	Sampha	RNB
san remo golden strings	The San Remo Golden Strings	OTHER
sandee	Sandee	OTHER
sandie shaw	Sandie Shaw	POP,ROCK
sandpipers	The Sandpipers	POP
sandy nelson	Sandy Nelson	POP,ROCK
sandy posey	Sandy Posey	POP,ROCK
sanford townsend band	Sanford Townsend Band	POP
santa esmeralda	Santa Esmeralda	ELECTRONIC
santana	Santana	ROCK,RNB
santino fontana	Santino Fontana	SOUNDTRACK
santo and johnny	Santo & Johnny	POP
sapphires	The Sapphires	RNB
sara bareilles	Sara Bareilles	POP
sara evans	Sara Evans	COUNTRY
sara ramirez	Sara Ramirez	SOUNDTRACK
sarah buxton	Sarah Buxton	COUNTRY
sarah connor	Sarah Connor	POP
sarah dash	Sarah Dash	ELECTRONIC
sarah mclachlan	Sarah McLachlan	POP,ROCK,FOLK
sarah vaughan	Sarah Vaughan	POP,RNB,JAZZ,LATIN
saraya	Saraya	METAL
sarina paris	Sarina Paris	ELECTRONIC
sasha	Sasha	OTHER
sass jordan	Sass Jordan	ROCK
satisfactions	The Satisfactions	OTHER
saudi	Saudi	OTHER
savage	Savage	HIP_HOP,ELECTRONIC
savage garden	Savage Garden	POP
saving abel	Saving Abel	ROCK,HIP_HOP,METAL
saving jane	Saving Jane	POP
savoy brown	Savoy Brown	ROCK,RNB,COUNTRY,FOLK
sawyer brown	Sawyer Brown	COUNTRY
sawyer fredericks	Sawyer Fredericks	OTHER
scaffold	The Scaffold	POP,ROCK
scandal	Scandal	POP
scar	Scar	OTHER
scarface	Scarface	HIP_HOP,PUNK
scarlett and black	Scarlett & Black	OTHER
scatman john	Scatman John	POP,ELECTRONIC
schoolboy q	ScHoolboy Q	POP,HIP_HOP
scorpions	Scorpions	ROCK,METAL
scott english	Scott English	OTHER
scott mckenzie	Scott McKenzie	POP,FOLK
scotty mccreery	Scotty McCreery	COUNTRY
script	The Script	POP,ROCK
scritti politti	Scritti Politti	POP,ROCK,ELECTRONIC
sea level	Sea Level	POP,ROCK
seal	Seal	POP,RNB
seals and crofts	Seals and Crofts	POP,ROCK,COUNTRY,FOLK
sean garrett	Sean Garrett	OTHER
sean kingston	Sean Kingston	POP,HIP_HOP,RNB
sean paul	Sean Paul	POP,ELECTRONIC
searchers	The Searchers	POP,ROCK,FOLK
seatrain	Seatrain	OTHER
secondhand serenade	Secondhand Serenade	POP,ROCK,PUNK
secrets	The Secrets	OTHER
seduction	Seduction	OTHER
seeds	The Seeds	POP,ROCK,PUNK,FOLK
seekers	The Seekers	POP,ROCK,FOLK
seether	Seether	ROCK,HIP_HOP,METAL
selena	Selena	LATIN
selena gomez	Selena Gomez	POP
selena gomez and the scene	Selena Gomez & The Scene	POP
senator bobby	Senator Bobby	OTHER
september	September	POP,ELECTRONIC
serendipity singers	The Serendipity Singers	FOLK
sergio mendes	Sérgio Mendes	LATIN
sergio mendes and brasil 66	Sergio Mendes & Brasil '66	POP,LATIN
serj tankian	Serj Tankian	ROCK,METAL
seven mary three	Seven Mary Three	POP,ROCK,METAL
sevyn streeter	Sevyn Streeter	POP,HIP_HOP,RNB
sf spanish fly	Sf Spanish Fly	OTHER
sha na na	Sha Na Na	SOUNDTRACK
shabba ranks	Shabba Ranks	ROCK,ELECTRONIC
shades of blue	Shades Of Blue	OTHER
shadows of knight	The Shadows Of Knight	POP,ROCK,PUNK
shaggy	Shaggy	POP,HIP_HOP
shaggy featuring marsha	Shaggy Featuring Marsha	OTHER
shai	Shai	POP,RNB
shakin stevens	Shakin' Stevens	POP,ROCK
shakira	Shakira	POP,LATIN
shalamar	Shalamar	RNB,ELECTRONIC
shamen	The Shamen	ELECTRONIC,PUNK
shana	Shana	OTHER
shangri las	The Shangri-Las	POP
shania twain	Shania Twain	POP,COUNTRY
shanice	Shanice	POP,RNB
shannon	Shannon	OTHER
shaquille o neal	Shaquille O'Neal	HIP_HOP
shareefa	Shareefa	POP,RNB
sharon paige	Sharon Paige	OTHER
shaun cassidy	Shaun Cassidy	POP
shawn christopher	Shawn Christopher	ELECTRONIC
shawn colvin	Shawn Colvin	POP,FOLK
shawn mendes	Shawn Mendes	POP
shawn mullins	Shawn Mullins	POP
shawn phillips	Shawn Phillips	FOLK
shawnna	Shawnna	POP,HIP_HOP
shawty lo	Shawty Lo	HIP_HOP
sheck wes	Sheck Wes	HIP_HOP
sheena easton	Sheena Easton	POP,ROCK
sheila	Sheila	OTHER
sheila e	Sheila E.	RNB
shelby flint	Shelby Flint	SOUNDTRACK
sheppard	Sheppard	POP,ROCK
sherbet	Sherbet	ROCK
sherbs	The Sherbs	OTHER
sheriff	Sheriff	ROCK
sherrie austin	Sherrié Austin	COUNTRY
sheryl crow	Sheryl Crow	POP,ROCK,FOLK
shifty shellshock	Shifty Shellshock	OTHER
shindogs	The Shindogs	OTHER
shinedown	Shinedown	ROCK,HIP_HOP,METAL
shins	The Shins	POP,ROCK,FOLK,CLASSICAL
shiny toy guns	Shiny Toy Guns	POP,ROCK,ELECTRONIC,PUNK
shirelles	The Shirelles	POP,ROCK,RNB
shirley bassey	Shirley Bassey	POP,JAZZ
shirley brown	Shirley Brown	RNB
shirley caesar	Shirley Caesar	OTHER
shirley ellis	Shirley Ellis	RNB
shirley murdock	Shirley Murdock	RNB
shocking blue	Shocking Blue	POP,ROCK,FOLK
shoes	Shoes	POP,ROCK
shontelle	Shontelle	POP
shooting star	Shooting Star	ROCK
shop boyz	Shop Boyz	HIP_HOP
shorty long	Shorty Long	RNB
shot in the dark	Shot In The Dark	OTHER
showmen	Showmen	OTHER
shwayze	Shwayze	HIP_HOP
shy glizzy	Shy Glizzy	HIP_HOP
shyheim	Shyheim	PUNK
shyne	Shyne	POP,HIP_HOP,PUNK
sia	Sia	POP,ELECTRONIC
sick puppies	Sick Puppies	ROCK,HIP_HOP,PUNK,METAL
sidekicks	The Sidekicks	OTHER
siedah garrett	Siedah Garrett	OTHER
silencers	The Silencers	ROCK
silento	Silentó	HIP_HOP
silk	Silk	POP,HIP_HOP,RNB
silkie	The Silkie	ROCK
silkk the shocker	Silkk The Shocker	HIP_HOP
silver	Silver	COUNTRY
silver condor	Silver Condor	OTHER
silver convention	Silver Convention	ELECTRONIC
silversun pickups	Silversun Pickups	POP,ROCK,PUNK,METAL
silvetti	Silvetti	OTHER
simon and garfunkel	Simon & Garfunkel	POP,ROCK,FOLK
simple minds	Simple Minds	POP,ROCK,ELECTRONIC
simple plan	Simple Plan	POP,ROCK,PUNK
simply red	Simply Red	POP,ROCK,RNB,ELECTRONIC
simpsons	The Simpsons	OTHER
sinead o connor	Sinéad O'Connor	POP,FOLK
sinitta	Sinitta	POP
siouxsie and the banshees	Siouxsie and the Banshees	POP,ROCK,ELECTRONIC,PUNK
sir douglas quintet	Sir Douglas Quintet	POP,ROCK,COUNTRY
sir mix a lot	Sir Mix-A-Lot	HIP_HOP,ELECTRONIC
sirah	Sirah	OTHER
sisqo	Sisqo	POP,HIP_HOP,RNB
sister hazel	Sister Hazel	POP,ROCK
sister janet mead	Sister Janet Mead	OTHER
sister sledge	Sister Sledge	POP,RNB,ELECTRONIC
sixpence none the richer	Sixpence None The Richer	POP
skee lo	Skee-Lo	HIP_HOP
skeeter davis	Skeeter Davis	POP,COUNTRY
skepta	Skepta	HIP_HOP
ski mask the slump god	Ski Mask The Slump God	HIP_HOP
skid row	Skid Row	ROCK,METAL
skillet	Skillet	ROCK,METAL
skip	Skip	OTHER
skip marley	Skip Marley	OTHER
skrillex	Skrillex	ELECTRONIC
skylar grey	Skylar Grey	POP,ROCK
skyliners	The Skyliners	POP,ROCK,RNB
skyy	Skyy	RNB,ELECTRONIC
slade	Slade	POP,ROCK,RNB
slash	Slash	ROCK
slaughter	Slaughter	ROCK,METAL
slaughterhouse	Slaughterhouse	HIP_HOP,PUNK
slave	Slave	RNB,ELECTRONIC
sleepy brown	Sleepy Brown	HIP_HOP,RNB
slick rick	Slick Rick	HIP_HOP,PUNK
slim harpo	Slim Harpo	RNB
slim jxmmi	Slim Jxmmi	HIP_HOP
slim thug	Slim Thug	HIP_HOP
slum village	Slum Village	HIP_HOP,RNB
sly and the family stone	Sly & The Family Stone	POP,ROCK,RNB,ELECTRONIC,FOLK
sly fox	Sly Fox	OTHER
sly stone	Sly Stone	RNB
small faces	Small Faces	POP,ROCK,RNB,PUNK,FOLK
smart e s	Smart E's	PUNK
smash mouth	Smash Mouth	POP,ROCK,PUNK
smashing pumpkins	The Smashing Pumpkins	POP,ROCK,METAL
smif n wessun	Smif-N-Wessun	HIP_HOP,PUNK
smilez and southstar	Smilez and Southstar	OTHER
smith	Smith	OTHER
smithereens	The Smithereens	POP,ROCK,ELECTRONIC
smokepurpp	Smokepurpp	HIP_HOP
smokey robinson	Smokey Robinson	RNB,ELECTRONIC
smokey robinson and the miracles	Smokey Robinson & The Miracles	POP,ROCK,RNB
smokie	Smokie	POP
smokie norful	Smokie Norful	RNB
smooth	Smooth	OTHER
smothers brothers	The Smothers Brothers	OTHER
snail	Snail	OTHER
snap	SNAP!	POP,ELECTRONIC
sneaker pimps	Sneaker Pimps	ELECTRONIC
sniff n the tears	Sniff 'n' The Tears	POP
snoop dogg	Snoop Dogg	HIP_HOP,RNB
snow	Snow	OTHER
snow patrol	Snow Patrol	POP,ROCK
so	So	OTHER
sob x rbe	SOB X RBE	HIP_HOP
sofi tukker	Sofi Tukker	ROCK
sofia carson	Sofia Carson	POP
soft cell	Soft Cell	POP,ROCK,ELECTRONIC,PUNK
soho	Soho	OTHER
soko	Soko	OTHER
solange	Solange	POP,RNB
solomon burke	Solomon Burke	RNB,JAZZ
somethin for the people	Somethin' For The People	RNB
somo	SoMo	POP,RNB
son by four	Son By Four	LATIN
sonique	Sonique	OTHER
sonny and cher	Sonny & Cher	POP,ROCK,FOLK
sonny charles and the checkmates ltd	Sonny Charles And The Checkmates Ltd	OTHER
sonny james	Sonny James	POP,COUNTRY
sonny knight	Sonny Knight	OTHER
sons of champlin	The Sons Of Champlin	OTHER
sons of funk	Sons Of Funk	OTHER
sophia grace	Sophia Grace	OTHER
sophie b hawkins	Sophie B. Hawkins	POP
sopwith camel	Sopwith Camel	ROCK
soshy	Soshy	OTHER
soul asylum	Soul Asylum	POP,ROCK
soul brothers six	The Soul Brothers Six	RNB
soul children	The Soul Children	RNB
soul clan	Soul Clan	OTHER
soul for real	Soul For Real	POP,RNB
soul ii soul	Soul II Soul	RNB,ELECTRONIC
soul ii soul featuring caron wheeler	Soul II Soul featuring Caron Wheeler	OTHER
soul sisters	The Soul Sisters	OTHER
soul sonic force	The Soul Sonic Force	OTHER
soul survivors	Soul Survivors	OTHER
soul train gang	Soul Train Gang	OTHER
soulful strings	The Soulful Strings	OTHER
soulja slim	Soulja Slim	HIP_HOP
souls of mischief	Souls Of Mischief	HIP_HOP,PUNK
soulsister	Soulsister	POP,ROCK
soundgarden	Soundgarden	ROCK,METAL
sounds of blackness	Sounds Of Blackness	RNB
sounds orchestral	Sounds Orchestral	OTHER
soup dragons	The Soup Dragons	ROCK
south shore commission	South Shore Commission	OTHER
souther hillman furay band	The Souther-Hillman-Furay Band	OTHER
southside johnny and the asbury jukes	Southside Johnny And The Asbury Jukes	ROCK
southwest f o b	Southwest F.O.B.	OTHER
space	Space	ELECTRONIC
spacehog	Spacehog	POP,ROCK
spandau ballet	Spandau Ballet	POP,ROCK,ELECTRONIC
spanky and our gang	Spanky & Our Gang	POP,ROCK,FOLK
sparks	Sparks	POP,ROCK,ELECTRONIC,PUNK
spats	The Spats	OTHER
special generation	Special Generation	RNB
spellbinders	The Spellbinders	RNB
spencer davis group	The Spencer Davis Group	POP,ROCK,RNB,PUNK,FOLK
spice girls	Spice Girls	POP
spider	Spider	OTHER
spin doctors	Spin Doctors	POP,ROCK
spinners	The Spinners	RNB,ELECTRONIC
spiral starecase	Spiral Starecase	OTHER
spirit	Spirit	OTHER
splender	Splender	POP
spokesmen	The Spokesmen	OTHER
sponge	Sponge	POP,ROCK
spooks	Spooks	OTHER
sports	THE SPORTS	ROCK
sporty thievz	Sporty Thievz	OTHER
spose	Spose	HIP_HOP
springfields	The Springfields	POP
spyder turner	Spyder Turner	RNB
spyro gyra	Spyro Gyra	RNB,JAZZ
spys	Spys	OTHER
squeak e clean	Squeak E. Clean	OTHER
squeeze	Squeeze	POP,ROCK,ELECTRONIC
st charles borromeo choir	The St. Charles Borromeo Choir	OTHER
st lunatics	St. Lunatics	HIP_HOP
stacey q	Stacey Q	OTHER
stacie orrico	Stacie Orrico	POP
stacy barthe	Stacy Barthe	OTHER
stacy earl	Stacy Earl	OTHER
stacy lattisaw	Stacy Lattisaw	RNB,ELECTRONIC
stage dolls	Stage Dolls	POP,ROCK
staind	Staind	ROCK,HIP_HOP,METAL
stampeders	Stampeders	ROCK
stan getz	Stan Getz	JAZZ,LATIN
standells	The Standells	ROCK,PUNK
stanley clarke	Stanley Clarke	RNB,JAZZ
staple singers	The Staple Singers	RNB
starbuck	Starbuck	POP
stardust	Stardust	OTHER
stargard	Stargard	ELECTRONIC
starland vocal band	Starland Vocal Band	POP
starley	Starley	OTHER
starpoint	Starpoint	RNB,ELECTRONIC
stars on 45	Stars On 45	ELECTRONIC
starship	Starship	POP,ROCK,ELECTRONIC
starz	Starz	OTHER
static major	Static Major	RNB
statler brothers	The Statler Brothers	COUNTRY
status quo	Status Quo	POP,ROCK,RNB
stealers wheel	Stealers Wheel	POP,ROCK,FOLK
steam	Steam	OTHER
steel breeze	Steel Breeze	OTHER
steel magnolia	Steel Magnolia	COUNTRY
steelheart	STEELHEART	ROCK,METAL
steely dan	Steely Dan	POP,ROCK,RNB,FOLK
stephanie mills	Stephanie Mills	RNB,ELECTRONIC
stephen bishop	Stephen Bishop	POP,COUNTRY,FOLK
stephen stills	Stephen Stills	POP,ROCK,RNB,COUNTRY,FOLK
steppenwolf	Steppenwolf	POP,ROCK,RNB,FOLK
stereo mc s	Stereo MC's	ELECTRONIC,JAZZ
stereos	The Stereos	OTHER
steve alaimo	Steve Alaimo	OTHER
steve aoki	Steve Aoki	POP,ELECTRONIC
steve arrington	Steve Arrington	RNB,ELECTRONIC
steve azar	Steve Azar	COUNTRY
steve forbert	Steve Forbert	POP,ROCK,COUNTRY,FOLK
steve greenberg	Steve Greenberg	OTHER
steve harley and cockney rebel	Steve Harley & Cockney Rebel	POP,ROCK
steve holy	Steve Holy	COUNTRY
steve kazee	Steve Kazee	SOUNDTRACK
steve lawrence	Steve Lawrence	POP
steve mandell	Steve Mandell	OTHER
steve martin	Steve Martin	COUNTRY
steve martin and the toot uncommons	Steve Martin and The Toot Uncommons	OTHER
steve miller band	Steve Miller Band	POP,ROCK,RNB,FOLK
steve perry	Steve Perry	POP,ROCK
steve wariner	Steve Wariner	COUNTRY
steve winwood	Steve Winwood	POP,ROCK,ELECTRONIC,FOLK
steven tyler	Steven Tyler	COUNTRY
stevie b	Stevie B	OTHER
stevie nicks	Stevie Nicks	POP,ROCK
stevie wonder	Stevie Wonder	RNB
sting	Sting	POP,ROCK
stone poneys	Stone Poneys	OTHER
stone sour	Stone Sour	ROCK,HIP_HOP,METAL
stone temple pilots	Stone Temple Pilots	POP,ROCK,METAL
stoney	Stoney	OTHER
stories	Stories	OTHER
strangeloves	The Strangeloves	ROCK
strangers	The Strangers	OTHER
strawberry alarm clock	Strawberry Alarm Clock	POP,ROCK,FOLK
stray cats	Stray Cats	ROCK
street people	Street People	OTHER
streets	Streets	OTHER
strokes	The Strokes	ROCK
stryper	Stryper	ROCK,METAL
style council	The Style Council	POP,ROCK,ELECTRONIC,PUNK
styles	The Styles	OTHER
styles of beyond	Styles Of Beyond	HIP_HOP
styles p	Styles P	HIP_HOP,PUNK
stylistics	The Stylistics	POP,RNB,ELECTRONIC
styx	Styx	POP,ROCK
sublime	Sublime	PUNK
sue thompson	Sue Thompson	POP,ROCK
suga free	Suga Free	HIP_HOP,RNB
suga t	Suga T	RNB
sugababes	Sugababes	POP,RNB,ELECTRONIC
sugar bears	The Sugar Bears	OTHER
sugar pie desanto	Sugar Pie DeSanto	RNB
sugar ray	Sugar Ray	POP,ROCK,PUNK,METAL
sugarhill gang	The Sugarhill Gang	HIP_HOP,RNB,ELECTRONIC
sugarland	Sugarland	POP,COUNTRY
sugarloaf	Sugarloaf	POP,ROCK
sum 41	Sum 41	ROCK,PUNK,METAL
summer walker	Summer Walker	POP,RNB
sun	Sun	RNB
sundance head	Sundance Head	OTHER
sunny sweeney	Sunny Sweeney	COUNTRY,FOLK
sunrays	The Sunrays	POP
sunscreem	Sunscreem	ELECTRONIC,PUNK
sunshine anderson	Sunshine Anderson	POP,RNB
sunshine company	The Sunshine Company	POP
super cat	Super Cat	ROCK,ELECTRONIC
superbs	The Superbs	RNB
superpower	Superpower	OTHER
supertramp	Supertramp	POP,ROCK,FOLK
supremes	The Supremes	POP,RNB,ELECTRONIC,FOLK
surface	Surface	POP,RNB
surfaris	The Surfaris	ROCK
survivor	Survivor	POP,ROCK
susan boyle	Susan Boyle	CLASSICAL
susan christie	Susan Christie	FOLK
susan jacks	Susan Jacks	OTHER
susan raye	Susan Raye	OTHER
susanna hoffs	Susanna Hoffs	POP
sutherland brothers and quiver	Sutherland Brothers & Quiver	POP
suzanne vega	Suzanne Vega	POP,ROCK,FOLK
suzi quatro	Suzi Quatro	POP,ROCK
swae lee	Swae Lee	HIP_HOP
swans	The Swans	OTHER
sweathog	Sweathog	OTHER
swedish house mafia	Swedish House Mafia	POP,ELECTRONIC
sweeney todd	Sweeney Todd	ROCK
sweet	Sweet	POP,ROCK,RNB
sweet dreams	Sweet Dreams	OTHER
sweet inspirations	The Sweet Inspirations	POP,RNB
sweet rush	Sweet Rush	OTHER
sweet sensation	Sweet Sensation	OTHER
sweetbox	Sweetbox	OTHER
swing out sister	Swing Out Sister	POP,ROCK
swingin medallions	Swingin' Medallions	ROCK
swinging blue jeans	The Swinging Blue Jeans	POP,ROCK,FOLK
swirl 360	Swirl 360	OTHER
switch	Switch	OTHER
switchfoot	Switchfoot	POP,ROCK
swizz beatz	Swizz Beatz	HIP_HOP
swon brothers	The Swon Brothers	COUNTRY
swv	SWV	POP,HIP_HOP,RNB
sybil	Sybil	ELECTRONIC
syd	Syd	HIP_HOP,RNB
sydney youngblood	Sydney Youngblood	OTHER
syl johnson	Syl Johnson	RNB
syleena johnson	Syleena Johnson	POP,RNB
sylvers	The Sylvers	RNB,ELECTRONIC
sylvester	Sylvester	ELECTRONIC
sylvia	Sylvia	OTHER
sylvie vartan	Sylvie Vartan	OTHER
syndicate of sound	Syndicate Of Sound	ROCK
syreeta	Syreeta	RNB
system	The System	RNB,ELECTRONIC
system of a down	System Of A Down	ROCK,METAL
sza	SZA	POP,HIP_HOP
t a t u	t.A.T.u.	POP
t bones	The T-Bones	OTHER
t boz	T-Boz	OTHER
t connection	T-Connection	RNB,ELECTRONIC
t g sheppard	T.G. Sheppard	COUNTRY
t i	T.I.	POP,HIP_HOP
t o k	T.O.K.	ELECTRONIC
t p e	T.P.E.	OTHER
t pain	T-Pain	POP,HIP_HOP,RNB
t pau	T'Pau	POP,ROCK,ELECTRONIC
t rex	T. Rex	ROCK,RNB,ELECTRONIC,PUNK,FOLK
t s monk	T.S. Monk	ELECTRONIC
t w d y	T.W.D.Y.	OTHER
t wayne	T-Wayne	HIP_HOP
taco	Taco	OTHER
tag	Tag	OTHER
tag team	Tag Team	OTHER
taio cruz	Taio Cruz	POP,HIP_HOP,ELECTRONIC
taja sevelle	Taja Sevelle	OTHER
take that	Take That	POP,SOUNDTRACK
takeoff	Takeoff	HIP_HOP
taking back sunday	Taking Back Sunday	POP,ROCK,PUNK,EMO
tal bachman	Tal Bachman	POP
talib kweli	Talib Kweli	HIP_HOP,PUNK
talk talk	Talk Talk	POP,ROCK,ELECTRONIC
talking heads	Talking Heads	ROCK,RNB,ELECTRONIC,PUNK
tamar braxton	Tamar Braxton	POP,RNB
tami davis	Tami Davis	OTHER
tamia	Tamia	POP,RNB
tamiko jones	Tamiko Jones	OTHER
tammi terrell	Tammi Terrell	RNB
tammy cochran	Tammy Cochran	COUNTRY
tammy wynette	Tammy Wynette	COUNTRY
tams	The Tams	RNB
tane cain	Tane Cain	OTHER
tangier	Tangier	ROCK,METAL
tank	Tank	OTHER
tanto metro and devonte	Tanto Metro & Devonte	ELECTRONIC
tanya tucker	Tanya Tucker	COUNTRY
tara kemp	Tara Kemp	OTHER
tarrus riley	Tarrus Riley	ROCK,ELECTRONIC
tasha thomas	Tasha Thomas	ELECTRONIC
tasmin archer	Tasmin Archer	POP
tateeze	Tateeze	OTHER
tatyana ali	Tatyana Ali	OTHER
tavares	Tavares	RNB,ELECTRONIC
tay dizm	Tay Dizm	HIP_HOP
tay k	Tay-K	HIP_HOP
taylor dayne	Taylor Dayne	POP,ELECTRONIC
taylor hicks	Taylor Hicks	POP
taylor swift	Taylor Swift	POP
teairra mari	Teairra Marí	POP,RNB
team 10	Team 10	OTHER
tears for fears	Tears For Fears	POP,ROCK,ELECTRONIC
tech n9ne	Tech N9ne	HIP_HOP
technotronic	Technotronic	POP,ELECTRONIC
ted nugent	Ted Nugent	ROCK,RNB,METAL
ted taylor	Ted Taylor	RNB
teddy geiger	Teddy Geiger	POP
teddy pendergrass	Teddy Pendergrass	RNB,ELECTRONIC
teddy riley	Teddy Riley	RNB
tee grizzley	Tee Grizzley	HIP_HOP
tee set	Tee-Set	POP
teena marie	Teena Marie	RNB,ELECTRONIC
tegan and sara	Tegan and Sara	POP,ROCK
tela	Tela	HIP_HOP
telepopmusik	Télépopmusik	ELECTRONIC,JAZZ
temprees	The Temprees	RNB
temptations	The Temptations	RNB
ten years after	Ten Years After	ROCK,RNB,FOLK
tenacious d	Tenacious D	ROCK,METAL
tennessee three	Tennessee Three	OTHER
terence trent d arby	Terence Trent D'Arby	POP,ROCK,ELECTRONIC
terri	Terri	OTHER
terri clark	Terri Clark	COUNTRY
terri gibbs	Terri Gibbs	OTHER
terror fabulous	Terror Fabulous	ROCK,ELECTRONIC
terror squad	Terror Squad	PUNK
terry black	Terry Black	OTHER
terry dexter	Terry Dexter	OTHER
terry ellis	Terry Ellis	OTHER
terry jacks	Terry Jacks	POP
terry knight and the pack	Terry Knight And The Pack	OTHER
terry mcdermott	Terry McDermott	OTHER
terry nelson	Terry Nelson	OTHER
terry stafford	Terry Stafford	OTHER
tesla	Tesla	ROCK,METAL
tessanne chin	Tessanne Chin	OTHER
tevin campbell	Tevin Campbell	POP,RNB
tex ritter	Tex Ritter	COUNTRY
texas	Texas	POP,ROCK,RNB,ELECTRONIC
teyana taylor	Teyana Taylor	POP,HIP_HOP,RNB
tha alkaholiks	Tha Alkaholiks	HIP_HOP,PUNK
tha dogg pound	Tha Dogg Pound	HIP_HOP,RNB,PUNK
tha eastsidaz	Tha Eastsidaz	HIP_HOP,RNB
tha rayne	Tha' Rayne	OTHER
thalia	Thalía	POP,LATIN
thee prophets	Thee Prophets	OTHER
thelma houston	Thelma Houston	RNB,ELECTRONIC
them	Them	POP,ROCK,RNB,PUNK,FOLK
theophilus london	Theophilus London	HIP_HOP
theory of a deadman	Theory of a Deadman	ROCK,HIP_HOP,METAL
thin lizzy	Thin Lizzy	ROCK,RNB,METAL
third eye blind	Third Eye Blind	POP,ROCK,PUNK
third rail	The Third Rail	OTHER
third world	Third World	ROCK
thirty seconds to mars	Thirty Seconds To Mars	ROCK,PUNK
thomas dolby	Thomas Dolby	POP,ROCK,ELECTRONIC,PUNK
thomas rhett	Thomas Rhett	COUNTRY
thompson square	Thompson Square	COUNTRY
thompson twins	Thompson Twins	POP,ROCK,ELECTRONIC
three 6 mafia	Three 6 Mafia	HIP_HOP
three days grace	Three Days Grace	ROCK,PUNK,METAL
three degrees	The Three Degrees	POP,RNB,ELECTRONIC
three dog night	Three Dog Night	POP,ROCK,RNB,COUNTRY,FOLK
thriving ivory	Thriving Ivory	POP,ROCK
thunder	Thunder	ROCK,METAL
thundercat	Thundercat	HIP_HOP
thunderclap newman	Thunderclap Newman	POP
tia	Tia	POP
tiana	Tiana	OTHER
tierra	Tierra	RNB
tiesto	Tiësto	POP,ELECTRONIC
tiffany	Tiffany	POP
til tuesday	'Til Tuesday	POP,ROCK,ELECTRONIC
tim curry	Tim Curry	SOUNDTRACK
tim davis	Tim Davis	OTHER
tim hardin	Tim Hardin	POP,COUNTRY,FOLK
tim mcgraw	Tim McGraw	COUNTRY
tim moore	Tim Moore	OTHER
tim tam and the turn ons	Tim Tam & The Turn Ons	OTHER
timbaland	Timbaland	POP,HIP_HOP,RNB
timbaland and magoo	Timbaland & Magoo	POP
timbuk 3	Timbuk 3	OTHER
time	The Time	RNB,ELECTRONIC
timex social club	Timex Social Club	OTHER
timi yuro	Timi Yuro	POP
timmy t	Timmy T	OTHER
timmy thomas	Timmy Thomas	RNB
timothy b schmit	Timothy B. Schmit	POP
tina arena	Tina Arena	POP,ELECTRONIC
tina turner	Tina Turner	POP,ELECTRONIC
tinashe	Tinashe	POP,HIP_HOP,RNB
ting tings	The Ting Tings	POP,ELECTRONIC,PUNK
tinie tempah	Tinie Tempah	POP,HIP_HOP,ELECTRONIC
tiny tim	Tiny Tim	OTHER
titiyo	Titiyo	POP,RNB
tjr	TJR	ROCK,HIP_HOP,ELECTRONIC
tka	TKA	OTHER
tlc	TLC	POP,HIP_HOP,RNB
toad the wet sprocket	Toad The Wet Sprocket	POP,ROCK
toby beau	Toby Beau	OTHER
toby keith	Toby Keith	COUNTRY
toby love	Toby Love	HIP_HOP,LATIN
todd rundgren	Todd Rundgren	POP,ROCK,RNB,COUNTRY,FOLK
tokens	The Tokens	POP,RNB
tom clay	Tom Clay	OTHER
tom cochrane	Tom Cochrane	POP,ROCK,FOLK
tom johnston	Tom Johnston	OTHER
tom jones	Tom Jones	POP,ROCK
tom northcott	Tom Northcott	POP
tom petty	Tom Petty	POP,ROCK,FOLK
tom petty and the heartbreakers	Tom Petty and the Heartbreakers	POP,ROCK,FOLK
tom scott	Tom Scott	RNB,JAZZ
tom t hall	Tom T. Hall	COUNTRY,FOLK
tom tom club	Tom Tom Club	POP,ROCK,ELECTRONIC,PUNK
tommy boyce	Tommy Boyce	POP
tommy cash	Tommy Cash	COUNTRY
tommy james	Tommy James	POP
tommy james and the shondells	Tommy James & The Shondells	POP,ROCK,FOLK
tommy lee	Tommy Lee	OTHER
tommy mclain	Tommy McLain	POP
tommy page	Tommy Page	OTHER
tommy roe	Tommy Roe	POP,ROCK,FOLK
tommy shane steiner	Tommy Shane Steiner	OTHER
tommy shaw	Tommy Shaw	ROCK
tommy tucker	Tommy Tucker	OTHER
tommy tutone	Tommy Tutone	POP,ROCK
tone loc	Tone-Loc	HIP_HOP,ELECTRONIC
toni basil	Toni Basil	POP
toni braxton	Toni Braxton	POP,RNB
toni childs	Toni Childs	OTHER
toni halliday	Toni Halliday	OTHER
tony bennett	Tony Bennett	POP,JAZZ
tony carey	Tony Carey	OTHER
tony clarke	Tony Clarke	RNB
tony joe white	Tony Joe White	POP,ROCK,RNB,COUNTRY,FOLK
tony lucca	Tony Lucca	POP
tony orlando	Tony Orlando	POP
tony orlando and dawn	Tony Orlando & Dawn	POP
tony rich project	The Tony Rich Project	RNB
tony sheridan	Tony Sheridan	ROCK
tony sunshine	Tony Sunshine	OTHER
tony terry	Tony Terry	RNB
tony thompson	Tony Thompson	RNB
tony toni tone	Tony! Toni! Toné!	POP,HIP_HOP,RNB
tony williams	Tony Williams	RNB,JAZZ
tony yayo	Tony Yayo	HIP_HOP
too hort	Too $hort	HIP_HOP
tool	TOOL	ROCK,METAL
tora tora	Tora Tora	ROCK,METAL
tori amos	Tori Amos	POP,ROCK,FOLK
tori kelly	Tori Kelly	POP
toronto	Toronto	ROCK
tory lanez	Tory Lanez	POP,HIP_HOP
total	Total	POP,HIP_HOP,RNB
toto	Toto	POP,ROCK
touch	Touch	OTHER
tourists	The Tourists	OTHER
toussaint mccall	Toussaint McCall	RNB
tove lo	Tove Lo	POP,ELECTRONIC
tower of power	Tower Of Power	RNB,JAZZ
toya	Toya	POP
toys	The Toys	OTHER
tq	TQ	RNB
trace adkins	Trace Adkins	COUNTRY
tracey dey	Tracey Dey	OTHER
tracey ullman	Tracey Ullman	POP
tracie spencer	Tracie Spencer	RNB
tractors	The Tractors	COUNTRY
tracy byrd	Tracy Byrd	COUNTRY
tracy chapman	Tracy Chapman	POP,FOLK
tracy lawrence	Tracy Lawrence	COUNTRY
trade martin	Trade Martin	OTHER
tradewinds	The Tradewinds	POP
traffic	Traffic	POP,ROCK,RNB,COUNTRY,FOLK
train	Train	POP
trammps	The Trammps	RNB,ELECTRONIC
trans x	Trans-X	ELECTRONIC
transvision vamp	Transvision Vamp	POP
trapt	Trapt	ROCK,HIP_HOP,METAL
trashmen	The Trashmen	ROCK,PUNK
traveling wilburys	Traveling Wilburys	POP,ROCK,RNB,FOLK
travie mccoy	Travie McCoy	HIP_HOP
travis	Travis	POP,ROCK
travis barker	Travis Barker	HIP_HOP
travis porter	Travis Porter	HIP_HOP
travis scott	Travis Scott	POP,HIP_HOP
travis tritt	Travis Tritt	COUNTRY
travis wammack	Travis Wammack	OTHER
treblemakers	The Treblemakers	SOUNDTRACK
tremeloes	The Tremeloes	POP,ROCK,FOLK
trent tomlinson	Trent Tomlinson	COUNTRY
trevor guthrie	Trevor Guthrie	POP
trey lorenz	Trey Lorenz	RNB
trey songz	Trey Songz	POP,HIP_HOP,RNB
trick daddy	Trick Daddy	POP,HIP_HOP
trick pony	Trick Pony	COUNTRY
trick trick	Trick Trick	HIP_HOP
trillville	Trillville	HIP_HOP
trina	Trina	POP,HIP_HOP,RNB
trina and tamara	Trina & Tamara	OTHER
trini lopez	Trini Lopez	POP,ROCK
trinidad james	Trinidad James	HIP_HOP
triplets	the Triplets	OTHER
trippie redd	Trippie Redd	HIP_HOP
trisha yearwood	Trisha Yearwood	COUNTRY
triumph	Triumph	POP,ROCK,METAL
trixter	Trixter	ROCK,METAL
troggs	The Troggs	POP,ROCK,PUNK,FOLK
trolls	Trolls	ROCK
troop	Troop	POP,RNB
trouble	Trouble	HIP_HOP
troy keyes	Troy Keyes	RNB
troy newman	Troy Newman	OTHER
troye sivan	Troye Sivan	POP
tru	TRU	OTHER
true image	True Image	OTHER
trustcompany	TRUSTcompany	ROCK,HIP_HOP,METAL
truth	The Truth	ROCK
truth hurts	Truth Hurts	POP,RNB
tubes	The Tubes	POP,ROCK,ELECTRONIC
tufano and giammarese	Tufano & Giammarese	OTHER
tujamo	Tujamo	POP,ELECTRONIC
turk	Turk	HIP_HOP
turley richards	Turley Richards	OTHER
turtles	The Turtles	POP,ROCK,FOLK
tweet	Tweet	POP,RNB
twenty one pilots	Twenty One Pilots	ROCK,PUNK
twice	TWICE	POP
twinz	Twinz	HIP_HOP,RNB
twista	Twista	POP,HIP_HOP
twisted sister	Twisted Sister	ROCK,METAL
ty dolla ign	Ty Dolla $ign	POP,HIP_HOP
ty herndon	Ty Herndon	COUNTRY
tycoon	Tycoon	OTHER
tyga	Tyga	POP,HIP_HOP
tyler collins	Tyler Collins	OTHER
tyler farr	Tyler Farr	COUNTRY
tyler the creator	Tyler, The Creator	HIP_HOP
tymes	The Tymes	POP,RNB
tyrese	Tyrese	POP,HIP_HOP,RNB
tyrone davis	Tyrone Davis	RNB
u n v	U.N.V.	OTHER
u2	U2	ROCK
ub40	UB40	OTHER
ugk	UGK	HIP_HOP
ugly god	Ugly God	HIP_HOP
ugly kid joe	Ugly Kid Joe	ROCK,RNB,METAL
ultimate	Ultimate	OTHER
ultra nate	Ultra Nate	ELECTRONIC
ultravox	Ultravox	POP,ROCK,ELECTRONIC
uncle charlie wilson	Uncle Charlie Wilson	OTHER
uncle kracker	Uncle Kracker	POP,ROCK,COUNTRY
uncle sam	Uncle Sam	ELECTRONIC
underworld	Underworld	ELECTRONIC
undisputed truth	The Undisputed Truth	RNB,ELECTRONIC
uniques	The Uniques	OTHER
universal robot band	Universal Robot Band	OTHER
unk	Unk	POP,HIP_HOP
uptown	Uptown	OTHER
urban dance squad	Urban Dance Squad	ROCK,HIP_HOP,RNB,METAL
urge overkill	Urge Overkill	POP
uriah heep	Uriah Heep	ROCK,RNB,METAL
us3	Us3	HIP_HOP,JAZZ
used	The Used	PUNK,EMO
usher	Usher	POP,HIP_HOP,RNB
utah saints	Utah Saints	ELECTRONIC,PUNK
utfo	Utfo	HIP_HOP,ELECTRONIC
utopia	Utopia	OTHER
v i c	V.I.C.	HIP_HOP
v v brown	V V Brown	POP,RNB
valadiers	The Valadiers	RNB
valentinos	The Valentinos	ELECTRONIC
valerie carter	Valerie Carter	POP
valerie simpson	Valerie Simpson	OTHER
van dykes	The Van Dykes	OTHER
van halen	Van Halen	ROCK,METAL
van mccoy	Van McCoy	ELECTRONIC
van mccoy and the soul city symphony	Van McCoy & The Soul City Symphony	ELECTRONIC
van morrison	Van Morrison	POP,ROCK,FOLK
van zant	Van Zant	ROCK,COUNTRY
vance joy	Vance Joy	POP,ROCK,FOLK
vandenberg	Vandenberg	ROCK,METAL
vanessa carlton	Vanessa Carlton	POP,ROCK
vanessa hudgens	Vanessa Hudgens	POP,SOUNDTRACK
vanessa williams	Vanessa Williams	RNB
vangelis	Vangelis	PUNK
vanilla fudge	Vanilla Fudge	ROCK,RNB
vanilla ice	Vanilla Ice	HIP_HOP,ELECTRONIC
vanity	Vanity	OTHER
vanity fare	Vanity Fare	POP,ROCK
vapors	The Vapors	POP,ROCK,ELECTRONIC
various artists	Various Artists	OTHER
vaughan brothers	The Vaughan Brothers	RNB
vejtables	The Vejtables	OTHER
velvelettes	The Velvelettes	POP,RNB
velvet revolver	Velvet Revolver	ROCK,METAL
vengaboys	Vengaboys	POP,ELECTRONIC
ventures	The Ventures	ROCK
verdine white	Verdine White	OTHER
veronicas	The Veronicas	POP
vertical horizon	Vertical Horizon	POP,ROCK
verve	The Verve	POP,ROCK
verve pipe	The Verve Pipe	POP,ROCK
vibrations	The Vibrations	RNB
vic damone	Vic Damone	POP,JAZZ
vic dana	Vic Dana	POP
vicci martinez	Vicci Martinez	OTHER
vicious	Vicious	OTHER
vicki anderson	Vicki Anderson	OTHER
vicki lawrence	Vicki Lawrence	OTHER
vicki sue robinson	Vicki Sue Robinson	ELECTRONIC
victor lundberg	Victor Lundberg	OTHER
vika jigulina	Vika Jigulina	LATIN
vikki carr	Vikki Carr	POP
village people	Village People	ELECTRONIC
village stompers	The Village Stompers	OTHER
vince gill	Vince Gill	COUNTRY
viscounts	The Viscounts	OTHER
vita	Vita	OTHER
vitamin c	Vitamin C	POP
vitamin z	Vitamin Z	POP,ROCK
vivian green	Vivian Green	POP,RNB
vixen	Vixen	ROCK,METAL
vogues	The Vogues	POP,ROCK,RNB,FOLK
voice of the beehive	Voice Of The Beehive	POP
voices	The Voices	ROCK
voices of theory	Voices of Theory	POP
vonda shepard	Vonda Shepard	OTHER
voyage	Voyage	ELECTRONIC
voyce	Voyce	OTHER
wa wa nee	Wa Wa Nee	ROCK
wackers	The Wackers	OTHER
wade hayes	Wade Hayes	COUNTRY
wadsworth mansion	Wadsworth Mansion	OTHER
waikikis	The Waikikis	OTHER
wailers	The Wailers	PUNK
waitresses	The Waitresses	POP,ELECTRONIC
waka flocka flame	Waka Flocka Flame	HIP_HOP
waldo de los rios	Waldo De Los Ríos	POP
wale	Wale	POP,HIP_HOP,RNB
walk the moon	WALK THE MOON	POP,ROCK
walker hayes	Walker Hayes	COUNTRY
wall of voodoo	Wall Of Voodoo	POP,ROCK,ELECTRONIC,PUNK
wallace brothers	Wallace Brothers	OTHER
wallflowers	The Wallflowers	POP,ROCK
walter egan	Walter Egan	POP
walter jackson	Walter Jackson	RNB
walter murphy	Walter Murphy	ELECTRONIC
walter wanderley	Walter Wanderley	POP,JAZZ,LATIN
wanda jackson	Wanda Jackson	ROCK
wang chung	Wang Chung	POP,ROCK,ELECTRONIC
wanted	The Wanted	POP
wanz	Wanz	OTHER
war	War	RNB
warrant	Warrant	ROCK,METAL
warren g	Warren G	HIP_HOP,RNB,PUNK
warren zevon	Warren Zevon	POP,ROCK,COUNTRY,FOLK
was not was	Was (Not Was)	OTHER
watt	watt	ROCK
wax	Wax	OTHER
waylon jennings	Waylon Jennings	COUNTRY
wayne fontana and the mindbenders	Wayne Fontana & The Mindbenders	POP,ROCK
wayne newton	Wayne Newton	POP
wayne wonder	Wayne Wonder	ROCK,ELECTRONIC
wc	WC	HIP_HOP
wc and the maad circle	Wc And The Maad Circle	HIP_HOP,RNB
we five	We Five	POP,FOLK
we the kings	We The Kings	POP,ROCK,PUNK,EMO
weather girls	The Weather Girls	ELECTRONIC
webbie	Webbie	HIP_HOP
webstar	Webstar	OTHER
wednesday	Wednesday	OTHER
weeknd	The Weeknd	POP,HIP_HOP,RNB
weezer	Weezer	POP,ROCK,PUNK
weird al yankovic	Weird Al Yankovic	POP,ROCK
wendy and lisa	Wendy & Lisa	POP
wendy fraser	Wendy Fraser	OTHER
wendy moten	Wendy Moten	OTHER
wendy waldman	Wendy Waldman	OTHER
wes montgomery	Wes Montgomery	RNB,JAZZ
west street mob	West Street Mob	HIP_HOP,ELECTRONIC
westlife	Westlife	POP
westside connection	Westside Connection	HIP_HOP,RNB,PUNK
wet wet wet	Wet Wet Wet	POP,ROCK,ELECTRONIC
wet willie	Wet Willie	ROCK,COUNTRY
wham	Wham!	POP,ROCK,RNB,ELECTRONIC
what is this	What Is This	OTHER
whatnauts	The Whatnauts	RNB
when in rome	When In Rome	POP,ROCK,ELECTRONIC
whirlwind	Whirlwind	ROCK
whispers	The Whispers	ROCK,RNB,ELECTRONIC
whistle	Whistle	HIP_HOP,ELECTRONIC
white buffalo	The White Buffalo	FOLK
white lion	White Lion	ROCK,METAL
white plains	White Plains	POP
white stripes	The White Stripes	ROCK,RNB,PUNK
white tie affair	The White Tie Affair	POP,PUNK,EMO
white town	White Town	OTHER
whitesnake	Whitesnake	ROCK,RNB,METAL
whitney houston	Whitney Houston	POP
who	The Who	POP,ROCK,PUNK,FOLK
who is fancy	Who Is Fancy	OTHER
whodini	Whodini	HIP_HOP,RNB,ELECTRONIC
why don t we	Why Don't We	POP
wilbert harrison	Wilbert Harrison	ROCK,RNB
wild blue	Wild Blue	OTHER
wild cherry	Wild Cherry	RNB,ELECTRONIC
wild orchid	Wild Orchid	OTHER
wildweeds	The Wildweeds	OTHER
wilkinsons	The Wilkinsons	COUNTRY
will i am	will.i.am	POP,HIP_HOP
will smith	Will Smith	HIP_HOP
will to power	Will To Power	OTHER
will young	Will Young	POP,RNB
willa ford	Willa Ford	OTHER
william bell	William Bell	RNB
william devaughn	William DeVaughn	RNB
william michael morgan	William Michael Morgan	COUNTRY
william orbit	William Orbit	ELECTRONIC
williams brothers	The Williams Brothers	OTHER
willie henderson	Willie Henderson	OTHER
willie henderson and the soul explosions	Willie Henderson And The Soul Explosions	OTHER
willie hutch	Willie Hutch	RNB
willie mitchell	Willie Mitchell	RNB
willie nelson	Willie Nelson	COUNTRY,FOLK
willie tee	Willie Tee	POP
willow	WILLOW	POP
willy william	Willy William	OTHER
wilmer and the dukes	Wilmer & The Dukes	JAZZ
wilson phillips	Wilson Phillips	POP
wilson pickett	Wilson Pickett	POP,ROCK,RNB,ELECTRONIC,FOLK
wind	Wind	OTHER
wing	Wing	OTHER
winger	Winger	ROCK,METAL
wings	Wings	POP,ROCK,FOLK
winstons	The Winstons	OTHER
wiseguys	The Wiseguys	HIP_HOP,ELECTRONIC
wisin	Wisin	POP,HIP_HOP,LATIN
wisin and yandel	Wisin & Yandel	HIP_HOP,LATIN
witch queen	Witch Queen	OTHER
witchdoctor	Witchdoctor	OTHER
wiz khalifa	Wiz Khalifa	POP,HIP_HOP
wizkid	WizKid	POP,HIP_HOP,ELECTRONIC
wonder girls	Wonder Girls	POP
wonder who	The Wonder Who	OTHER
woolies	The Woolies	ROCK
world party	World Party	POP,ROCK,FOLK
wrabel	Wrabel	POP,ROCK,FOLK
wreckers	The Wreckers	POP,COUNTRY
wreckx n effect	Wreckx-N-Effect	HIP_HOP,RNB
wu tang clan	Wu-Tang Clan	HIP_HOP,PUNK
wyclef jean	Wyclef Jean	POP,HIP_HOP
wynonna	Wynonna	COUNTRY
wynter	Wynter	OTHER
x ambassadors	X Ambassadors	POP,ROCK
x ecutioners	X-Ecutioners	HIP_HOP
xenia	Xenia	OTHER
xscape	Xscape	POP,HIP_HOP,RNB
xtc	XTC	POP,ROCK,ELECTRONIC,PUNK,FOLK
xxxtentacion	XXXTENTACION	HIP_HOP,EMO
xzibit	Xzibit	HIP_HOP,RNB,PUNK
y and t	Y&T	ROCK,METAL
ya kid k	Ya Kid K	OTHER
yael naim	Yael Naim	OTHER
yaki da	Yaki-Da	OTHER
yankee grey	Yankee Grey	OTHER
yanou	Yanou	POP
yarbrough and peoples	Yarbrough & Peoples	RNB,ELECTRONIC
yardbirds	The Yardbirds	ROCK,RNB,FOLK
yasmin	Yasmin	OTHER
yavahn	Yavahn	OTHER
yaz	Yaz	POP,ROCK,ELECTRONIC
ybn nahmir	YBN Nahmir	HIP_HOP
yeah yeah yeahs	Yeah Yeah Yeahs	POP,ROCK,ELECTRONIC,PUNK
yella beezy	Yella Beezy	HIP_HOP
yello	Yello	POP,ROCK,ELECTRONIC
yellow balloon	The Yellow Balloon	POP
yellow magic orchestra	YELLOW MAGIC ORCHESTRA	POP,ELECTRONIC
yellowcard	Yellowcard	POP,ROCK,PUNK,EMO
yes	Yes	ROCK,JAZZ
yfn lucci	YFN Lucci	HIP_HOP
yg	YG	POP,HIP_HOP
ying yang twins	Ying Yang Twins	POP,HIP_HOP
ylvis	Ylvis	OTHER
yo gotti	Yo Gotti	POP,HIP_HOP
yo yo	Yo-Yo	OTHER
yoko ono	Yoko Ono	POP
yolanda adams	Yolanda Adams	RNB
yolanda be cool	Yolanda Be Cool	ELECTRONIC
young and restless	Young & Restless	OTHER
young b	Young B.	OTHER
young bo	Young Bo	OTHER
young buck	Young Buck	HIP_HOP,PUNK
young d	Young-D	OTHER
young dolph	Young Dolph	HIP_HOP
young dro	Young Dro	HIP_HOP
young greatness	Young Greatness	HIP_HOP
young gunz	Young Gunz	HIP_HOP
young holt unlimited	Young-Holt Unlimited	RNB
young m a	Young M.A	HIP_HOP
young m c	Young M.C.	OTHER
young money	Young Money	POP,HIP_HOP
young nudy	Young Nudy	HIP_HOP
young rascals	The Young Rascals	POP,ROCK,RNB,FOLK
young rome	Young Rome	OTHER
young sinatra	Young Sinatra	OTHER
young the giant	Young the Giant	POP,ROCK
young thug	Young Thug	POP,HIP_HOP
youngbloods	The Youngbloods	POP,ROCK,COUNTRY,FOLK
youngbloodz	Youngbloodz	HIP_HOP
youngboy never broke again	YoungBoy Never Broke Again	HIP_HOP
youssou n dour	Youssou N'Dour	POP
yung berg	Yung Berg	HIP_HOP
yung joc	Yung Joc	HIP_HOP
yung l a	Yung L.A.	HIP_HOP
yung wun	Yung Wun	HIP_HOP
yvette michele	Yvette Michele	OTHER
yvonne	Yvonne	OTHER
yvonne elliman	Yvonne Elliman	ELECTRONIC
yvonne fair	Yvonne Fair	RNB
z z hill	Z.Z. Hill	RNB
zac brown band	Zac Brown Band	COUNTRY
zac efron	Zac Efron	POP,SOUNDTRACK
zach sobiech	Zach Sobiech	OTHER
zager and evans	Zager & Evans	POP,FOLK
zakk wylde	Zakk Wylde	METAL
zapp	Zapp	POP,HIP_HOP,RNB,ELECTRONIC
zara larsson	Zara Larsson	POP,ELECTRONIC
zay hilfigerrr	Zay Hilfigerrr	OTHER
zayion mccall	Zayion McCall	OTHER
zayn	ZAYN	POP
zebra	Zebra	ROCK,METAL
zedd	Zedd	POP,ELECTRONIC
zendaya	Zendaya	POP
zhane	Zhané	POP,RNB
zhavia ward	Zhavia Ward	POP
ziggy marley and the melody makers	Ziggy Marley & The Melody Makers	OTHER
zion	Zion	HIP_HOP,LATIN
zombie nation	Zombie Nation	ELECTRONIC
zombies	The Zombies	POP,ROCK,FOLK,CLASSICAL
zz top	ZZ Top	ROCK,RNB,METAL
