# song_key (normalized title|performer)	genres
0 to 100 the catch up|drake	POP,HIP_HOP
1 000 laughs|eloise laws	RNB
1 1|beyonce	POP,RNB
1 dee jay|goody goody	ELECTRONIC
1 thing|amerie	POP,HIP_HOP,RNB
10 bands|drake	POP,HIP_HOP
100 grandkids|mac miller	HIP_HOP
100 pure love|crystal waters	ELECTRONIC
100 years|five for fighting	POP,ROCK
100 years|nancy sinatra	POP,FOLK
1234|feist	POP,ROCK,FOLK,CLASSICAL
143|bobby brackins featuring ray j	RNB,HIP_HOP
17 again|brantley gilbert	COUNTRY
17|rick james	RNB,ELECTRONIC
18 and life|skid row	ROCK,METAL
18|one direction	POP
19 you me|dan shay	COUNTRY
1901|phoenix	POP,ROCK,ELECTRONIC,PUNK
1941|tom northcott	POP
1942 flows|meek mill	POP,HIP_HOP
1973|james blunt	POP
1979|smashing pumpkins	POP,ROCK,METAL
1984|spirit	ROCK,RNB,FOLK
1985|bowling for soup	POP,ROCK,PUNK
1994|jason aldean	COUNTRY
1999|prince	RNB
19th nervous breakdown|rolling stones	ROCK,PUNK
19|paul hardcastle	JAZZ
1st of tha month|bone thugs n harmony	HIP_HOP
1|nelly	POP,HIP_HOP
2 become 1|spice girls	POP
2 legit 2 quit|m c hammer	HIP_HOP,RNB,ELECTRONIC,LATIN
2 phones|kevin gates	HIP_HOP
2 step|unk	POP,HIP_HOP
20 75|willie mitchell	RNB
21 guns|green day	ROCK,PUNK
22|taylor swift	POP
24k magic|bruno mars	POP
25 or 6 to 4|chicago	POP,ROCK,FOLK
25 to life|eminem	HIP_HOP,RNB
26 cents|wilkinsons	COUNTRY
3 little words|nu flavor	POP
3 peat|lil wayne	POP,HIP_HOP
30 60 90|willie mitchell	RNB
30 for 30 freestyle|drake	POP,HIP_HOP
3000 miles|brian hyland	POP,ROCK,RNB,FOLK
31 days|future	POP,HIP_HOP
32 flavors|alana davis	POP,FOLK
3rd man theme|herb alpert and the tijuana brass	POP
3|britney spears	POP
4 da gang|future	POP,HIP_HOP
4 in the morning|gwen stefani	POP
4 minutes|avant	POP,HIP_HOP,RNB
4 my town play ball|birdman featuring drake and lil wayne	POP,HIP_HOP
4 seasons of loneliness|boyz ii men	POP,RNB
4 your eyez only|j cole	HIP_HOP
44 more|logic	HIP_HOP
442 glenwood avenue|pixies three	POP
444 222|lil uzi vert	HIP_HOP
5 1 5 0|dierks bentley	COUNTRY
5 4 3 2 yo time is up|jade	POP,RNB
5 d fifth dimension|byrds	POP,ROCK,RNB,COUNTRY,FOLK
5 star|yo gotti	POP,HIP_HOP
5 tint|travis scott	POP,HIP_HOP
50 ways to leave your lover|paul simon	POP,ROCK,FOLK
50 ways to say goodbye|train	POP
500 miles|hooters	POP,ROCK
6 god|drake	POP,HIP_HOP
6 man|drake	POP,HIP_HOP
6 minutes of pleasure|ll cool j	POP,HIP_HOP,RNB,PUNK
6 underground|sneaker pimps	ELECTRONIC
7 30 guided tour|five americans	POP,ROCK
7 days|craig david	POP,RNB,ELECTRONIC
7 rooms of gloom|four tops	POP,RNB,ELECTRONIC,FOLK
7 things|miley cyrus	POP
7 years|lukas graham	POP
777 9311|time	RNB,ELECTRONIC
7|prince and the new power generation	RNB
8 out of 10|drake	POP,HIP_HOP
808|blaque	POP,RNB
80s mercedes|maren morris	COUNTRY
853 5937|squeeze	POP,ROCK,ELECTRONIC
867 5309 jenny|tommy tutone	POP,ROCK
8th of november|big and rich	COUNTRY
8th wonder|sugarhill gang	HIP_HOP,RNB,ELECTRONIC
8th world wonder|kimberley locke	POP
9 to 5|dolly parton	COUNTRY
911|wyclef jean featuring mary j blige	POP,HIP_HOP,RNB
92 explorer|post malone	POP,HIP_HOP
96 tears|big maybelle	RNB
96 tears|garland jeffreys	ROCK
96 tears|question mark and the mysterians	POP,ROCK,PUNK
98 6|keith	POP
99 luftballons|nena	POP,ROCK
99 miles from l a|albert hammond	POP
99 problems|jay z	HIP_HOP
99|toto	POP,ROCK
9|drake	POP,HIP_HOP
a bay bay|hurricane chris	POP,HIP_HOP
a beautiful morning|rascals	POP
a bitter end|deryl dodd	COUNTRY,FOLK
a certain girl|warren zevon	POP,ROCK,COUNTRY,FOLK
a change is gonna come|sam cooke	POP,ROCK,RNB
a corner in the sun|walter jackson	RNB
a day in the life of a fool|jack jones	POP,JAZZ
a different corner|george michael	POP,ELECTRONIC
a different world|bucky covington	COUNTRY
a dream goes on forever|todd rundgren	POP,ROCK,RNB,COUNTRY,FOLK
a face in the crowd|tom petty	POP,ROCK,FOLK
a fifth of beethoven|walter murphy and the big apple band	ELECTRONIC
a fool such as i|bob dylan	POP,ROCK,FOLK
a girl in trouble is a temporary thing|romeo void	POP,ROCK,ELECTRONIC
a girl like you|easton corbin	COUNTRY
a girl like you|smithereens	POP,ROCK,ELECTRONIC
a girl like you|young rascals	POP,ROCK,RNB,FOLK
a good day to run|darryl worley	COUNTRY
a good heart|feargal sharkey	POP
a great big sled|killers featuring toni halliday	ROCK
a groovy kind of love|mindbenders	POP,ROCK,FOLK
a guy walks into a bar|tyler farr	COUNTRY
a guy with a girl|blake shelton	COUNTRY
a happy guy|rick nelson	POP,ROCK,RNB,COUNTRY,FOLK
a hazy shade of winter|simon and garfunkel	POP,ROCK,FOLK
a heart in new york|art garfunkel	POP,FOLK
a holly jolly christmas|burl ives	POP,FOLK
a horse with no name|america	POP,ROCK,COUNTRY,FOLK
a house is not a home|brook benton	POP,ROCK,RNB
a house is not a home|dionne warwick	POP,RNB,ELECTRONIC
a hurricane is coming tonite|carol douglas	ELECTRONIC
a la primera persona|alejandro sanz	ROCK,LATIN
a letter to myself|chi lites	RNB,ELECTRONIC
a letter to the beatles|four preps	POP,RNB
a life of illusion|joe walsh	POP,ROCK,RNB,COUNTRY,FOLK
a lifetime of loneliness|jackie deshannon	POP,ROCK,FOLK
a little bit like magic|king harvest	POP
a little bit longer|jonas brothers	POP
a little bit me a little bit you|monkees	POP,ROCK,FOLK
a little bit more|dr hook	POP,ROCK,COUNTRY,FOLK
a little bit of heaven|ronnie dove	POP
a little bit of soap|exciters	POP,RNB
a little bit of soap|garnet mimms	RNB
a little bit of soap|paul davis	POP,ROCK,COUNTRY,FOLK
a little bit stronger|sara evans	COUNTRY
a little gasoline|terri clark	COUNTRY
a little good news|anne murray	POP,COUNTRY,FOLK
a little is enough|pete townshend	POP,ROCK,PUNK,FOLK
a little less conversation|elvis presley vs jxl	ROCK
a little less sixteen candles a little more touch me|fall out boy	ROCK,PUNK,EMO
a little love|corey hart	POP,ROCK,ELECTRONIC
a little love|juice newton	POP,COUNTRY
a little more country than that|easton corbin	COUNTRY
a little more love|olivia newton john	POP,ROCK
a little more summertime|jason aldean	COUNTRY
a little past little rock|lee ann womack	COUNTRY
a little respect|erasure	POP,ROCK,ELECTRONIC
a little too late|toby keith	COUNTRY
a little too much|shawn mendes	POP
a little you|freddie and the dreamers	POP,ROCK
a lonely night|weeknd	POP,HIP_HOP,RNB
a long time a long way to go|runt todd rundgren	POP,ROCK,RNB,COUNTRY,FOLK
a lot of things different|kenny chesney	COUNTRY
a love bizarre|sheila e	RNB
a love song|kenny rogers	POP,COUNTRY
a lucky guy|rickie lee jones	POP,ROCK,COUNTRY,FOLK
a mama and a papa|ray stevens	POP,COUNTRY
a man needs a woman|james carr	RNB
a man who was gonna die young|eric church	COUNTRY
a matter of trust|billy joel	POP,ROCK,FOLK
a million and one|dean martin	POP,JAZZ
a million and one|vic dana	POP
a million dreams|p nk	POP
a million miles away|plimsouls	POP
a million to one|brian hyland	POP,ROCK,RNB,FOLK
a milli|lil wayne	POP,HIP_HOP
a minute of your time|tom jones	POP,ROCK
a moment like this|kelly clarkson	POP
a mother for my children|whispers	ROCK,RNB,ELECTRONIC
a m|one direction	POP
a natural man|lou rawls	POP,RNB,ELECTRONIC,JAZZ
a new day has come|celine dion	POP
a night to remember|joe diffie	COUNTRY
a night to remember|shalamar	RNB,ELECTRONIC
a nightmare on my street|d j jazzy jeff and the fresh prince	HIP_HOP
a part of you|brenda and the tabulations	RNB
a passion play edit 8|jethro tull	ROCK,RNB,FOLK
a penny for your thoughts|tavares	RNB,ELECTRONIC
a place in the sun|stevie wonder	RNB
a public affair|jessica simpson	POP
a question of temperature|balloon farm	ROCK
a quiet place|garnet mimms and the enchanters	RNB
a ray of hope|rascals	POP
a real fine place to start|sara evans	COUNTRY
a real mother for ya|johnny guitar watson	RNB
a rose by any other name|teena marie featuring gerald levert	RNB,ELECTRONIC
a rose is still a rose|aretha franklin	RNB
a satisfied mind|bobby hebb	RNB
a shot in the dark|henry mancini and his orchestra	POP,SOUNDTRACK
a sign of the times|petula clark	POP,ROCK,FOLK
a simple game|four tops	POP,RNB,ELECTRONIC,FOLK
a simple man|lobo	POP,FOLK
a sky full of stars|coldplay	POP,ROCK
a song for mama|boyz ii men	POP,RNB
a song for you|andy williams	POP,JAZZ,CLASSICAL
a summer song|chad and jeremy	POP,ROCK,FOLK
a sweet woman like you|joe tex	RNB
a taste of honey|tony bennett	POP,JAZZ
a team|ed sheeran	POP
a thousand miles|vanessa carlton	POP,ROCK
a thousand years|christina perri	POP
a time to love a time to cry petite fleur|lou johnson	RNB
a tribute to a king|william bell	RNB
a trick of the night|bananarama	POP,ROCK,ELECTRONIC
a very special love song|charlie rich	ROCK,COUNTRY
a view to a kill|duran duran	POP,ROCK,ELECTRONIC
a walk in the black forest|horst jankowski	POP
a well respected man|kinks	POP,ROCK,ELECTRONIC,PUNK,FOLK
a whiter shade of pale|procol harum	POP,ROCK,RNB,FOLK
a woman can change a man|joe tex	RNB
a woman like you|lee brice	COUNTRY
a woman needs love just like you do|ray parker jr and raydio	POP,RNB,ELECTRONIC
a word in spanish|elton john	POP,ROCK
a world of our own|seekers	POP,ROCK,FOLK
a world without heroes|kiss	ROCK,METAL
a world without love|bobby rydell	POP,ROCK,RNB
a world without love|peter and gordon	POP,ROCK,RNB,FOLK
a world without music|archie bell and the drells	POP,RNB,ELECTRONIC
a year without rain|selena gomez and the scene	POP
a yo|lady gaga	POP
abadabadango|kim carnes	POP
abc 123|levert	RNB
abc|jackson 5	RNB
abigail beecher|freddy cannon	POP,ROCK,RNB
about you now|miranda cosgrove	POP
about you|trey songz	POP,HIP_HOP,RNB
abra ca dabra|de franco family	POP
abraham martin and john|dion	POP,ROCK,RNB
abraham martin and john|smokey robinson and the miracles	POP,ROCK,RNB
absence of the heart|deana carter	COUNTRY
absolute beginners|david bowie	ROCK,ELECTRONIC,PUNK
absolute|fray	POP,ROCK
acapella|karmin	POP
accidentally in love|counting crows	POP,ROCK,FOLK
according to you|orianthi	POP
achy breaky heart|billy ray cyrus	COUNTRY
acquainted|weeknd	POP,HIP_HOP,RNB
across 110th street|bobby womack and peace	RNB,ELECTRONIC
across the miles|survivor	POP,ROCK
act a fool|ludacris	POP,HIP_HOP
action speaks louder than words|chocolate milk	RNB,ELECTRONIC
action|evelyn champagne king	RNB,ELECTRONIC
action|freddy cannon	POP,ROCK,RNB
action|sweet	POP,ROCK,RNB
action|terror fabulous featuring nadine sutherland	ROCK,ELECTRONIC
addicted to love|robert palmer	POP,ROCK,ELECTRONIC,FOLK
addicted|saving abel	ROCK,HIP_HOP,METAL
addicted|simple plan	POP,ROCK,PUNK
addictive|truth hurts featuring rakim	POP,RNB,HIP_HOP,PUNK
adia|sarah mclachlan	POP,ROCK,FOLK
adore you|miley cyrus	POP
adorn|miguel	POP,HIP_HOP,RNB
adrienne|tommy james	POP
adult education|daryl hall john oates	POP,ROCK,FOLK
adventure of a lifetime|coldplay	POP,ROCK
adventures of rain dance maggie|red hot chili peppers	ROCK,RNB,METAL
adventure|angels and airwaves	POP,PUNK,EMO
advice for the young at heart|tears for fears	POP,ROCK,ELECTRONIC
aerials|system of a down	ROCK,METAL
affair of the heart|rick springfield	POP,ROCK,ELECTRONIC
afire love|ed sheeran	POP
africa|toto	POP,ROCK
africa|weezer	POP,ROCK,PUNK
afro puffs|lady of rage	HIP_HOP,RNB
after 12 before 6|sam salter	RNB
after all this time|merry clayton	RNB
after all|al jarreau	POP,RNB,JAZZ
after midnight|blink 182	PUNK
after midnight|eric clapton	POP,ROCK,RNB
after midnight|j j cale	POP,ROCK,RNB,FOLK
after party|koffee brown	RNB
after the dance|marvin gaye	RNB
after the fall|journey	POP,ROCK
after the fire|roger daltrey	ROCK
after the love has gone|earth wind and fire	RNB,ELECTRONIC
after the rain|nelson	ROCK,METAL
after you|dionne warwick	POP,RNB,ELECTRONIC
afternoon delight|starland vocal band	POP
afternoons and coffeespoons|crash test dummies	POP,ROCK
again and again|jewel	POP,ROCK,PUNK,FOLK
again tonight|john mellencamp	POP,ROCK,FOLK
against the wind|bob seger	POP,ROCK,FOLK
again|faith evans	POP,HIP_HOP,RNB
again|fetty wap	POP,HIP_HOP
again|janet jackson	POP,RNB
again|lenny kravitz	POP,ROCK
agent double o soul|edwin starr	RNB
agony and the ecstasy|smokey robinson	RNB,ELECTRONIC
ai se eu te pego|michel telo	POP
aiming at your heart|temptations	RNB
air force ones|nelly featuring kyjuan ali and murphy lee	POP,HIP_HOP
air that i breathe|hollies	POP,ROCK,FOLK
airplane song my airplane|royal guardsmen	POP
alabama getaway|grateful dead	ROCK,FOLK
alabama wild man|jerry reed	COUNTRY
album of the year freestyle|j cole	HIP_HOP
alcohol|brad paisley	COUNTRY
alejandro|lady gaga	POP
alfie|cher	POP,SOUNDTRACK
alfie|cilla black	POP,ROCK
alfie|dionne warwick	POP,RNB,ELECTRONIC
alfie|eivets rednow	RNB
alibis|sergio mendes	LATIN
alibis|tracy lawrence	COUNTRY
alice|avril lavigne	POP
alien|atlanta rhythm section	POP,ROCK,RNB,COUNTRY,FOLK
alive again|chicago	POP,ROCK,FOLK
alive and kicking|simple minds	POP,ROCK,ELECTRONIC
alive|krewella	POP,ELECTRONIC
alive|p o d	ROCK,HIP_HOP,METAL
alive|sia	POP,ELECTRONIC
all 4 love|color me badd	POP,RNB
all about soul|billy joel	POP,ROCK,FOLK
all about that bass|meghan trainor	POP
all about tonight|blake shelton	COUNTRY
all along the watchtower|jimi hendrix experience	ROCK,RNB
all along|blessid union of souls	POP,ROCK,PUNK
all american girls|sister sledge	POP,RNB,ELECTRONIC
all american girl|carrie underwood	POP,COUNTRY
all around me|flyleaf	ROCK,HIP_HOP,EMO,METAL
all around the world|lisa stansfield	POP,RNB,ELECTRONIC
all bad|justin bieber	POP
all because of you|marques houston featuring young rome	POP,HIP_HOP,RNB
all by myself|celine dion	POP
all by myself|eric carmen	POP,ROCK,ELECTRONIC,FOLK
all cried out|dusty springfield	POP,ROCK,RNB,FOLK
all day and all of the night|kinks	POP,ROCK,ELECTRONIC,PUNK,FOLK
all day music|war	RNB
all fall down|five star	POP
all falls down|kanye west featuring syleena johnson	HIP_HOP,POP,RNB
all fired up|pat benatar	POP,ROCK,ELECTRONIC
all for one|high school musical 2 cast	POP,SOUNDTRACK
all for you|janet	POP,RNB
all for you|sister hazel	POP,ROCK
all girls are the same|juice wrld	HIP_HOP
all gold everything|trinidad james	HIP_HOP
all good things come to an end|nelly furtado	POP,LATIN
all good|de la soul featuring chaka khan	HIP_HOP,PUNK
all grown up|crystals	POP,ROCK,RNB,FOLK
all his children|charley pride with henry mancini	COUNTRY
all i ask for anymore|trace adkins	COUNTRY
all i ask|adele	POP,RNB
all i do is think of you|troop	POP,RNB
all i do is win|dj khaled featuring t pain ludacris snoop dogg and rick ross	POP,HIP_HOP
all i ever need is you|sonny and cher	POP,ROCK,FOLK
all i ever wanted|chuck wicks	COUNTRY
all i have to do is dream|nitty gritty dirt band	POP,COUNTRY,FOLK
all i have to give|backstreet boys	POP
all i have to offer you is me|charley pride	COUNTRY
all i have|moments	RNB,ELECTRONIC
all i know is the way i feel|pointer sisters	POP,RNB,ELECTRONIC
all i know|garfunkel	POP,FOLK
all i need is a miracle|mike the mechanics	POP,ROCK,ELECTRONIC
all i need is time|gladys knight and the pips	POP,RNB,ELECTRONIC
all i need to know|bette midler	POP
all i need|temptations	RNB
all i really want to do|byrds	POP,ROCK,RNB,COUNTRY,FOLK
all i really want to do|cher	POP,SOUNDTRACK
all i see is your face|dan hill	POP
all i see is you|dusty springfield	POP,ROCK,RNB,FOLK
all i wanna do is make love to you|heart	POP,ROCK
all i wanna do|sheryl crow	POP,ROCK,FOLK
all i want for christmas is you|mariah carey	POP,RNB
all i want for christmas is you|michael buble	POP
all i want is you|carly simon	POP,FOLK
all i want is you|u2	ROCK
all i want to do|sugarland	POP,COUNTRY
all i want|howard jones	POP,ROCK,ELECTRONIC
all i want|toad the wet sprocket	POP,ROCK
all in love is fair|barbra streisand	POP,ELECTRONIC,SOUNDTRACK
all jacked up|gretchen wilson	COUNTRY
all kinds of kinds|miranda lambert	COUNTRY
all mine|kanye west	HIP_HOP
all my friends say|luke bryan	COUNTRY
all my hard times|joe simon	RNB
all my life|foo fighters	ROCK,METAL
all my life|k ci and jojo	POP,RNB
all my life|kenny rogers	POP,COUNTRY
all my love|queen pen featuring eric williams	POP,HIP_HOP
all my trials|ray stevens	POP,COUNTRY
all night long all night|lionel richie	POP,RNB,ELECTRONIC
all night long|billy squier	POP,ROCK,METAL
all night|beyonce	POP,RNB
all of me|john legend	POP,RNB
all of my life|lesley gore	POP,ROCK,RNB,FOLK
all of my love|bobby caldwell	POP
all of the lights|kanye west	HIP_HOP
all on me|devin dawson	COUNTRY
all or nothing|milli vanilli	RNB
all or nothing|o town	POP
all or nothing|theory of a deadman	ROCK,HIP_HOP,METAL
all out of love|air supply	POP
all over me|josh turner	COUNTRY
all over the road|easton corbin	COUNTRY
all over the world|electric light orchestra	POP,ROCK,FOLK
all right now|free	POP,ROCK,RNB,FOLK
all right|christopher cross	POP,ROCK,RNB,ELECTRONIC,FOLK
all she wants is|duran duran	POP,ROCK,ELECTRONIC
all she wants to do is dance|don henley	POP,ROCK,FOLK
all she wrote|firehouse	ROCK,METAL
all shook up|suzi quatro	POP,ROCK
all star|smash mouth	POP,ROCK,PUNK
all strung out on you|john travolta	SOUNDTRACK
all summer long|kid rock	ROCK,METAL
all that i can say|mary j blige	POP,HIP_HOP,RNB
all that matters|justin bieber	POP
all that she wants|ace of base	POP,ELECTRONIC
all the man that i need|whitney houston	POP
all the pretty girls|kenny chesney	COUNTRY
all the right moves|onerepublic	POP,ROCK,HIP_HOP
all the small things|blink 182	PUNK
all the things she said|simple minds	POP,ROCK,ELECTRONIC
all the things she said|t a t u	POP
all the time in the world|dr hook	POP,ROCK,COUNTRY,FOLK
all the way home|tamar braxton	POP,RNB
all the young dudes|mott the hoople	POP,ROCK,RNB,PUNK,FOLK
all things are possible|dan peek	POP
all this love|debarge	RNB,ELECTRONIC
all this time|sting	POP,ROCK
all this time|tiffany	POP
all those lies|glenn frey	POP,ROCK,FOLK
all through the night|cyndi lauper	POP,ROCK,ELECTRONIC
all through the night|tone loc	HIP_HOP,ELECTRONIC
all time low|jon bellion	POP,ROCK,HIP_HOP
all too well|taylor swift	POP
all touch|rough trade	ROCK
all woman|lisa stansfield	POP,RNB,ELECTRONIC
all you get from love is a love song|carpenters	POP,FOLK
all you need is love|beatles	ROCK
all you wanted|michelle branch	POP
all you zombies|hooters	POP,ROCK
all your life|band perry	COUNTRY
allentown|billy joel	POP,ROCK,FOLK
allergies|paul simon	POP,ROCK,FOLK
allies|heart	POP,ROCK
alligator bogaloo|lou donaldson	RNB,JAZZ
allnighter|glenn frey	POP,ROCK,FOLK
ally ally oxen free|kingston trio	FOLK
all|james darren	POP
almost hear you sigh|rolling stones	ROCK,PUNK
almost home|craig morgan	COUNTRY
almost home|mary chapin carpenter	POP,COUNTRY,FOLK
almost in love|elvis presley with the jordanaires	ROCK
almost like being in love|michael johnson	POP
almost over you|sheena easton	POP,ROCK
almost persuaded|david houston	COUNTRY
almost persuaded|etta james	POP,RNB,JAZZ
almost saturday night|dave edmunds	POP,ROCK,RNB
almost slipped|meek mill	POP,HIP_HOP
almost there|andy williams	POP,JAZZ,CLASSICAL
almost|bowling for soup	POP,ROCK,PUNK
alone again or|love	POP,ROCK,COUNTRY,ELECTRONIC,FOLK
alone again|dokken	ROCK,METAL
alone together|fall out boy	ROCK,PUNK,EMO
alone with you|jake owen	COUNTRY
alone with you|tevin campbell	POP,RNB
alone|4 seasons	POP,ROCK,RNB,FOLK
alone|bee gees	POP,ELECTRONIC
alone|heart	POP,ROCK
alone|lasgo	POP,ELECTRONIC
alone|marshmello	ELECTRONIC
along came jones|ray stevens	POP,COUNTRY
along comes a woman|chicago	POP,ROCK,FOLK
along comes mary|association	POP,ROCK,FOLK
alphabet st|prince	RNB
already gone|kelly clarkson	POP
already gone|sugarland	POP,COUNTRY
alright|darius rucker	POP,COUNTRY
alright|jamiroquai	POP,JAZZ
alright|janet jackson	POP,RNB
alright|kendrick lamar	HIP_HOP
alright|kris kross featuring supercat	HIP_HOP,RNB
alvin stone the birth and death of a gangster|fantastic four	RNB
always and forever|heatwave	RNB,ELECTRONIC
always and forever|luther vandross	RNB
always and forever|whistle	HIP_HOP,ELECTRONIC
always be my baby|mariah carey	POP,RNB
always in my heart|los indios tabajaras	POP
always in my heart|tevin campbell	POP,RNB
always on my mind|pet shop boys	POP,ROCK,ELECTRONIC
always on my mind|willie nelson	COUNTRY,FOLK
always on your side|sheryl crow and sting	POP,ROCK,FOLK
always remember us this way|lady gaga	POP
always something there to remind me|naked eyes	POP,ROCK,ELECTRONIC
always strapped|birdman featuring lil wayne	POP,HIP_HOP
always the last to know|del amitri	FOLK
always the love songs|eli young band	ROCK,COUNTRY
always together|al martino	POP
always together|dells	RNB,ELECTRONIC
always tomorrow|gloria estefan	POP,LATIN
always|atlantic starr	RNB,ELECTRONIC
always|bon jovi	ROCK,METAL
always|erasure	POP,ROCK,ELECTRONIC
always|firefall	POP,ROCK,COUNTRY,FOLK
always|luther ingram	RNB
always|saliva	ROCK,HIP_HOP,METAL
alyssa lies|jason michael carroll	COUNTRY
am i black enough for you|billy paul	RNB,ELECTRONIC
am i grooving you|freddie scott	RNB
am i that easy to forget|engelbert humperdinck	POP
am i the only one|dierks bentley	COUNTRY
am i the same girl|barbara acklin	RNB
am i the same girl|swing out sister	POP,ROCK
am i wrong|nico and vinz	POP,HIP_HOP
am to pm|christina milian	POP,RNB
amanda|boston	POP,ROCK
amanda|waylon	COUNTRY
amarillo sky|jason aldean	COUNTRY
amarillo|neil sedaka	POP,ROCK,RNB,FOLK
amazed|lonestar	COUNTRY
amazing grace|judy collins	POP,FOLK
amazing|aerosmith	ROCK
amazing|josh kelley	POP
amazing|kanye west featuring young jeezy	HIP_HOP
amber cascades|america	POP,ROCK,COUNTRY,FOLK
amen|impressions	POP,RNB
amen|otis redding	RNB
america communicate with me|ray stevens	POP,COUNTRY
america is my home pt 1|james brown and the famous flames	RNB
american baby|dave matthews band	POP,ROCK
american boys|petula clark	POP,ROCK,FOLK
american child|phil vassar	COUNTRY
american country love song|jake owen	COUNTRY
american girl|bonnie mckee	POP
american heartbeat|survivor	POP,ROCK
american honey|lady antebellum	POP,COUNTRY
american idiot|green day	ROCK,PUNK
american kids|kenny chesney	COUNTRY
american life|madonna	POP
american made|oak ridge boys	COUNTRY
american music|pointer sisters	POP,RNB,ELECTRONIC
american oxygen|rihanna	POP,RNB
american pie|madonna	POP
american ride|toby keith	COUNTRY
american saturday night|brad paisley	COUNTRY
american soldier|toby keith	COUNTRY
american star|lil wayne featuring shanell aka snl	POP,HIP_HOP
american storm|bob seger	POP,ROCK,FOLK
american tune|paul simon	POP,ROCK,FOLK
american woman|lenny kravitz	POP,ROCK
america|neil diamond	POP,ROCK,FOLK
america|prince and the revolution	RNB
america|simon and garfunkel	POP,ROCK,FOLK
america|yes	ROCK,JAZZ
amie|pure prairie league	POP,ROCK,COUNTRY,FOLK
amnesia|5 seconds of summer	POP
amnesia|shalamar	RNB,ELECTRONIC
amor eterno|cristian castro	ROCK,LATIN
amos moses|jerry reed	COUNTRY
an american dream|dirt band	POP,COUNTRY,FOLK
an american trilogy|elvis presley	CLASSICAL,ROCK
an american trilogy|mickey newbury	COUNTRY,FOLK
an everlasting love|andy gibb	POP,RNB,COUNTRY,ELECTRONIC
an honest mistake|bravery	ROCK,ELECTRONIC,PUNK
an innocent man|billy joel	POP,ROCK,FOLK
an old fashioned love song|three dog night	POP,ROCK,RNB,COUNTRY,FOLK
anaconda|nicki minaj	POP,HIP_HOP
and get away|esquires	RNB
and i love him|esther phillips	RNB
and i love you so|bobby goldsboro	POP,ROCK,COUNTRY,FOLK
and i love you so|perry como	POP,JAZZ
and i|ciara	POP,HIP_HOP,RNB
and love goes on|earth wind and fire	RNB,ELECTRONIC
and my heart sang tra la la|brenda and the tabulations	RNB
and our feelings|babyface	POP,RNB
and roses and roses|andy williams	POP,JAZZ,CLASSICAL
and she was|talking heads	ROCK,RNB,ELECTRONIC,PUNK
and so it goes|billy joel	POP,ROCK,FOLK
and the beat goes on|whispers	ROCK,RNB,ELECTRONIC
and the cradle will rock|van halen	ROCK,METAL
and the night stood still|dion	POP,ROCK,RNB
and then what|young jeezy featuring mannie fresh	HIP_HOP
and we danced|hooters	POP,ROCK
and when i die|blood sweat and tears	POP,ROCK,RNB,COUNTRY,FOLK
andrea|sunrays	POP
angel baby|angelica	METAL
angel eyes|jeff healey band	ROCK,RNB
angel eyes|love and theft	COUNTRY
angel in blue jeans|train	POP
angel in blue|j geils band	POP,ROCK,RNB,COUNTRY,FOLK
angel of harlem|u2	ROCK
angel of the morning|juice newton	POP,COUNTRY
angel say no|tommy tutone	POP,ROCK
angel song|great white	ROCK,METAL
angelia|richard marx	POP,ROCK
angeline|allman brothers band	POP,ROCK,RNB,COUNTRY,FOLK
angelito|don omar	HIP_HOP,LATIN
angelito|rene and rene	LATIN
angels in waiting|tammy cochran	COUNTRY
angels on the moon|thriving ivory	POP,ROCK
angels would fall|melissa etheridge	POP,ROCK,FOLK
angels|david archuleta	POP
angels|robbie williams	POP
angel|aerosmith	ROCK
angel|akon	POP,HIP_HOP
angel|amanda perez	POP,RNB
angel|aretha franklin	RNB
angel|johnny tillotson	POP,ROCK,RNB
angel|jon secada	POP
angel|lionel richie	POP,RNB,ELECTRONIC
angel|madonna	POP
angel|natasha bedingfield	POP
angel|rod stewart	POP,ROCK
angel|sarah mclachlan	POP,ROCK,FOLK
angel|shaggy featuring rayvon	POP,HIP_HOP
angie baby|helen reddy	POP,FOLK
angie|rolling stones	ROCK,PUNK
angry all the time|tim mcgraw	COUNTRY
animal i have become|three days grace	ROCK,PUNK,METAL
animal instinct|commodores	POP,RNB,ELECTRONIC
animal song|savage garden	POP
animal trainer and the toad|mountain	ROCK,RNB
animals|maroon 5	POP
animals|martin garrix	POP,ELECTRONIC
animals|nickelback	ROCK,METAL
animal|def leppard	ROCK,METAL
animal|neon trees	POP,ROCK,PUNK
anna molly|incubus	POP,ROCK,HIP_HOP,RNB,METAL
annabella|hamilton joe frank and reynolds	POP
annabelle|daniel boone	POP
anniversary|tony toni tone	POP,HIP_HOP,RNB
another cup of coffee|brook benton	POP,ROCK,RNB
another day another heartache|5th dimension	POP,RNB,FOLK
another day in paradise|phil collins	POP
another dumb blonde|hoku	POP
another heartache|rod stewart	POP,ROCK
another minute|cause and effect	POP
another night|aretha franklin	RNB
another night|dionne warwick	POP,RNB,ELECTRONIC
another night|real mccoy	POP,ELECTRONIC
another one bites the dust|queen	ROCK
another park another sunday|doobie brothers	POP,ROCK,RNB,COUNTRY,FOLK
another place another time|jerry lee lewis	POP,ROCK,COUNTRY
another puff|jerry reed	COUNTRY
another rainy day in new york city|chicago	POP,ROCK,FOLK
another sad love song|toni braxton	POP,RNB
another saturday night|cat stevens	POP,ROCK,FOLK
another side of you|joe nichols	COUNTRY
another sleepless night|anne murray	POP,COUNTRY,FOLK
another star|stevie wonder	RNB
another ticket|eric clapton	POP,ROCK,RNB
another time another place|engelbert humperdinck	POP
another way to die|disturbed	ROCK,METAL
another way to die|jack white and alicia keys	ROCK,RNB,PUNK,POP
another way|tevin campbell	POP,RNB
anotherloverholenyohead|prince and the revolution	RNB
answer to my prayer|neil sedaka	POP,ROCK,RNB,FOLK
anthem|good charlotte	POP,ROCK,PUNK,METAL
anthem|pitbull featuring lil jon	POP,HIP_HOP,LATIN
anticipation|carly simon	POP,FOLK
antidote|travis scott	POP,HIP_HOP
any day now|percy sledge	POP,RNB
any day now|ronnie milsap	COUNTRY
any love|luther vandross	RNB,JAZZ
any way you want it|journey	POP,ROCK
any way you want me|sylvers	RNB,ELECTRONIC
anyone can see|irene cara	POP,ELECTRONIC
anyone else|collin raye	COUNTRY
anyone for tennis|cream	POP,ROCK,RNB,FOLK
anyone who had a heart|dionne warwick	POP,RNB,ELECTRONIC
anyone who knows what love is will understand|irma thomas	RNB
anything at all|mitch malloy	ROCK
anything but down|sheryl crow	POP,ROCK,FOLK
anything but mine|kenny chesney	COUNTRY
anything could happen|ellie goulding	POP,ELECTRONIC
anything goes|florida georgia line	COUNTRY
anything goes|harpers bizarre	POP,FOLK
anything is possible|debbie gibson	POP
anything like me|brad paisley	COUNTRY
anything you choose|spanky and our gang	POP,ROCK,FOLK
anything|3t	POP,RNB
anything|eric burdon and the animals	ROCK,FOLK
anytime you need a friend|mariah carey	POP,RNB
anytime|journey	POP,ROCK
anytime|mcauley schenker group	ROCK,METAL
anyway|martina mcbride	COUNTRY
anywhere with you|jake owen	COUNTRY
apache|sugarhill gang	HIP_HOP,RNB,ELECTRONIC
apartment 21|bobbie gentry	POP,COUNTRY,FOLK
apologize|ed ames	POP
apologize|timbaland featuring onerepublic	POP,ROCK,HIP_HOP
apparently|j cole	HIP_HOP
applause|lady gaga	POP
apples peaches pumpkin pie|jay and the techniques	POP,RNB
apricot brandy|rhinoceros	METAL
april fools|dionne warwick	POP,RNB,ELECTRONIC
aqua boogie a psychoalphadiscobetabioaquadoloop|parliament	RNB,ELECTRONIC
arc of a diver|steve winwood	POP,ROCK,ELECTRONIC,FOLK
are we ourselves|fixx	POP,ROCK,ELECTRONIC
are you a boy or are you a girl|barbarians	ROCK,PUNK
are you getting enough happiness|hot chocolate	POP,RNB,ELECTRONIC
are you gonna be my girl|jet	ROCK
are you gonna kiss me or not|thompson square	COUNTRY
are you happy now|michelle branch	POP
are you happy|jerry butler	POP,RNB,ELECTRONIC
are you man enough|four tops	POP,RNB,ELECTRONIC,FOLK
are you my woman tell me so|chi lites	RNB,ELECTRONIC
are you never coming home|sandy posey	POP,ROCK
are you old enough|mark lindsay	POP
are you sincere|trini lopez	POP,ROCK
are you sure hank done it this way|waylon jennings	COUNTRY
are you that somebody|aaliyah	POP,HIP_HOP,RNB
are you there with another girl|dionne warwick	POP,RNB,ELECTRONIC
area codes|ludacris featuring nate dogg	HIP_HOP,RNB,POP
ariel|dean friedman	POP
arizona|mark lindsay	POP
armageddon it|def leppard	ROCK,METAL
armed and dangerous|juice wrld	HIP_HOP
armed and extremely dangerous|first choice	RNB,ELECTRONIC
arms of mary|chilliwack	ROCK
arms of mary|sutherland brothers and quiver	POP
arms of orion|prince with sheena easton	RNB
arms of the one who loves you|xscape	POP,HIP_HOP,RNB
arms|christina perri	POP
around the corner|duprees	POP,RNB
around the way girl|ll cool j	POP,HIP_HOP,RNB,PUNK
around the world|daft punk	ELECTRONIC
arrested for driving while blind|zz top	ROCK,RNB,METAL
arrow through me|wings	POP,ROCK,FOLK
as good as i once was|toby keith	COUNTRY
as i lay me down|sophie b hawkins	POP
as long as he takes care of home|candi staton	RNB,ELECTRONIC
as long as i can dream|expose	POP
as long as you follow|fleetwood mac	POP,ROCK
as tears go by|marianne faithfull	POP,ROCK,FOLK
as tears go by|rolling stones	POP
as time goes by|nilsson	POP,ROCK,FOLK
as usual|brenda lee	POP,ROCK,COUNTRY,JAZZ
as we lay|kelly price	POP,RNB
as we lay|shirley murdock	RNB
asap|t i	POP,HIP_HOP
ashes by now|lee ann womack	COUNTRY
ashes by now|rodney crowell	ROCK,COUNTRY,FOLK
ashes to ashes|5th dimension	POP,RNB,FOLK
ask me no questions|b b king	JAZZ
ask me what you want|millie jackson	RNB
ask me|ecstasy passion and pain	ELECTRONIC
ask the lonely|four tops	POP,RNB,ELECTRONIC,FOLK
ass like that|eminem	HIP_HOP,RNB
aston martin music|rick ross featuring drake and chrisette michele	HIP_HOP,POP,RNB
astral man|nektar	ROCK,JAZZ
astronauts|future and juice wrld	POP,HIP_HOP
astrothunder|travis scott	POP,HIP_HOP
as|stevie wonder	RNB
at last|beyonce	POP,RNB
at midnight my love will lift you up|rufus featuring chaka khan	POP,RNB,ELECTRONIC
at midnight|t connection	RNB,ELECTRONIC
at seventeen|janis ian	POP,FOLK
at the club|drifters	POP,ROCK,RNB,FOLK
at the stars|better than ezra	POP,ROCK
at the zoo|simon and garfunkel	POP,ROCK,FOLK
at your best you are love|aaliyah	POP,HIP_HOP,RNB
athena|who	POP,ROCK,PUNK,FOLK
atlanta lady something about your love|marty balin	POP
atlantis|donovan	POP,ROCK,PUNK,FOLK
atliens|outkast	HIP_HOP
atm|j cole	HIP_HOP
atomic|blondie	POP,ROCK,ELECTRONIC
attack of the name game|stacy lattisaw	RNB,ELECTRONIC
attention|charlie puth	POP
attention|weeknd	POP,HIP_HOP,RNB
attitude dancing|carly simon	POP,FOLK
aubrey|bread	POP,COUNTRY,FOLK
auld lang syne|kenny g	JAZZ
austin|blake shelton	COUNTRY
authority song|john cougar mellencamp	POP,ROCK,FOLK
auto pilot|migos	POP,HIP_HOP
autograph|john denver	POP,FOLK
automatic lover call for love|real mccoy	POP,ELECTRONIC
automatically sunshine|supremes	POP,RNB,ELECTRONIC,FOLK
automatic|miranda lambert	COUNTRY
automatic|pointer sisters	POP,RNB,ELECTRONIC
autumn leaves 1965|roger williams	POP
autumn of my life|bobby goldsboro	POP,ROCK,COUNTRY,FOLK
ava adore|smashing pumpkins	POP,ROCK,METAL
aw naw|chris young	COUNTRY
awake and alive|skillet	ROCK,METAL
awake|letters to cleo	POP,ROCK
award tour|a tribe called quest	HIP_HOP,PUNK
away from me|puddle of mudd	POP,ROCK,HIP_HOP,PUNK,METAL
away from the sun|3 doors down	POP,ROCK,PUNK,METAL
awful beautiful life|darryl worley	COUNTRY
awful things|lil peep	HIP_HOP,EMO
awnaw|nappy roots	HIP_HOP
axel f|crazy frog	POP,ELECTRONIC
axel f|harold faltermeyer	POP,SOUNDTRACK
ay chico lengua afuera|pitbull	POP,HIP_HOP,LATIN
ayo technology|50 cent featuring justin timberlake and timbaland	POP,HIP_HOP,RNB
b a b y|carla thomas	RNB
b b d i thought it was me|bell biv devoe	POP,HIP_HOP,RNB
b b jones|b b king	ROCK,RNB
b e d|jacquees	POP,HIP_HOP,RNB
b please|snoop dogg featuring xzibit and nate dogg	HIP_HOP,RNB,PUNK
b y o b|system of a down	ROCK,METAL
babel|mumford and sons	POP,ROCK,FOLK
babe|styx	POP,ROCK
baby baby all the time|superbs	RNB
baby baby baby|tlc	POP,HIP_HOP,RNB
baby baby|amy grant	ROCK
baby baby|corona	POP,ELECTRONIC
baby baby|eighth wonder	POP
baby be my love song|easton corbin	COUNTRY
baby be there|nu flavor	POP
baby can i hold you|tracy chapman	POP,FOLK
baby come and get it|pointer sisters	POP,RNB,ELECTRONIC
baby come back to me|manhattan transfer	POP,JAZZ
baby come back|equals	POP,ROCK
baby come close|smokey robinson	RNB,ELECTRONIC
baby come home|ruby and the romantics	RNB
baby come on home|solomon burke	RNB,JAZZ
baby come to me|patti austin a duet with james ingram	POP,RNB,JAZZ
baby come to me|regina belle	RNB,ELECTRONIC
baby do the philly dog|olympics	RNB
baby get it on|ike and tina turner	POP,RNB
baby got back|sir mix a lot	HIP_HOP,ELECTRONIC
baby help me|percy sledge	POP,RNB
baby hold on to me|gerald levert duet with eddie levert	RNB
baby hold on|eddie money	POP,ROCK,COUNTRY,FOLK
baby hold on|grass roots	POP,ROCK,RNB,COUNTRY,FOLK
baby i lied|deborah allen	COUNTRY
baby i love u|jennifer lopez	POP,HIP_HOP,RNB
baby i love your way|peter frampton	POP,ROCK,RNB,COUNTRY,FOLK
baby i love you|andy kim	POP
baby i love you|aretha franklin	RNB
baby i love you|jimmy holiday	RNB
baby i love you|little milton	RNB
baby i love you|ronettes	POP,ROCK,RNB
baby i need your loving|four tops	POP,RNB,ELECTRONIC,FOLK
baby i|ariana grande	POP
baby jane|rod stewart	POP,ROCK
baby let me kiss you|king floyd	RNB
baby let me take you in my arms|detroit emeralds	RNB
baby love|supremes	POP,RNB,ELECTRONIC,FOLK
baby luv|groove theory	RNB
baby make your own sweet music|jay and the techniques	POP,RNB
baby mama|fantasia	POP,RNB
baby one more time|britney spears	POP
baby scratch my back|slim harpo	RNB
baby sitter|betty wright	RNB
baby step back|gordon lightfoot	POP,ROCK,COUNTRY,FOLK
baby talks dirty|knack	POP,ROCK
baby the rain must fall|glenn yarbrough	FOLK
baby u are|gerald levert	RNB
baby we better try to get it together|barry white	POP,RNB,ELECTRONIC
baby what a big surprise|chicago	POP,ROCK,FOLK
baby what do you want me to do|barbara lewis	POP,RNB
baby what i mean|drifters	POP,ROCK,RNB,FOLK
baby what you want me to do|etta james	POP,RNB,JAZZ
baby you got it|brenton wood	RNB
baby you look good to me tonight|john denver	POP,FOLK
babylon|david gray	POP,ROCK
baby|ashanti	POP,HIP_HOP,RNB
baby|blake shelton	COUNTRY
baby|brandy	POP,HIP_HOP,RNB
baby|ll cool j featuring the dream	POP,HIP_HOP,RNB,PUNK
back 2 good|matchbox 20	POP,ROCK
back and forth|aaliyah	POP,HIP_HOP,RNB,ELECTRONIC
back and forth|cameo	POP,RNB,ELECTRONIC
back at one|brian mcknight	POP,RNB
back at one|mark wills	COUNTRY
back for a taste of your love|syl johnson	RNB
back here|bbmak	POP
back home again|john denver	POP,FOLK
back in black|ac dc	ROCK
back in love again|buckinghams	POP,ROCK,FOLK
back in my arms again|supremes	POP,RNB,ELECTRONIC,FOLK
back in stride|maze featuring frankie beverly	RNB,ELECTRONIC
back in the high life again|steve winwood	POP,ROCK,ELECTRONIC,FOLK
back in the saddle|aerosmith	ROCK
back in the u s a|linda ronstadt	ROCK,RNB,FOLK,POP,COUNTRY
back like that|ghostface killah featuring ne yo	POP,HIP_HOP,RNB,PUNK
back off boogaloo|ringo starr	POP,ROCK,FOLK
back on holiday|robbie nevil	POP
back on my feet again|babys	POP,ROCK
back on my feet again|foundations	POP,RNB,FOLK
back on the chain gang|pretenders	POP,ROCK,ELECTRONIC,FOLK
back on the street again|sunshine company	POP
back street|edwin starr	RNB
back then|mike jones	HIP_HOP
back to back|drake	POP,HIP_HOP
back to december|taylor swift	POP
back to life|soul ii soul	RNB,ELECTRONIC
back to school again|four tops	POP,RNB,ELECTRONIC,FOLK
back to sleep|chris brown	POP,HIP_HOP,RNB
back to the bullet|saraya	METAL
back to the hotel|n2deep	HIP_HOP
back to the island|leon russell	POP,ROCK,RNB,COUNTRY,FOLK
back to the world|tevin campbell	POP,RNB
back to you|selena gomez	POP
back together again|daryl hall john oates	POP,ROCK,FOLK
back when i knew it all|montgomery gentry	COUNTRY
back when|tim mcgraw	COUNTRY
backfield in motion|mel and tim	RNB
backfired|debbie harry	POP
backroad song|granger smith	COUNTRY
backstage|gene pitney	POP,ROCK,FOLK
backwater|meat puppets	POP,ROCK,PUNK
backwoods|justin moore	COUNTRY
backyard boogie|mack 10	HIP_HOP,RNB,PUNK
bad at love|halsey	POP
bad bad leroy brown|frank sinatra	POP
bad bad leroy brown|jim croce	POP,ROCK,FOLK
bad blood|bastille	POP,ROCK,ELECTRONIC
bad boy having a party|luther vandross	RNB
bad boy|miami sound machine	POP
bad boy|ray parker jr	POP,RNB,ELECTRONIC
bad brakes|cat stevens	POP,ROCK,FOLK
bad case of loving you doctor doctor|robert palmer	POP,ROCK,ELECTRONIC,FOLK
bad day|daniel powter	POP
bad day|fuel	POP,ROCK,HIP_HOP,METAL
bad day|justin bieber	POP
bad eye|willie mitchell	RNB
bad girlfriend|theory of a deadman	ROCK,HIP_HOP,METAL
bad girls|donna summer	POP,RNB,ELECTRONIC
bad girl|madonna	POP
bad girl|neil sedaka	POP,ROCK,RNB,FOLK
bad liar|imagine dragons	ROCK
bad liar|selena gomez	POP
bad little woman|shadows of knight	POP,ROCK,PUNK
bad love|eric clapton	POP,ROCK,RNB
bad luck part 1|harold melvin and the blue notes	RNB,ELECTRONIC
bad medicine|bon jovi	ROCK,METAL
bad misunderstanding|critters	POP
bad moon rising|creedence clearwater revival	ROCK
bad reputation|freedy johnston	POP
bad romance|lady gaga	POP
bad times|tavares	RNB,ELECTRONIC
bad time|grand funk	POP,ROCK,RNB,FOLK
bad touch|bloodhound gang	RNB,PUNK,METAL
badd|ying yang twins featuring mike jones and mr collipark	POP,HIP_HOP
badge|cream	POP,ROCK,RNB,FOLK
badlands|bruce springsteen	POP,ROCK,FOLK
bad|michael jackson	POP
bad|xxxtentacion	HIP_HOP,EMO
bag lady|erykah badu	POP,HIP_HOP,RNB
bait a hook|justin moore	COUNTRY
baker street|gerry rafferty	POP,ROCK,COUNTRY,FOLK
ball and chain|tommy james	POP
ball of fire|tommy james and the shondells	POP,ROCK,FOLK
balla baby|chingy	POP,HIP_HOP,RNB
ballad of bonnie and clyde|georgie fame	POP,ROCK,RNB,JAZZ
ballad of easy rider|byrds	POP,ROCK,RNB,COUNTRY,FOLK
ballad of jayne|l a guns	ROCK,METAL
ballad of john and yoko|beatles	POP
ballad of mona lisa|panic at the disco	ROCK,PUNK,EMO,CLASSICAL
ballad of you and me and pooneil|jefferson airplane	ROCK,RNB,FOLK
ballad of youth|richie sambora	ROCK,METAL
ballerina girl|lionel richie	POP,RNB,ELECTRONIC
ballero|war	RNB
ballroom blitz|sweet	POP,ROCK,RNB
bama lama bama loo|little richard	POP,ROCK,RNB
banapple gas|cat stevens	POP,ROCK,FOLK
band of gold|freda payne	RNB
bang and blame|r e m	POP,ROCK
bang bang bang|selena gomez and the scene	POP
bang bang my baby shot me down|cher	POP,SOUNDTRACK
bang bang|danger danger	ROCK,METAL
bang bang|david sanborn	RNB,JAZZ
bang bang|joe cuba sextet	LATIN
bang shang a lang|archies	POP,ROCK,FOLK
bang the drum all day|todd rundgren	POP,ROCK,RNB,COUNTRY,FOLK
bang your head metal health|quiet riot	ROCK,METAL
banjo|rascal flatts	COUNTRY
bank account|21 savage	HIP_HOP
banned in the u s a|luke featuring the 2 live crew	HIP_HOP,ELECTRONIC
bar at the end of the world|kenny chesney	COUNTRY
barbara ann|beach boys	POP,ROCK,FOLK,CLASSICAL
barbie dreams|nicki minaj	POP,HIP_HOP
barbie girl|aqua	POP,ELECTRONIC
barbie tingz|nicki minaj	POP,HIP_HOP
barbra streisand|duck sauce	ELECTRONIC
barcelona|ed sheeran	POP
barefoot and crazy|jack ingram	COUNTRY
barefoot blue jean night|jake owen	COUNTRY
barefoot in baltimore|strawberry alarm clock	POP,ROCK,FOLK
barely breathing|duncan sheik	POP
barracuda|alvin cash and the crawlers	RNB
barracuda|heart	POP,ROCK
barrel of a gun|depeche mode	POP,ROCK,ELECTRONIC
bartender|lady antebellum	POP,COUNTRY
bartender|t pain featuring akon	POP,HIP_HOP,RNB
basketball|kurtis blow	HIP_HOP,ELECTRONIC
bass down low|dev featuring the cataracs	POP
bat country|avenged sevenfold	ROCK,METAL
batman theme|marketts	ROCK
batman theme|neal hefti	POP,SOUNDTRACK
batman|jan and dean	POP,ROCK,RNB,FOLK
battle of new orleans|nitty gritty dirt band	POP,COUNTRY,FOLK
battle scars|lupe fiasco and guy sebastian	POP,HIP_HOP
battlefield|jordin sparks	POP,HIP_HOP,RNB
battleship chains|georgia satellites	ROCK,RNB,COUNTRY
bb good|jonas brothers	POP
be alright|ariana grande	POP
be alright|dean lewis	POP
be anything but be mine|connie francis	POP,ROCK,RNB
be careful|cardi b	POP,HIP_HOP
be good to me|ashley tisdale	POP
be good to yourself|journey	POP,ROCK
be happy|mary j blige	POP,HIP_HOP,RNB
be like that|3 doors down	POP,ROCK,PUNK,METAL
be mad little girl|bobby darin	POP,ROCK,RNB,JAZZ
be mine tonight|neil diamond	POP,ROCK,FOLK
be my baby tonight|john michael montgomery	COUNTRY
be my escape|relient k	POP,ROCK,PUNK
be my girl|dramatics	RNB,ELECTRONIC
be my lady|jefferson starship	POP,ROCK,COUNTRY,FOLK
be my lady|meters	RNB
be my lover|alice cooper	ROCK,RNB,PUNK,METAL
be my lover|la bouche	POP,ELECTRONIC
be near me|abc	POP,ROCK,ELECTRONIC
be nice to me|runt todd rundgren	POP,ROCK,RNB,COUNTRY,FOLK
be ok|ingrid michaelson	POP,ROCK,FOLK
be still my beating heart|sting	POP,ROCK
be true to your school|beach boys	POP,ROCK,FOLK,CLASSICAL
be true to yourself|2nd ii none	HIP_HOP
be what you are|staple singers	RNB
be with you|bangles	POP,ROCK,ELECTRONIC
be with you|enrique iglesias	POP,LATIN
be young be foolish be happy|tams	RNB
be yourself|audioslave	ROCK,METAL
beans in my ears|serendipity singers	FOLK
beast of burden|bette midler	POP
beast of burden|rolling stones	ROCK,PUNK
beat goes on|sonny and cher	POP,ROCK,FOLK
beat it|michael jackson	POP
beat of a heart|scandal featuring patty smyth	POP
beat of the music|brett eldredge	COUNTRY
beat patrol|starship	POP,ROCK,ELECTRONIC
beat the clock|mccoys	POP,ROCK,FOLK
beat this summer|brad paisley	COUNTRY
beating heart|ellie goulding	POP,ELECTRONIC
beaucoups of blues|ringo starr	POP,ROCK,FOLK
beautician blues|b b king	ROCK,RNB
beautiful crazy|luke combs	COUNTRY
beautiful day|lee dewyze	POP
beautiful day|u2	ROCK
beautiful drug|zac brown band	COUNTRY
beautiful flower|india arie	RNB
beautiful girls|sean kingston	POP,HIP_HOP,RNB
beautiful girl|inxs	POP,ROCK,RNB,ELECTRONIC
beautiful goodbye|jennifer hanson	COUNTRY
beautiful life|ace of base	POP,ELECTRONIC
beautiful love|afters	POP,ROCK
beautiful mess|diamond rio	COUNTRY
beautiful monster|ne yo	POP,HIP_HOP,RNB
beautiful soul|jesse mccartney	POP
beautiful stranger|madonna	POP
beautiful sunday|daniel boone	POP
beautiful trauma|p nk	POP
beautiful|christina aguilera	POP
beautiful|eminem	HIP_HOP,RNB
beautiful|gordon lightfoot	POP,ROCK,COUNTRY,FOLK
beautiful|snoop dogg featuring pharrell and uncle charlie wilson	HIP_HOP,RNB,POP
beauty and the beast|ariana grande and john legend	POP,RNB
beauty is only skin deep|temptations	RNB
beauty|dru hill	POP,HIP_HOP,RNB
because i got high|afroman	HIP_HOP
because of love|janet jackson	POP,RNB
because of you|98 degrees	POP
because of you|chris montez	POP,ROCK,FOLK
because of you|kelly clarkson	POP
because of you|ne yo	POP,HIP_HOP,RNB
because the night|patti smith group	POP,ROCK,ELECTRONIC,PUNK,FOLK
because you love me|jo dee messina	COUNTRY
because|dave clark five	POP,ROCK,FOLK
bed and board|barbara mason	RNB
bed intruder song|antoine dodson and the gregory brothers featuring kelly dodson	POP
bed of roses|bon jovi	ROCK,METAL
bedrock|young money featuring lloyd	POP,HIP_HOP,RNB
bedroom floor|liam payne	POP,ELECTRONIC
bedtime story|madonna	POP
bedtime story|tammy wynette	COUNTRY
bed|j holiday	POP,HIP_HOP,RNB
beechwood 4 5789|carpenters	POP,FOLK
been to canaan|carole king	POP,ROCK,FOLK
been too long on the road|mark lindsay	POP
been you|justin bieber	POP
beer in mexico|kenny chesney	COUNTRY
beer money|kip moore	COUNTRY
beers ago|toby keith	COUNTRY
bees are for the birds the birds are for the bees|newbeats	RNB
before and after|chad and jeremy	POP,ROCK,FOLK
before he cheats|carrie underwood	POP,COUNTRY
before i go|starship	POP,ROCK,ELECTRONIC
before i let you go|blackstreet	POP,HIP_HOP,RNB
before the next teardrop falls|freddy fender	POP,COUNTRY
before you go|buck owens	COUNTRY,FOLK
beg borrow and steal|ohio express	POP,FOLK
beg me|chuck jackson	RNB
beg steal or borrow|new seekers	POP
begin again|taylor swift	POP
beginning of loneliness|dionne warwick	POP,RNB,ELECTRONIC
beginning to feel the pain|mac davis	POP,COUNTRY
behind bars|slick rick	HIP_HOP,PUNK
behind blue eyes|limp bizkit	ROCK,HIP_HOP,METAL
behind blue eyes|who	POP,ROCK,PUNK,FOLK
behind closed doors|charlie rich	ROCK,COUNTRY
behind the door|cher	POP,SOUNDTRACK
behind these hazel eyes|kelly clarkson	POP
beibs in the trap|travis scott	POP,HIP_HOP
being with you|smokey robinson	RNB,ELECTRONIC
believe half of what you see and none of what you hear|leon haywood	RNB,ELECTRONIC
believe in me|dan fogelberg	POP,ROCK,COUNTRY,FOLK
believer|imagine dragons	ROCK
believe|brooks and dunn	COUNTRY
believe|cher	POP,SOUNDTRACK
believe|elton john	POP,ROCK
believe|lenny kravitz	POP,ROCK
believe|mumford and sons	POP,ROCK,FOLK
believe|staind	ROCK,HIP_HOP,METAL
bell bottom blues|derek and the dominos	POP,ROCK,RNB,COUNTRY,FOLK
bell bottom blues|eric clapton	POP,ROCK,RNB,COUNTRY,FOLK
bella linda|grass roots	POP,ROCK,RNB,COUNTRY,FOLK
belle of st mark|sheila e	RNB
belle|al green	RNB
bells|originals	RNB
bend me shape me|american breed	POP,FOLK
bent|matchbox twenty	POP,ROCK
bernadette|four tops	POP,RNB,ELECTRONIC,FOLK
bertha butt boogie part 1|jimmy castor bunch	RNB
berzerk|eminem	HIP_HOP,RNB
best day of my life|american authors	POP,ROCK
best days of your life|kellie pickler	COUNTRY
best day|george strait	COUNTRY
best disco in town|ritchie family	RNB,ELECTRONIC
best friend|brandy	POP,HIP_HOP,RNB
best friend|young thug	POP,HIP_HOP
best i ever had grey sky morning|vertical horizon	POP,ROCK
best i ever had|drake	POP,HIP_HOP
best i ever had|gary allan	COUNTRY
best i ever had|gavin degraw	POP
best man i can be|ginuwine r l tyrese case	POP,HIP_HOP,RNB
best of both worlds|lulu	POP,ROCK
best of intentions|travis tritt	COUNTRY
best of my love|emotions	POP,RNB,ELECTRONIC
best of times|peter cetera	POP
best of times|styx	POP,ROCK
best of you|foo fighters	ROCK,METAL
best shot|jimmie allen	COUNTRY
best song ever|one direction	POP
best thing i never had|beyonce	POP,RNB
best thing that ever happened to me|gladys knight and the pips	POP,RNB,ELECTRONIC
best thing that ever happened to me|persuaders	RNB
best thing|styx	POP,ROCK
best|tina turner	POP,ELECTRONIC
bet your heart on me|johnny lee	COUNTRY
betcha by golly wow|stylistics featuring russell thompkins jr	POP,RNB,ELECTRONIC
betcha say that|gloria estefan and miami sound machine	POP
betrayed|lil xan	HIP_HOP,EMO
bette davis eyes|kim carnes	POP
better as a memory|kenny chesney	COUNTRY
better be good to me|tina turner	POP,ELECTRONIC
better be home soon|crowded house	POP,ROCK,ELECTRONIC
better by the pound|funkadelic	ROCK,RNB
better days and the bottom drops out|citizen king	POP,ROCK
better days|goo goo dolls	POP,ROCK
better days|melissa manchester	POP
better days|wc featuring jon b	HIP_HOP
better dig two|band perry	COUNTRY
better in time|leona lewis	POP,RNB
better life|keith urban	COUNTRY
better love next time|dr hook	POP,ROCK,COUNTRY,FOLK
better man|little big town	COUNTRY
better now|post malone	POP,HIP_HOP
better than i know myself|adam lambert	POP
better than i used to be|tim mcgraw	COUNTRY
better than me|hinder	POP,ROCK,HIP_HOP,METAL
better than revenge|taylor swift	POP
better things|kinks	POP,ROCK,ELECTRONIC,PUNK,FOLK
better use your head|little anthony and the imperials	POP,ROCK,RNB
better|khalid	POP
between a rock and a hard place|cutting crew	POP,ROCK,ELECTRONIC
between her goodbye and my hello|gladys knight and the pips	POP,RNB,ELECTRONIC
between me and you|ja rule featuring christina milian	POP,RNB,HIP_HOP
between you and me|dc talk	ROCK
beverly hills|weezer	POP,ROCK,PUNK
beyond the blue horizon|lou christie	POP,ROCK,FOLK
beyond the invisible|enigma	ELECTRONIC
beyond|herb alpert	POP,JAZZ
be|neil diamond	POP,ROCK,FOLK
bickenhead|cardi b	POP,HIP_HOP
big blue note|toby keith	COUNTRY
big boss line|jackie wilson	POP,ROCK,RNB
big boss man|elvis presley	ROCK
big city miss ruth ann|gallery	POP
big crash|eddie money	POP,ROCK,COUNTRY,FOLK
big deal|leann rimes	POP,COUNTRY
big fun|kool and the gang	RNB,ELECTRONIC
big green tractor|jason aldean	COUNTRY
big hurt|del shannon	POP,ROCK,RNB,FOLK
big in japan|alphaville	POP,ROCK,ELECTRONIC
big love|fleetwood mac	POP,ROCK
big machine|goo goo dolls	POP,ROCK
big mistake|peter cetera	POP
big money|rush	ROCK,METAL
big party|barbara and the browns	RNB
big shot|billy joel	POP,ROCK,FOLK
big star|kenny chesney	COUNTRY
big talk|warrant	ROCK,METAL
big time sensuality|bjork	POP,ROCK,ELECTRONIC,CLASSICAL
big time|lou christie	POP,ROCK,FOLK
big time|peter gabriel	POP,ROCK
big yellow taxi|amy grant	ROCK
big yellow taxi|counting crows featuring vanessa carlton	POP,ROCK,FOLK
big yellow taxi|joni mitchell	POP,ROCK,FOLK
bigger than my body|john mayer	POP,FOLK
bigger|justin bieber	POP
biggest alley oop|quavo	POP,HIP_HOP
biggest part of me|ambrosia	POP,ROCK,COUNTRY,FOLK
bill gates|lil wayne	POP,HIP_HOP
billie jean|michael jackson	POP
billion dollar babies|alice cooper	ROCK,RNB,PUNK,METAL
bills|lunchmoney lewis	HIP_HOP
billy and sue|b j thomas and the triumphs	POP,FOLK
billy|6ix9ine	EMO
bill|peggy scott adams	RNB
bionic|christina aguilera	POP
bird dance beat|trashmen	ROCK,PUNK
birds of a feather|joe south	POP,ROCK,FOLK
birds of a feather|raiders	POP,ROCK,PUNK,FOLK
bird|time	RNB,ELECTRONIC
birmingham|amanda marshall	POP
birthday sex|jeremih	POP,HIP_HOP,RNB
birthday|katy perry	POP
bit by bit theme from fletch|stephanie mills	RNB,ELECTRONIC
bitch is back|elton john	POP,ROCK
bitch|meredith brooks	POP
bite your lip get up and dance|elton john	POP,ROCK
bitter bad|melanie	POP,FOLK
bitter sweet symphony|verve	POP,ROCK
bitter tears|inxs	POP,ROCK,RNB,ELECTRONIC
bittersweet me|r e m	POP,ROCK
bittersweet|fantasia	POP,RNB
bizarre love triangle|frente	ROCK
bizarre love triangle|new order	POP,ROCK,ELECTRONIC,PUNK
black and blue|van halen	ROCK,METAL
black and chinese|huncho jack	POP,HIP_HOP
black and white|three dog night	POP,ROCK,RNB,COUNTRY,FOLK
black and yellow|wiz khalifa	POP,HIP_HOP
black balloon|goo goo dolls	POP,ROCK
black betty|ram jam	ROCK
black byrd|donald byrd	RNB,JAZZ
black cars|gino vannelli	POP,ROCK
black cat|janet jackson	POP,RNB
black coffee|heavy d and the boyz	POP,HIP_HOP,RNB,ELECTRONIC,PUNK
black eyed boys|paper lace	POP
black friday|steely dan	POP,ROCK,RNB,FOLK
black horse and the cherry tree|kt tunstall	POP,FOLK
black ice sky high|goodie mob featuring outkast	HIP_HOP,PUNK
black is black|los bravos	POP,FOLK
black magic woman|santana	ROCK,RNB
black magic|little mix	POP
black night|deep purple	ROCK,RNB,METAL
black or white|michael jackson	POP
black panther|kendrick lamar	HIP_HOP
black rain|soundgarden	ROCK,METAL
black seeds keep on growing|main ingredient	RNB,ELECTRONIC
black sheep|sam the sham and the pharaohs	POP,ROCK,PUNK,FOLK
black skinhead|kanye west	HIP_HOP
black sweat|prince	RNB
black velvet|alannah myles	POP,ROCK
black water|doobie brothers	POP,ROCK,RNB,COUNTRY,FOLK
blacker the berry|kendrick lamar	HIP_HOP
blackout|breathe carolina	POP,ELECTRONIC,PUNK,EMO
blackstar|david bowie	ROCK,ELECTRONIC,PUNK
black|dierks bentley	COUNTRY
blame it on love|smokey robinson and barbara mitchell	RNB,ELECTRONIC
blame it on me|post malone	POP,HIP_HOP
blame it on the boogie|jacksons	RNB,ELECTRONIC
blame it on the radio|john parr	POP,ROCK
blame it on the rain|milli vanilli	RNB
blame it|jamie foxx featuring t pain	POP,HIP_HOP,RNB
blank space|i prevail	EMO,METAL
blank space|taylor swift	POP
blanket on the ground|billie jo spears	COUNTRY
blaze of glory|kenny rogers	POP,COUNTRY
bleed it out|linkin park	ROCK,METAL
bleed red|ronnie dunn	COUNTRY
bleeding love|leona lewis	POP,RNB
blem|drake	POP,HIP_HOP
bless the broken road|rascal flatts	COUNTRY
bless you|martha reeves and the vandellas	POP,ROCK,RNB,ELECTRONIC
blessed are the believers|anne murray	POP,COUNTRY,FOLK
blessed up|meek mill	POP,HIP_HOP
blessed|elton john	POP,ROCK
blessed|martina mcbride	COUNTRY
blind faith|warrant	ROCK,METAL
blind man|aerosmith	ROCK
blind man|bobby bland	RNB
bliss|tori amos	POP,ROCK,FOLK
blockbuster|sweet	POP,ROCK,RNB
blood is thicker than water|william devaughn	RNB
blood on the dance floor|michael jackson	POP
blood on the leaves|kanye west	HIP_HOP
bloody well right|supertramp	POP,ROCK,FOLK
blood|kendrick lamar	HIP_HOP
blow a bag|future	POP,HIP_HOP
blow me one last kiss|p nk	POP
blow your mind mwah|dua lipa	POP
blowin in the wind|stevie wonder	RNB
blowing away|5th dimension	POP,RNB,FOLK
blowing kisses in the wind|paula abdul	POP
blown away|carrie underwood	POP,COUNTRY
blow|ke ha	POP,HIP_HOP
blue autumn|bobby goldsboro	POP,ROCK,COUNTRY,FOLK
blue bayou|linda ronstadt	POP,ROCK,COUNTRY,FOLK
blue collar man long nights|styx	POP,ROCK
blue collar|bachman turner overdrive	POP,ROCK,RNB,COUNTRY,FOLK
blue eyes crying in the rain|willie nelson	COUNTRY,FOLK
blue eyes|elton john	POP,ROCK
blue kiss|jane wiedlin	POP
blue light|david gilmour	ROCK
blue monday|orgy	ROCK,HIP_HOP,ELECTRONIC,METAL
blue morning blue day|foreigner	POP,ROCK
blue notes|meek mill	POP,HIP_HOP
blue orchid|white stripes	ROCK,RNB,PUNK
blue river|elvis presley	ROCK
blue shadows|b b king	ROCK,RNB
blue side of lonesome|jim reeves	POP,ROCK,COUNTRY
blue sky|joan baez	POP,FOLK
blue suede shoes|johnny rivers	POP,ROCK,FOLK
blue tacoma|russell dickerson	COUNTRY
blue tint|drake	POP,HIP_HOP
blue winter|connie francis	POP,ROCK,RNB
blue world|moody blues	POP,ROCK,FOLK
bluebird|buffalo springfield	POP,ROCK,RNB,COUNTRY,FOLK
bluebird|helen reddy	POP,FOLK
bluer than blue|michael johnson	POP
blues before and after|smithereens	POP,ROCK,ELECTRONIC
blues power|eric clapton and his band	POP,ROCK,RNB
blues|randy newman and paul simon	FOLK,SOUNDTRACK
blues|tony toni tone	POP,HIP_HOP,RNB
blue|leann rimes	POP,COUNTRY
blunt blowin|lil wayne	POP,HIP_HOP
blurry|puddle of mudd	POP,ROCK,HIP_HOP,PUNK,METAL
boats against the current|eric carmen	POP,ROCK,ELECTRONIC,FOLK
bobbie sue|oak ridge boys	COUNTRY
bobby bitch|bobby shmurda	HIP_HOP
body and soul|tony bennett and amy winehouse	RNB,POP,JAZZ
body heat|alicia bridges	ELECTRONIC
body language|queen	ELECTRONIC
body like a back road|sam hunt	COUNTRY
body party|ciara	POP,HIP_HOP,RNB
body say|demi lovato	POP
body talk|deele	RNB,ELECTRONIC
bohemian rhapsody|panic at the disco	ROCK,PUNK,EMO,CLASSICAL
bohemian rhapsody|queen	ROCK
bojangles|pitbull	POP,HIP_HOP,LATIN
bold soul sister|ike and tina turner	POP,RNB
bomb these sounds fall into my mind|bucketheads	ELECTRONIC
bon bon vie gimme the good life|t s monk	ELECTRONIC
bon bon|pitbull	POP,HIP_HOP,LATIN
bon doo wah|orlons	POP,RNB
bonfire|craig morgan	COUNTRY
bongo bongo|steve miller	POP,ROCK,RNB,FOLK
bongo rock|incredible bongo band	RNB
boogaloo down broadway|fantastic johnny c	RNB
boogie child|bee gees	POP,ELECTRONIC
boogie down|eddie kendricks	RNB,ELECTRONIC
boogie down|jarreau	POP,RNB,JAZZ
boogie fever|sylvers	RNB,ELECTRONIC
boogie nights|heatwave	RNB,ELECTRONIC
boogie on reggae woman|stevie wonder	RNB
boogie shoes|kc and the sunshine band	POP,RNB,ELECTRONIC
boogie woogie bugle boy|bette midler	POP
boogie woogie man|paul davis	POP,ROCK,COUNTRY,FOLK
book of love|raindrops	POP
boom biddy bye bye|cypress hill	HIP_HOP,PUNK
boom boom boom boom|vengaboys	POP,ELECTRONIC
boom boom boom|outhere brothers	ELECTRONIC
boom boom pow|black eyed peas	POP,HIP_HOP
boom boom|animals	ROCK,RNB,PUNK,FOLK
boom clap|charli xcx	POP,ELECTRONIC
boom shake the room|jazzy jeff and the fresh prince	HIP_HOP
boom there she was|scritti politti featuring roger	POP,ROCK,ELECTRONIC
boomtrap protocol|logic	HIP_HOP
boondocks|little big town	COUNTRY
booti call|blackstreet	POP,HIP_HOP,RNB
boots on|randy houser	COUNTRY
booty|blac youngsta	HIP_HOP
bop|dan seals	COUNTRY
border song|elton john	POP,ROCK
borderline|madonna	POP
border|america	POP,ROCK,COUNTRY,FOLK
bored to death|blink 182	PUNK
born a woman|sandy posey	POP,ROCK
born again|sam and dave	POP,RNB
born free|roger williams	POP
born this way|lady gaga	POP
born to be my baby|bon jovi	ROCK,METAL
born to be somebody|justin bieber	POP
born to be together|ronettes featuring veronica	POP,ROCK,RNB
born to be wild|steppenwolf	POP,ROCK,RNB,FOLK
born to be wild|wilson pickett	POP,ROCK,RNB,ELECTRONIC,FOLK
born to fly|sara evans	COUNTRY
born to roll|masta ace incorporated	HIP_HOP,PUNK
born to run|bruce springsteen	POP,ROCK,FOLK
born to wander|rare earth	ROCK,RNB
borrowed time|styx	POP,ROCK
boss|carters	POP,RNB
boss|diana ross	POP,RNB,ELECTRONIC
boss|rick ross featuring t pain	HIP_HOP,POP,RNB
boston|augustana	POP,ROCK
both sides now|judy collins	POP,FOLK
both sides of the story|phil collins	POP
bother|stone sour	ROCK,HIP_HOP,METAL
bottoms up|brantley gilbert	COUNTRY
boulevard of broken dreams|green day	ROCK,PUNK
boulevard|jackson browne	POP,ROCK,COUNTRY,FOLK
bounce back|big sean	POP,HIP_HOP
bound 2|kanye west	HIP_HOP
bow down|westside connection	HIP_HOP,RNB,PUNK
bowling green|everly brothers	POP,ROCK,FOLK
boxer|simon and garfunkel	POP,ROCK,FOLK
boy blue|cyndi lauper	POP,ROCK,ELECTRONIC
boy from new york city|ad libs	POP
boy from new york city|manhattan transfer	POP,JAZZ
boy in the box|corey hart	POP,ROCK,ELECTRONIC
boy in the bubble|paul simon	POP,ROCK,FOLK
boy is mine|brandy and monica	POP,HIP_HOP,RNB
boy toy|tia	POP
boyfriend 2|pleasure p	POP,HIP_HOP,RNB
boyfriend|ashlee simpson	POP
boyfriend|big time rush	HIP_HOP,RNB,POP
boyfriend|justin bieber	POP
boys are back in town|thin lizzy	ROCK,RNB,METAL
boys night out|timothy b schmit	POP
boys of fall|kenny chesney	COUNTRY
boys of summer|ataris	PUNK,EMO
boys of summer|don henley	POP,ROCK,FOLK
boyz n the hood|eazy e	HIP_HOP,RNB,PUNK
boy|lee brice	COUNTRY
bo|fifth harmony	POP
brackets|j cole	HIP_HOP
braid my hair|mario	POP,HIP_HOP,RNB
brand new girlfriend|steve holy	COUNTRY
brand new key|melanie	POP,FOLK
brand new love affair|jigsaw	POP
brand new lover|dead or alive	POP,ROCK,ELECTRONIC
brand new|ben rector	POP,ROCK
brass monkey|beastie boys	ROCK,HIP_HOP
brave|sara bareilles	POP
brazil|ritchie family	RNB,ELECTRONIC
bread and butter|newbeats	RNB
break away from that boy|newbeats	RNB
break away|art garfunkel	POP,FOLK
break away|beach boys	POP,ROCK,FOLK,CLASSICAL
break down here|julie roberts	COUNTRY
break it down again|tears for fears	POP,ROCK,ELECTRONIC
break it to me gently|juice newton	POP,COUNTRY
break it to them gently|burton cummings	ROCK,FOLK
break it up|foreigner	POP,ROCK
break my stride|matthew wilder	POP
break on me|keith urban	COUNTRY
break the ice|britney spears	POP
break the rules|charli xcx	POP,ELECTRONIC
break up in a small town|sam hunt	COUNTRY
break up in the end|cole swindell	COUNTRY
break up to make up|stylistics	POP,RNB,ELECTRONIC
break up with him|old dominion	COUNTRY
break up|del shannon	POP,ROCK,RNB,FOLK
break up|mario featuring gucci mane and sean garrett	POP,HIP_HOP,RNB
break ya neck|busta rhymes	POP,HIP_HOP,PUNK
break you off|roots featuring musiq	HIP_HOP,RNB,PUNK,POP
break your heart|taio cruz featuring ludacris	POP,HIP_HOP,ELECTRONIC
break your promise|delfonics	RNB,ELECTRONIC
breakaway|big pig	ROCK
breakaway|kelly clarkson	POP
breakdown dead ahead|boz scaggs	POP,ROCK,COUNTRY,FOLK
breakdown|fu schnickens	HIP_HOP,PUNK
breakdown|tom petty and the heartbreakers	POP,ROCK,FOLK
breaker breaker|outlaws	POP,ROCK,RNB,COUNTRY,FOLK
breakeven|script	POP,ROCK
breakfast for two|country joe mcdonald	ROCK,FOLK
breakfast in bed|dusty springfield	POP,ROCK,RNB,FOLK
breaking the habit|linkin park	ROCK,METAL
breaking up is hard to do|happenings	POP,ROCK
breaking up is hard to do|neil sedaka	POP,ROCK,RNB,FOLK
breaking us in two|joe jackson	POP,ROCK,ELECTRONIC,FOLK
breakout|miley cyrus	POP
breakout|swing out sister	POP,ROCK
break|three days grace	ROCK,PUNK,METAL
breath you take|george strait	COUNTRY
breathe 2 am|anna nalick	POP
breathe again|toni braxton	POP,RNB
breathe and stop|q tip	HIP_HOP,RNB,PUNK
breathe|fabolous	POP,HIP_HOP,RNB,PUNK
breathe|faith hill	POP,COUNTRY
breathe|michelle branch	POP
breathe|taylor swift featuring colbie caillat	POP
breathe|telepopmusik	FOLK,ELECTRONIC,JAZZ
breathin|ariana grande	POP
breathless|corrs	POP,ROCK
breath|breaking benjamin	ROCK,HIP_HOP,PUNK,METAL
brian wilson|barenaked ladies	POP,ROCK
brick house|commodores	POP,RNB,ELECTRONIC
bridge over troubled water|simon and garfunkel	POP,ROCK,FOLK
bridget the midget the queen of the blues|ray stevens	POP,COUNTRY
bridging the gap|nas featuring olu dara	HIP_HOP,PUNK
bright lights big city|sonny james	POP,COUNTRY
bright lights|matchbox twenty	POP,ROCK
brighter than the sun|colbie caillat	POP
brighton hill|jackie deshannon	POP,ROCK,FOLK
bright|echosmith	POP
brilliant disguise|bruce springsteen	POP,ROCK,FOLK
bring a little sunshine to my heart|vic dana	POP
bring back the love of yesterday|dells	RNB,ELECTRONIC
bring back the time|b j thomas	POP,FOLK
bring down the moon|boy meets girl	POP
bring em out|t i	POP,HIP_HOP
bring it all to me|blaque	POP,RNB
bring it back|travis porter	HIP_HOP
bring it on home to me|animals	ROCK,RNB,PUNK,FOLK
bring it on home to me|eddie floyd	RNB
bring it on home|little big town	COUNTRY
bring it on home|lou rawls	POP,RNB,ELECTRONIC,JAZZ
bring it up|james brown and the famous flames	RNB
bring me to life|evanescence featuring paul mccoy	ROCK,METAL
bring out the freak in you|lil rob	HIP_HOP,RNB
bring the boys home|freda payne	RNB
bring the pain|method man	HIP_HOP,PUNK
bring your love to me|righteous brothers	POP,ROCK,RNB,FOLK
brink of disaster|lesley gore	POP,ROCK,RNB,FOLK
broadway|goo goo dolls	POP,ROCK
broken arrow|rod stewart	POP,ROCK
broken clocks|sza	POP,HIP_HOP
broken halos|chris stapleton	COUNTRY
broken hearted me|anne murray	POP,COUNTRY,FOLK
broken land|adventures	POP
broken wings|mr mister	POP,ROCK,ELECTRONIC
brokenhearted|brandy	POP,HIP_HOP,RNB
brokenhearted|karmin	POP
brokenheartsville|joe nichols	COUNTRY
broken|lifehouse	POP,ROCK,METAL
broken|lovelytheband	POP,ROCK
broken|seether featuring amy lee	ROCK,HIP_HOP,METAL
brooklyn girls|robbie dupree	POP
brooklyn roads|neil diamond	POP,ROCK,FOLK
broomstick cowboy|bobby goldsboro	POP,ROCK,COUNTRY,FOLK
brotha|angie stone	RNB
brown eyed girl|el chicano	RNB
brown eyed girl|van morrison	POP,ROCK,FOLK
brown sugar|rolling stones	ROCK,PUNK,POP,RNB
bruce|rick springfield	POP,ROCK,ELECTRONIC
bubbly|colbie caillat	POP
bucket t|ronny and the daytonas	POP,ROCK
bucktown|smif n wessun	HIP_HOP,PUNK
budapest|george ezra	POP,FOLK
buddy x|neneh cherry	POP,RNB
buffalo stance|neneh cherry	POP,RNB
build me up buttercup|foundations	POP,RNB,FOLK
building a mystery|sarah mclachlan	POP,ROCK,FOLK
bullet with butterfly wings|smashing pumpkins	POP,ROCK,METAL
bulletproof|la roux	POP,ROCK,ELECTRONIC
bullets in the gun|toby keith	COUNTRY
bully|shinedown	ROCK,HIP_HOP,METAL
bungle in the jungle|jethro tull	ROCK,RNB,FOLK
burn it down|linkin park	ROCK,METAL
burn the house down|ajr	POP,ROCK
burning flame|vitamin z	POP,ROCK
burning heart|vandenberg	ROCK,METAL
burning house|cam	COUNTRY
burning like a flame|dokken	ROCK,METAL
burning love|elvis presley	ROCK
burn|ellie goulding	POP,ELECTRONIC
burn|jo dee messina	COUNTRY
bus stop|hollies	POP,ROCK,FOLK
bust your windows|jazmine sullivan	POP,RNB
buster browne|willie mitchell	RNB
busy man|billy ray cyrus	COUNTRY
but for the grace of god|keith urban	COUNTRY
but you know i love you|dolly parton	COUNTRY
butta love|next	POP,HIP_HOP,RNB
butterflies|michael jackson	POP
butterfly effect|travis scott	POP,HIP_HOP
butterfly|crazy town	ROCK,HIP_HOP,METAL
button off my shirt|paul carrack	POP
buy for me the rain|nitty gritty dirt band	POP,COUNTRY,FOLK
buy me a boat|chris janson	COUNTRY
buy me a rose|kenny rogers with alison krauss and billy dean	POP,COUNTRY
buying a book|joe tex	RNB
buzzkill|luke bryan	COUNTRY
by the time i get to phoenix|glen campbell	POP,COUNTRY,FOLK
by the time i get to phoenix|isaac hayes	RNB,ELECTRONIC
by the time i get to phoenix|mad lads	RNB
by the way|red hot chili peppers	ROCK,RNB,METAL
by your side|sade	RNB
bye bye barbara|johnny mathis	POP,JAZZ
bye bye|mariah carey	POP,RNB
c c rider|bobby powell	RNB
c i t y|john cafferty and the beaver brown band	ROCK
ca plane pour moi|plastic bertrand	POP
cabaret|herb alpert and the tijuana brass	POP
cafe amore|spyro gyra	RNB,JAZZ
cake by the ocean|dnce	POP
calabria 2008|enur featuring natasja	POP,HIP_HOP
caldonia|james brown and his orchestra	RNB
caledonia|robin trower	ROCK,RNB
california bound|ronny and the daytonas	POP,ROCK
california day|starland vocal band	POP
california earthquake|norman greenbaum	ROCK,FOLK
california girls|beach boys	POP,ROCK,FOLK,CLASSICAL
california girls|david lee roth	ROCK,METAL
california girl|eddie floyd	RNB
california kid and reemo|lobo	POP,FOLK
california king bed|rihanna	POP,RNB
california my way|main ingredient	RNB,ELECTRONIC
california nights|lesley gore	POP,ROCK,RNB,FOLK
california nights|sweet	POP,ROCK,RNB
california soul|5th dimension	POP,RNB,FOLK
california sun|rivieras	ROCK,RNB
california|debby boone	POP
californication|red hot chili peppers	ROCK,RNB,METAL
call casting|migos	POP,HIP_HOP
call it love|poco	POP,ROCK,COUNTRY,FOLK
call it what you want|taylor swift	POP
call me come back home|al green	RNB
call me lightning|who	POP,ROCK,PUNK,FOLK
call me maybe|carly rae jepsen	POP
call me your anything man|bobby moore	RNB
call me|blondie	POP,ROCK,ELECTRONIC
call me|chris montez	POP,ROCK,FOLK
call me|go west	POP,ROCK,ELECTRONIC
call me|skyy	RNB,ELECTRONIC
call me|tweet	POP,RNB
call my name|prince	RNB
call on me|chicago	POP,ROCK,FOLK
call out my name|weeknd	POP,HIP_HOP,RNB
called out in the dark|snow patrol	POP,ROCK
calling all angels|train	POP
calling all girls|queen	PUNK
calling all the monsters|china anne mcclain	POP,SOUNDTRACK
calling america|electric light orchestra	POP,ROCK,FOLK
calling dr love|kiss	ROCK,METAL
calling my spirit|kodak black	HIP_HOP
call|anne murray	POP,COUNTRY,FOLK
call|backstreet boys	POP
came here to forget|blake shelton	COUNTRY
camouflage|brad paisley	COUNTRY
campfire girls|billy joe royal	POP,ROCK,FOLK
can i change my mind|tyrone davis	RNB
can i get a witness|marvin gaye	RNB
can i get to know you better|turtles	POP,ROCK,FOLK
can i stay with you|karyn white	RNB
can i touch you there|michael bolton	POP
can i trust you|bachelors	POP,ROCK
can the can|suzi quatro	POP,ROCK
can this be real|natural four	RNB
can u believe|robin thicke	POP,RNB
can u get wit it|usher	POP,HIP_HOP,RNB
can we still be friends|robert palmer	POP,ROCK,ELECTRONIC,FOLK
can we still be friends|todd rundgren	POP,ROCK,RNB,COUNTRY,FOLK
can we talk|tevin campbell	POP,RNB
can you do it|contours	POP,RNB
can you do it|grand funk railroad	POP,ROCK,RNB,FOLK
can you feel it|jacksons	RNB,ELECTRONIC
can you feel me|dru down	HIP_HOP,RNB
can you feel the love tonight from the lion king|elton john	CLASSICAL,SOUNDTRACK,POP,ROCK
can you fool|glen campbell	POP,COUNTRY,FOLK
can you get to that|funkadelic	ROCK,RNB
can you handle it|graham central station	RNB
can you jerk like me|contours	POP,RNB
can you please crawl out your window|bob dylan	POP,ROCK,FOLK
can you stand the rain|new edition	POP,HIP_HOP,RNB
can you stop the rain|peabo bryson	POP,RNB
can your monkey do the dog|rufus thomas	RNB
cancer|twenty one pilots	ROCK,PUNK
candida|dawn	POP
candle in the wind|elton john	POP,ROCK
candle sick and tired|white tie affair	POP,PUNK,EMO
candy everybody wants|10 000 maniacs	POP,ELECTRONIC,FOLK
candy girl|new edition	POP,HIP_HOP,RNB
candy paint|post malone	POP,HIP_HOP
candy rain|soul for real	POP,RNB
candy shop|50 cent featuring olivia	HIP_HOP
candy to me|eddie holland	RNB
candyman|christina aguilera	POP
candy|astors	RNB
candy|cameo	POP,RNB,ELECTRONIC
candy|mandy moore	POP,SOUNDTRACK
canned ham|norman greenbaum	ROCK,FOLK
cannibal|ke ha	POP,HIP_HOP
cannonball|breeders	POP,ROCK,ELECTRONIC,PUNK
cannonball|lea michele	POP,SOUNDTRACK
cannonball|supertramp	POP,ROCK,FOLK
cantaloop flip fantasia|us3	JAZZ,HIP_HOP
canvas of life|minor detail	ROCK
captain save a hoe|e 40	HIP_HOP,RNB
capture the moment|jay and the americans	POP,ROCK,RNB,FOLK
car wash|rose royce	RNB,ELECTRONIC
cara lin|strangeloves	ROCK
cara mia|jay and the americans	POP,ROCK,RNB,FOLK
caramel|city high featuring eve	POP
caravan of love|isley jasper isley	RNB
carefree highway|gordon lightfoot	POP,ROCK,COUNTRY,FOLK
careful|paramore	POP,PUNK,EMO
careless whisper|seether	ROCK,HIP_HOP,METAL
carey|joni mitchell	POP,ROCK,FOLK
caribbean festival|kool and the gang	RNB,ELECTRONIC
caribbean queen no more love on the run|billy ocean	POP,ROCK,RNB,ELECTRONIC
carlene|phil vassar	COUNTRY
carmen|herb alpert and the tijuana brass	POP
carnival|natalie merchant	POP,FOLK
carolina in my mind|james taylor	POP,ROCK,FOLK
carolina|parmalee	COUNTRY
caroline|amine	POP,HIP_HOP
carolyn|merle haggard and the strangers	COUNTRY
carousel|travis scott	POP,HIP_HOP
carpal tunnel of love|fall out boy	ROCK,PUNK,EMO
carpet man|5th dimension	POP,RNB,FOLK
carrie anne|hollies	POP,ROCK,FOLK
carrie|europe	ROCK,METAL
carroll county accident|porter wagoner	COUNTRY
carry me back|rascals	POP
carry me carrie|dr hook and the medicine show	POP,ROCK,COUNTRY,FOLK
carry on wayward son|kansas	POP,ROCK
carry on|fun	POP,ROCK,HIP_HOP,CLASSICAL
carry on|xxxtentacion	HIP_HOP,EMO
cars|gary numan	POP,ROCK,ELECTRONIC,PUNK
casanova|levert	RNB
case of the ex whatcha gonna do|mya	POP,HIP_HOP,RNB
case of you|frank stallone	POP
cash me outside cashmeoutside|dj suede the remix god	HIP_HOP
casino royale|herb alpert and the tijuana brass	POP
casonova your playing days are over|ruby andrews	RNB
casper|takeoff	HIP_HOP
cast your fate to the wind|shelby flint	SOUNDTRACK
castaway|zac brown band	COUNTRY
castle on the hill|ed sheeran	POP
castles in the air|don mclean	POP,ROCK,FOLK
castles in the sand|little stevie wonder	RNB
cat in the window the bird in the sky|petula clark	POP,ROCK,FOLK
cat people putting out fire|david bowie	ROCK,ELECTRONIC,PUNK
cat scratch fever|ted nugent	ROCK,RNB,METAL
catalyst|linkin park	ROCK,METAL
catch me|demi lovato	POP
catch my breath|kelly clarkson	POP
catch my fall|billy idol	POP,ROCK,ELECTRONIC
catch the wind|donovan	POP,ROCK,PUNK,FOLK
catching the sun|spyro gyra	RNB,JAZZ
catfish|four tops	POP,RNB,ELECTRONIC,FOLK
cathedrals|d c larue	ELECTRONIC
cat|jimmy smith	RNB,JAZZ,POP,LATIN,SOUNDTRACK
caught a lite sneeze|tori amos	POP,ROCK,FOLK
caught in a dream|alice cooper	ROCK,RNB,PUNK,METAL
caught in the game|survivor	POP,ROCK
caught out there|kelis	POP,RNB
caught up in the rapture|anita baker	RNB,JAZZ
caught up in you|38 special	POP,ROCK,COUNTRY,FOLK
caught up|usher	POP,HIP_HOP,RNB
causing a commotion|madonna	POP
cave|mumford and sons	POP,ROCK,FOLK
cecilia and the satellite|andrew mcmahon in the wilderness	POP,ROCK
cecilia|simon and garfunkel	POP,ROCK,FOLK
celebrate youth|rick springfield	POP,ROCK,ELECTRONIC
celebrate|three dog night	POP,ROCK,RNB,COUNTRY,FOLK
celebration|kool and the gang	RNB,ELECTRONIC
celebrity skin|hole	POP,ROCK
celebrity|brad paisley	COUNTRY
cell therapy|goodie mob	HIP_HOP,PUNK
celtic soul brothers|dexys midnight runners	POP,ELECTRONIC
centerfield|john fogerty	POP,ROCK,RNB
centerfold|j geils band	POP,ROCK,RNB,COUNTRY,FOLK
centipede|rebbie jackson	RNB
centuries|fall out boy	ROCK,PUNK,EMO
ch check it out|beastie boys	ROCK,HIP_HOP
chain gang medley|jim croce	POP,ROCK,FOLK
chain hang low|jibbs	HIP_HOP
chain of fools|aretha franklin	RNB
chain of fools|little caesar	ROCK,METAL
chain of love|clay walker	COUNTRY
chain reaction|diana ross	POP,RNB,ELECTRONIC
chained and bound|otis redding	RNB
chained|marvin gaye	RNB
chains and things|b b king	ROCK,RNB
chains around my heart|richard marx	POP,ROCK
chains of love|bobby bland	RNB
chainsaw|band perry	COUNTRY
chains|nick jonas	POP
chains|tina arena	POP,ELECTRONIC
chameleon|herbie hancock	RNB,JAZZ
champagne jam|atlanta rhythm section	POP,ROCK,RNB,COUNTRY,FOLK
champagne life|ne yo	POP,HIP_HOP,RNB
champions|kanye west gucci mane big sean 2 chainz travi scott yo gotti quavo desiigner	HIP_HOP,POP
champ|nelly	POP,HIP_HOP
chances|five for fighting	POP,ROCK
chandelier|sia	POP,ELECTRONIC
chanel|frank ocean	POP,HIP_HOP,RNB
change lanes|kevin gates	HIP_HOP
change me|justin bieber	POP
change me|ruben studdard	RNB
change of heart|cyndi lauper	POP,ROCK,ELECTRONIC
change of heart|dennis yost and the classics iv	POP,ROCK,FOLK
change of heart|eric carmen	POP,ROCK,ELECTRONIC,FOLK
change of heart|tom petty and the heartbreakers	POP,ROCK,FOLK
change partners|stephen stills	POP,ROCK,RNB,COUNTRY,FOLK
change the world|eric clapton	POP,ROCK,RNB
change with the times|van mccoy	ELECTRONIC
change your mind|sister hazel	POP,ROCK
changed|rascal flatts	COUNTRY
changes in latitudes changes in attitudes|jimmy buffett	POP,FOLK
changes|2pac	HIP_HOP,RNB
changes|crispian st peters	POP,ROCK
changes|david bowie	POP,ROCK,ELECTRONIC,PUNK
changes|loggins and messina	POP,ROCK,COUNTRY,FOLK
changes|xxxtentacion	HIP_HOP,EMO
change|j cole	HIP_HOP
change|john waite	POP,ROCK
change|lisa stansfield	POP,RNB,ELECTRONIC
change|taylor swift	POP
change|tears for fears	POP,ROCK,ELECTRONIC
chantilly lace|jerry lee lewis	POP,ROCK,COUNTRY
chapel in the moonlight|bachelors	POP,ROCK
chapel of love|dixie cups	POP
charade|andy williams	POP,JAZZ,CLASSICAL
charade|henry mancini and his orchestra	POP,SOUNDTRACK
charged up|drake	POP,HIP_HOP
chariot|gavin degraw	POP
charlene|anthony hamilton	RNB
charlie last name wilson|charlie wilson	RNB
charm the snake|christopher cross	POP,ROCK,RNB,ELECTRONIC,FOLK
chase the clouds away|chuck mangione	JAZZ
chase|giorgio moroder	ELECTRONIC
chasing cars|snow patrol	POP,ROCK
chasing pavements|adele	POP,RNB
chasing the sun|hilary duff	POP
chasing the sun|wanted	POP
chattahoochee|alan jackson	COUNTRY
chattanooga choo choo|harpers bizarre	POP,FOLK
cheap sunglasses|zz top	ROCK,RNB,METAL
cheaper to keep her|johnnie taylor	RNB
check it out|bobby womack	RNB,ELECTRONIC
check it out|john mellencamp	POP,ROCK,FOLK
check it out|tavares	RNB,ELECTRONIC
check my brain|alice in chains	ROCK,METAL
check out your mind|impressions	POP,RNB
check|young thug	POP,HIP_HOP
cheerleader|omi	POP,ELECTRONIC
cheers drink to that|rihanna	POP,RNB
cheeseburger in paradise|jimmy buffett	POP,FOLK
chemicals between us|bush	POP
cherchez laghost|ghostface killah	PUNK,HIP_HOP
cherish|association	POP,ROCK,FOLK
cherish|david cassidy	POP
cherish|kool and the gang	RNB,ELECTRONIC
cherish|madonna	POP
cherokee|europe	ROCK,METAL
cherry bomb|john mellencamp	POP,ROCK,FOLK
cherry cherry|neil diamond	POP,ROCK,FOLK
cherry hill park|billy joe royal	POP,ROCK,FOLK
cherry pie|warrant	ROCK,METAL
cheryl moana marie|john rowles	POP
chewy chewy|ohio express	POP,FOLK
cheyenne|jason derulo	POP,HIP_HOP
chicago|graham nash	POP,ROCK,COUNTRY,FOLK
chicken fried|zac brown band	COUNTRY
chicken strut|meters	RNB
chico and the man|jose feliciano	LATIN
chief rocka|lords of the underground	HIP_HOP,PUNK
child of clay|jimmie rodgers	POP
children of the night|richard marx	POP,ROCK
children of the sun|billy thorpe	ROCK
children|joe south	POP,ROCK,FOLK
children|justin bieber	POP
children|robert miles	ELECTRONIC
childs play|drake	POP,HIP_HOP
chillin|wale featuring lady gaga	POP,HIP_HOP,RNB
chim chim cheree|new christy minstrels	FOLK
china grove|doobie brothers	POP,ROCK,RNB,COUNTRY,FOLK
china|red rockers	POP
chip away the stone|aerosmith	ROCK
chiquitita|abba	POP
chirpy chirpy cheep cheep|mac and katie kissoon	POP
chocolate chip|isaac hayes	RNB,ELECTRONIC
chocolate city|parliament	RNB,ELECTRONIC
chocolate|1975	POP,ROCK
choice is yours|black sheep	HIP_HOP,PUNK
choo choo mama|ten years after	ROCK,RNB,FOLK
choo choo train|box tops	POP,ROCK,FOLK
choose|color me badd	POP,RNB
chop suey|system of a down	ROCK,METAL
chorus|erasure	POP,ROCK,ELECTRONIC
christine sixteen|kiss	ROCK,METAL
christmas baby please come home|darlene love	POP
christmas dream|perry como	POP,JAZZ
christmas for cowboys|john denver	POP,FOLK
christmas lights|coldplay	POP,ROCK
christmas shoes|newsong	POP,ROCK
christmas song merry christmas to you|nat king cole	POP,JAZZ
chrome|trace adkins	COUNTRY
chug a lug|roger miller	COUNTRY,FOLK
chun li|nicki minaj	POP,HIP_HOP
church bells|carrie underwood	POP,COUNTRY
church of the poison mind|culture club	POP,ROCK,ELECTRONIC
church of your heart|roxette	POP
church|bob welch	POP,ROCK,COUNTRY,FOLK
cinderella|firefall	POP,ROCK,COUNTRY,FOLK
cindy incidentally|faces	POP,ROCK,RNB,COUNTRY,PUNK,FOLK
cinnamon girl|gentrys	POP
circle in the sand|belinda carlisle	POP,ROCK,ELECTRONIC
circle of life from the lion king|elton john	CLASSICAL
circle the drain|katy perry	POP
circles|atlantic starr	RNB,ELECTRONIC
circles|new seekers	POP
circle|edie brickell and new bohemians	POP,FOLK
circle|marques houston	POP,HIP_HOP,RNB
circus|britney spears	POP
cisco kid|war	RNB
cissy strut|meters	RNB
citizen soldier|3 doors down	POP,ROCK,PUNK,METAL
city in the sky|staple singers	RNB
city of new orleans|arlo guthrie	POP,ROCK,COUNTRY,FOLK
clap back|ja rule	POP,HIP_HOP,RNB
clap for the wolfman|guess who	POP,ROCK,RNB,COUNTRY,FOLK
class reunion that used to be us|lonestar	COUNTRY
classic|mkto	POP,HIP_HOP
clean up woman|betty wright	RNB
cleaning this gun come on in boy|rodney atkins	COUNTRY
climax|usher	POP,HIP_HOP,RNB
climb|kingsmen	ROCK
climb|miley cyrus	POP
clinging vine|bobby vinton	POP,ROCK,RNB
clint eastwood|gorillaz	POP,HIP_HOP
clique|kanye west jay z big sean	HIP_HOP,POP
clock strikes|timbaland and magoo	POP
clocks|coldplay	POP,ROCK
clock|baby washington	RNB
close enough to perfect|alabama	COUNTRY
close my eyes forever|lita ford duet with ozzy osbourne	ROCK,METAL
close the door|teddy pendergrass	RNB,ELECTRONIC
close to me|cure	ROCK,ELECTRONIC
close to you|b t express	RNB,ELECTRONIC
close to you|fun factory	POP,ELECTRONIC
close to you|maxi priest	ROCK
close your eyes|edward bear	ROCK
close your eyes|parmalee	COUNTRY
close your eyes|peaches and herb	RNB,ELECTRONIC
closer than friends|surface	POP,RNB
closer to fine|indigo girls	POP,FOLK
closer to love|mat kearney	POP,ROCK
closer to me|outfield	POP,ROCK
closer to the edge|thirty seconds to mars	ROCK,PUNK
closer to the heart|rush	ROCK,METAL
closer you get|alabama	COUNTRY
closer|ne yo	POP,HIP_HOP,RNB
closer|nine inch nails	ROCK,ELECTRONIC,PUNK,METAL
closer|tegan and sara	POP,ROCK
closest thing to perfect|jermaine jackson	RNB,ELECTRONIC
clothes off|gym class heroes	POP,HIP_HOP,PUNK,EMO
cloud nine|mongo santamaria	JAZZ,LATIN
cloud nine|temptations	RNB
club at the end of the street|elton john	POP,ROCK
club michelle|eddie money	POP,ROCK,COUNTRY,FOLK
clubbin|marques houston featuring joe budden and pied piper	POP,HIP_HOP,RNB,PUNK
clumsy|fergie	POP,HIP_HOP
co co|sweet	POP,ROCK,RNB
cochise|audioslave	ROCK,METAL
cocktales|too hort	HIP_HOP
coco jamboo|mr president	POP,ELECTRONIC
coconut|nilsson	POP,ROCK,FOLK
coco|o t genasis	HIP_HOP
coffee bean|travis scott	POP,HIP_HOP
coffee|miguel	POP,HIP_HOP,RNB
cold as ice|foreigner	POP,ROCK
cold blooded|rick james	RNB,ELECTRONIC
cold cold winter|pixies three	POP
cold day in july|dixie chicks	COUNTRY
cold feet|albert king	ROCK,RNB
cold hard bitch|jet	ROCK
cold hearted|paula abdul	POP
cold love|donna summer	POP,RNB,ELECTRONIC
cold one|eric church	COUNTRY
cold rock a party|mc lyte	POP,HIP_HOP,RNB,ELECTRONIC,PUNK
cold sweat part 1|james brown and the famous flames	RNB
cold wind blows|eminem	HIP_HOP,RNB
cold world|genius gza featuring inspektah deck	HIP_HOP,PUNK
colder weather|zac brown band	COUNTRY
coldest days of my life part 1|chi lites	RNB,ELECTRONIC
cold|crossfade	ROCK,HIP_HOP,METAL
cole cooke and redding|wilson pickett	POP,ROCK,RNB,ELECTRONIC,FOLK
collide|howie day	POP
colors|ice t	HIP_HOP,ELECTRONIC,PUNK
colour of love|amber	ELECTRONIC
colour of love|billy ocean	POP,ROCK,RNB,ELECTRONIC
colours|donovan	POP,ROCK,PUNK,FOLK
come a little bit closer|jay and the americans	POP,ROCK,RNB,FOLK
come a little closer|dierks bentley	COUNTRY
come again|damn yankees	ROCK,METAL
come and get it|badfinger	POP,ROCK,RNB,FOLK
come and get it|selena gomez	POP
come and get me|jackie deshannon	POP,ROCK,FOLK
come and stay with me|marianne faithfull	POP,ROCK,FOLK
come and talk to me|jodeci	POP,HIP_HOP,RNB
come as you are|nirvana	ROCK
come baby come|k7	ELECTRONIC
come back and stay|paul young	POP,ROCK,ELECTRONIC
come back song|darius rucker	POP,COUNTRY
come back to earth|mac miller	HIP_HOP
come back to me|david cook	POP
come back to me|janet jackson	POP,RNB
come back to me|vanessa hudgens	POP,SOUNDTRACK
come back|five stairsteps	RNB
come back|j geils band	POP,ROCK,RNB,COUNTRY,FOLK
come clean|jeru the damaja	HIP_HOP,PUNK
come dance with me|jay and the americans	POP,ROCK,RNB,FOLK
come dancing|kinks	POP,ROCK,ELECTRONIC,PUNK,FOLK
come get her|rae sremmurd	POP,HIP_HOP
come get it bae|pharrell williams	POP,HIP_HOP
come get to this|marvin gaye	RNB
come give your love to me|janet jackson	POP,RNB
come go with me|beach boys	POP,ROCK,FOLK,CLASSICAL
come go with me|expose	POP
come home with me baby|dead or alive	POP,ROCK,ELECTRONIC
come home|faith hill	POP,COUNTRY
come home|onerepublic with sara bareilles	POP,ROCK,HIP_HOP
come in from the rain|captain and tennille	POP,ELECTRONIC,FOLK
come in with the rain|taylor swift	POP
come inside|intro	RNB
come into my world|kylie minogue	POP,ELECTRONIC
come live with me|roy clark	COUNTRY
come monday|jimmy buffett	POP,FOLK
come on and see me|tammi terrell	RNB
come on do the jerk|miracles	RNB,ELECTRONIC,POP,ROCK
come on get higher|matt nathanson	POP,ROCK
come on over to my place|drifters	POP,ROCK,RNB,FOLK
come on over|jessica simpson	POP
come on over|shania twain	POP,COUNTRY
come on sock it to me|syl johnson	RNB
come on|barry white	POP,RNB,ELECTRONIC
come on|billy lawrence featuring mc lyte	POP,HIP_HOP,RNB,ELECTRONIC,PUNK
come out and play|billie eilish	POP
come over to my place|davina	ELECTRONIC
come over|kenny chesney	COUNTRY
come rain or come shine|ray charles	POP,RNB,JAZZ
come running back|dean martin	POP,JAZZ
come sail away|styx	POP,ROCK
come saturday morning|sandpipers	POP
come see about me|jr walker and the all stars	POP,RNB
come see about me|supremes	POP,RNB,ELECTRONIC,FOLK
come see me|112	POP,HIP_HOP,RNB
come see|major lance	POP,RNB
come softly to me|new seekers	POP
come thru|drake	POP,HIP_HOP
come to me|france joli	ELECTRONIC
come to me|otis redding	RNB
come to my window|melissa etheridge	POP,ROCK,FOLK
come to the sunshine|harpers bizarre	POP,FOLK
come together|aerosmith	ROCK
come together|ike and tina turner and the ikettes	POP,RNB
come tomorrow|manfred mann	POP,ROCK,RNB,FOLK
come undone|duran duran	POP,ROCK,ELECTRONIC
come wake me up|rascal flatts	COUNTRY
come with me now|kongos	ROCK,RNB
come with me|shai	POP,RNB
comedown|bush	POP
comfort zone|vanessa williams	RNB
comfortable|k camp	POP,HIP_HOP,RNB
comforter|shai	POP,RNB
coming around again|carly simon	POP,FOLK
coming back to you|maxine brown	POP,RNB
coming down from love|bobby caldwell	POP
coming home soldier|bobby vinton	POP,ROCK,RNB
coming home|cinderella	ROCK,METAL
coming of age|damn yankees	ROCK,METAL
coming on strong|brenda lee	POP,ROCK,COUNTRY,JAZZ
coming out of the dark|gloria estefan	POP,LATIN
coming undone|korn	ROCK,HIP_HOP,METAL
coming up you|cars	POP,ROCK,ELECTRONIC,FOLK
commotion|creedence clearwater revival	ROCK
communication|spandau ballet	POP,ROCK,ELECTRONIC
company|justin bieber	POP
compass|lady antebellum	POP,COUNTRY
completely|michael bolton	POP
complicated|avril lavigne	POP
composer|diana ross and the supremes	POP,RNB
computer game theme from the circus|yellow magic orchestra	POP,ELECTRONIC
concrete and clay|unit four plus two	ROCK
concrete angel|martina mcbride	COUNTRY
confession|florida georgia line	COUNTRY
confident|demi lovato	POP
confusion|electric light orchestra	POP,ROCK,FOLK
conga|miami sound machine	POP
congratulations|cliff richard	POP,ROCK
congratulations|rick nelson	POP,ROCK,RNB,COUNTRY,FOLK
conquistador|procol harum	POP,ROCK,RNB,FOLK
consequences|camila cabello	POP
constant craving|k d lang	POP,ROCK,COUNTRY,FOLK
contact|edwin starr	RNB
contagious|isley brothers featuring ronald isley	RNB,ELECTRONIC
contra|logic	HIP_HOP
control myself|ll cool j featuring jennifer lopez	POP,HIP_HOP,RNB,PUNK
controlla|drake	POP,HIP_HOP
control|janet jackson	POP,RNB
control|puddle of mudd	POP,ROCK,HIP_HOP,PUNK,METAL
controversy|prince	RNB
conviction of the heart|kenny loggins	POP,ROCK
convoy|c w mccall	COUNTRY
coo coo|big brother and the holding company	ROCK,RNB,FOLK
cook with honey|judy collins	POP,FOLK
cool as ice everybody get loose|vanilla ice	HIP_HOP,ELECTRONIC
cool change|little river band	POP,ROCK,COUNTRY,FOLK
cool for the summer|demi lovato	POP
cool girl|tove lo	POP,ELECTRONIC
cool it now|new edition	POP,HIP_HOP,RNB
cool jerk|capitols	RNB
cool kids|echosmith	POP
cool love|pablo cruise	POP,ROCK,COUNTRY,FOLK
cool night|paul davis	POP,ROCK,COUNTRY,FOLK
cool places|sparks and jane wiedlin	POP,ROCK,ELECTRONIC,PUNK
cooler than me|mike posner	POP,HIP_HOP
cool|gwen stefani	POP
cop car|keith urban	COUNTRY
copacabana at the copa|barry manilow	POP,RNB,ELECTRONIC
corazon|carole king	POP,ROCK,FOLK
corner of the sky|jackson 5	RNB
corona and lime|shwayze	HIP_HOP
cottage cheese|crow	PUNK
cotton candy|al hirt	POP,JAZZ
cotton candy|sylvers	RNB,ELECTRONIC
cotton eye joe|rednex	POP,ELECTRONIC
cotton jenny|anne murray	POP,ELECTRONIC,SOUNDTRACK,COUNTRY,FOLK
cough syrup|young the giant	POP,ROCK
could i forget you|tyrone davis	RNB
could i have this dance|anne murray	POP,COUNTRY,FOLK
could it be forever|david cassidy	POP,ELECTRONIC
could it be love|jennifer warnes	POP,FOLK
could it be magic|barry manilow	POP,RNB,ELECTRONIC
could it be magic|donna summer	POP,RNB,ELECTRONIC
could it be|charlie worsham	COUNTRY
could it be|jaheim	POP,RNB
count me in|gary lewis and the playboys	POP,ROCK,FOLK
count me out|new edition	POP,HIP_HOP,RNB
count on me|jefferson starship	POP,ROCK,COUNTRY,FOLK
count your blessings|ashford and simpson	RNB,ELECTRONIC
countdown|beyonce	POP,RNB
counting blue cars|dishwalla	POP,ROCK
counting stars|onerepublic	POP,ROCK,HIP_HOP
country boy you got your feet in l a|glen campbell	POP,COUNTRY,FOLK
country boy|alan jackson	COUNTRY
country comes to town|toby keith	COUNTRY
country girl shake it for me|luke bryan	COUNTRY
country man|luke bryan	COUNTRY
country must be country wide|brantley gilbert	COUNTRY
country nation|brad paisley	COUNTRY
country preacher|cannonball adderley	RNB,JAZZ
country road|james taylor	POP,ROCK,FOLK
country side of life|wet willie	ROCK,COUNTRY
country song|seether	ROCK,HIP_HOP,METAL
country sunshine|dottie west	COUNTRY
country wine|raiders	POP,ROCK,PUNK,FOLK,ELECTRONIC
couple days off|huey lewis and the news	POP,ROCK,ELECTRONIC,FOLK
courtesy of the red white and blue the angry american|toby keith	COUNTRY
cover girl|new kids on the block	POP
cover me|bruce springsteen	POP,ROCK,FOLK
cover me|percy sledge	POP,RNB
cover of rolling stone|dr hook and the medicine show	POP,ROCK,COUNTRY,FOLK
cover you in kisses|john michael montgomery	COUNTRY
coward of the county|kenny rogers	POP,COUNTRY
cowboy and the lady|john denver	POP,FOLK
cowboy casanova|carrie underwood	POP,COUNTRY
cowboy in me|tim mcgraw	COUNTRY
cowboy song|thin lizzy	ROCK,RNB,METAL
cowboy take me away|dixie chicks	COUNTRY
cowboys and angels|dustin lynch	COUNTRY
cowboys are frequently secretly fond of each other|willie nelson	COUNTRY,FOLK
cowboys like us|george strait	COUNTRY
cowboys to girls|intruders	RNB,ELECTRONIC
cowboy|kid rock	ROCK,METAL
cranes in the sky|solange	POP,RNB
crash and burn|savage garden	POP
crash and burn|thomas rhett	COUNTRY
crash here tonight|toby keith	COUNTRY
crash my party|luke bryan	COUNTRY
crash|gwen stefani	POP
crawling back to you|daughtry	POP,ROCK,METAL
crawling back|roy orbison	CLASSICAL,POP,ROCK,FOLK
crawling in the dark|hoobastank	POP,ROCK,HIP_HOP,PUNK,METAL
crawling|linkin park	ROCK,METAL
crawl|chris brown	POP,HIP_HOP,RNB
crazier|taylor swift	POP
craziest|naughty by nature	HIP_HOP,PUNK
crazy about her|rod stewart	POP,ROCK
crazy about the la la la|smokey robinson and the miracles	POP,ROCK,RNB
crazy beautiful life|ke ha	POP,HIP_HOP
crazy bitch|buckcherry	ROCK,METAL
crazy cool|paula abdul	POP
crazy crazy nights|kiss	ROCK,METAL
crazy for this girl|evan and jaron	POP
crazy for you|madonna	POP
crazy girl|eli young band	ROCK,COUNTRY
crazy horses|osmonds	POP
crazy in the night barking at airplanes|kim carnes	POP
crazy little thing called love|dwight yoakam	COUNTRY
crazy little thing called love|queen	ROCK
crazy love|allman brothers band	POP,ROCK,RNB,COUNTRY,FOLK
crazy love|cece peniston	ELECTRONIC
crazy love|helen reddy	POP,FOLK
crazy love|poco	POP,ROCK,COUNTRY,FOLK
crazy mama|j j cale	POP,ROCK,RNB,FOLK
crazy on you|heart	POP,ROCK
crazy talk|chilliwack	ROCK
crazy town|jason aldean	COUNTRY
crazy|aerosmith	ROCK
crazy|gnarls barkley	HIP_HOP,RNB
crazy|icehouse	POP,ROCK,ELECTRONIC
crazy|k ci and jojo	POP,RNB
crazy|kenny rogers	POP,COUNTRY
crazy|manhattans	RNB,ELECTRONIC
crazy|seal	POP,RNB
creep|lonely island featuring nicki minaj	POP,HIP_HOP
creep|radiohead	ROCK
creep|tlc	POP,HIP_HOP,RNB
creeque alley|mamas and the papas	POP,ROCK,FOLK
cried like a baby|bobby sherman	POP
criminal|britney spears	POP
criminal|fiona apple	POP,ROCK,FOLK,CLASSICAL
crimson and clover|joan jett and the blackhearts	ROCK
crimson and clover|tommy james and the shondells	POP,ROCK,FOLK
crocodile rock|elton john	POP,ROCK
cross my heart|bobby vee	POP,ROCK,RNB,FOLK
cross my heart|eighth wonder	POP
cross my heart|lee ritenour	POP,RNB,JAZZ
crossover|epmd	HIP_HOP,PUNK
crossroads|tracy chapman	POP,FOLK
crosstown traffic|jimi hendrix experience	ROCK,RNB
crow and the butterfly|shinedown	ROCK,HIP_HOP,METAL
crown of creation|jefferson airplane	ROCK,RNB,FOLK
crude oil blues|jerry reed	COUNTRY
cruel summer|ace of base	POP,ELECTRONIC
cruel summer|bananarama	POP,ROCK,ELECTRONIC
cruel to be kind|nick lowe	POP,ROCK,COUNTRY,FOLK
cruel war|peter paul and mary	POP,FOLK
cruising for bruising|basia	JAZZ
crush a lot|lil baby	HIP_HOP
crush on you|jets	POP,RNB
crushcrushcrush|paramore	POP,PUNK,EMO
crush|dave matthews band	POP,ROCK
crush|david archuleta	POP
crush|jennifer paige	POP
cry baby|janis joplin	ROCK,RNB,FOLK
cry for help|rick astley	POP,ROCK,ELECTRONIC
cry for you|jodeci	POP,HIP_HOP,RNB
cry for you|september	POP,ELECTRONIC
cry just a little|paul davis	POP,ROCK,COUNTRY,FOLK
cry like a baby|box tops	POP,ROCK,FOLK
cry like a baby|kim carnes	POP
cry me a river|joe cocker	POP,ROCK,RNB,FOLK
cry me a river|justin timberlake	POP
cry pretty|carrie underwood	POP,COUNTRY
cry to me|freddie scott	RNB
cry to me|loleatta holloway	RNB,ELECTRONIC
cry wolf|a ha	POP,ROCK,ELECTRONIC
crying in the chapel|elvis presley with the jordanaires	ROCK
crying in the club|camila cabello	POP
crying on a suitcase|casey james	POP,COUNTRY
crying out for me|mario	POP,HIP_HOP,RNB
crying time|ray charles	RNB
crying|don mclean	POP,ROCK,FOLK
crying|jay and the americans	POP,ROCK,RNB,FOLK
crystal blue persuasion|tommy james and the shondells	POP,ROCK,FOLK
crystal chandelier|vic dana	POP
cry|faith hill	POP,COUNTRY
cry|godley and creme	POP
cry|lynn anderson	COUNTRY
cry|ronnie dove	POP
crzy|kehlani	POP,RNB
cuba|gibson brothers	ELECTRONIC
cuddle my wrist|future	POP,HIP_HOP
cudi montage|kids see ghosts	HIP_HOP
culo|pitbull featuring lil jon	POP,HIP_HOP,LATIN
cult of personality|living colour	ROCK,HIP_HOP,RNB,METAL
cum on feel the noize|quiet riot	ROCK,METAL
cum on feel the noize|slade	POP,ROCK,RNB
cumbersome|seven mary three	POP,ROCK,METAL
cupid shuffle|cupid	ELECTRONIC
cupid|112	POP,HIP_HOP,RNB
cupid|johnny nash	POP
cupid|johnny rivers	POP,ROCK,FOLK
cupid|tony orlando and dawn	POP
cure|lady gaga	POP
cut the cake|awb	RNB,ELECTRONIC,JAZZ
cutie pie|one way	RNB,ELECTRONIC
cuts both ways|gloria estefan	POP,LATIN
cuts like a knife|bryan adams	POP,ROCK,FOLK
cuts you up|peter murphy	ROCK,ELECTRONIC
cyanide|metallica	ROCK,METAL
cycles|frank sinatra	POP
d i v o r c e|tammy wynette	COUNTRY
d o a|bloodrock	RNB
da doo ron ron|shaun cassidy	POP
daddy cool|boney m	POP,ELECTRONIC
daddy could swear i declare|gladys knight and the pips	POP,RNB,ELECTRONIC
daddy lessons|beyonce	POP,RNB
daddy sang bass|johnny cash	COUNTRY
daddy what if|bobby bare	COUNTRY
daisy jane|america	POP,ROCK,COUNTRY,FOLK
daisy mae|hamilton joe frank and reynolds	POP
damaged|danity kane	POP,RNB
damaged|tlc	POP,HIP_HOP,RNB
damn i wish i was your lover|sophie b hawkins	POP
damned if i do|alan parsons project	POP,ROCK
dance across the floor|jimmy bo horne	ELECTRONIC
dance away|roxy music	POP,ROCK,ELECTRONIC,PUNK
dance dance dance yowsah yowsah yowsah|chic	RNB,ELECTRONIC
dance dance dance|beach boys	POP,ROCK,FOLK,CLASSICAL
dance dance|fall out boy	ROCK,PUNK,EMO
dance disco heat|sylvester	ELECTRONIC
dance for you|beyonce	POP,RNB
dance hall days|wang chung	POP,ROCK,ELECTRONIC
dance naked|john mellencamp	POP,ROCK,FOLK
dance the kung fu|carl douglas	ELECTRONIC
dance the night away|van halen	ROCK,METAL
dance to the music|sly and the family stone	POP,ROCK,RNB,ELECTRONIC,FOLK
dance tonight|lucy pearl	POP,RNB
dance tonight|paul mccartney	POP,ROCK,FOLK
dance wit me|rufus featuring chaka khan	POP,RNB,ELECTRONIC
dance with me|112	POP,HIP_HOP,RNB
dance with me|mojo men	ROCK
dance with me|orleans	POP,ROCK,COUNTRY,FOLK
dance with me|peter brown with betty wright	RNB
dance with my father|luther vandross	CLASSICAL,SOUNDTRACK,RNB
dance with you|carrie lucas	ELECTRONIC
dancer|gino soccio	ELECTRONIC
dance|ratt	ROCK,METAL
dancing bear|mamas and the papas	POP,ROCK,FOLK
dancing crazy|miranda cosgrove	POP
dancing in paradise|el coco	ELECTRONIC
dancing in the city|marshall hain	POP
dancing in the dark|bruce springsteen	POP,ROCK,FOLK
dancing in the shadows|after the fire	ROCK
dancing in the sheets|shalamar	RNB,ELECTRONIC
dancing in the street|mamas and the papas	POP,ROCK,FOLK
dancing in the street|martha and the vandellas	POP,ROCK,RNB,ELECTRONIC
dancing in the street|ramsey lewis	RNB
dancing machine|jackson 5	RNB
dancing on my own|calum scott	POP
dancing on the ceiling|lionel richie	POP,RNB,ELECTRONIC
dancing queen|a teens	POP,ELECTRONIC
dancing queen|abba	POP
dancing to your music|archie bell and the drells	POP,RNB,ELECTRONIC
dancing with the mountains|john denver	POP,FOLK
dandelion|rolling stones	ROCK,PUNK
dang me|roger miller	COUNTRY,FOLK
danger heartbreak dead ahead|marvelettes	POP,RNB
dangerous woman|ariana grande	POP
dangerous|busta rhymes	POP,HIP_HOP,PUNK
dangerous|loverboy	POP,ROCK,METAL
dangerous|roxette	POP
dangerous|ying yang twins featuring wyclef	POP,HIP_HOP
danger|blahzay blahzay	HIP_HOP,PUNK
danger|erykah badu	POP,HIP_HOP,RNB
dangling conversation|simon and garfunkel	POP,ROCK,FOLK
dani california|red hot chili peppers	ROCK,RNB,METAL
daniel|elton john	POP,ROCK
danny boy|jackie wilson	POP,ROCK,RNB
danny boy|ray price	COUNTRY
dare la la la|shakira	POP,LATIN
dare me|pointer sisters	POP,RNB,ELECTRONIC
dare you to move|switchfoot	POP,ROCK
dare|gorillaz featuring shaun ryder	POP,HIP_HOP
dark end of the street|james carr	RNB
dark fantasy|kanye west featuring teyana taylor nicki minaj and bon iver	HIP_HOP
dark horse|george harrison	POP,ROCK,FOLK
dark lady|cher	POP,SOUNDTRACK
dark necessities|red hot chili peppers	ROCK,RNB,METAL
dark queen|lil uzi vert	HIP_HOP
dark side|kelly clarkson	POP
darkness darkness|youngbloods	POP,ROCK,COUNTRY,FOLK
darling baby|elgins	POP,RNB
darling come back home|eddie kendricks	RNB,ELECTRONIC
darling dear|smokey robinson and the miracles	POP,ROCK,RNB
darte un beso|prince royce	POP,LATIN
dashboard|modest mouse	POP,ROCK,FOLK
daughter of darkness|tom jones	POP,ROCK
daughters|john mayer	POP,FOLK
dawn go away|4 seasons	POP,ROCK,RNB,FOLK
day by day|hooters	POP,ROCK
day dreaming|aretha franklin	RNB
day drinking|little big town	COUNTRY
day i found myself|honey cone	RNB
day is done|peter paul and mary	POP,FOLK
day that never comes|metallica	ROCK,METAL
day that she left tulsa in a chevy|wade hayes	COUNTRY
day the world went away|nine inch nails	ROCK,ELECTRONIC,PUNK,METAL
day tripper|anne murray	POP,COUNTRY,FOLK
day tripper|beatles	POP
day tripper|ramsey lewis	RNB,JAZZ
daybreaker|electric light orchestra	POP,ROCK,FOLK
daybreak|barry manilow	POP,RNB,ELECTRONIC
daydream believer|anne murray	POP,COUNTRY,FOLK
daydream believer|monkees	POP,ROCK,FOLK
daylight|maroon 5	POP
daylight|matt and kim	POP,ROCK,FOLK
daylight|vicki sue robinson	ELECTRONIC
days are numbers the traveller|alan parsons project	POP,ROCK
days go by|dirty vegas	ELECTRONIC
days go by|keith urban	COUNTRY
days gone by|poco	POP,ROCK,COUNTRY,FOLK
days gone down still got the light in your eyes|gerry rafferty	POP,ROCK,COUNTRY,FOLK
days like these|asia	POP,ROCK
days of gold|jake owen	COUNTRY
days of sand and shovels|bobby vinton	POP,ROCK,RNB
daysleeper|r e m	POP,ROCK
days|avicii	POP,ELECTRONIC
daytime friends|kenny rogers	POP,COUNTRY
ddu du ddu du|blackpink	POP
de do do do de da da da|police	POP,ROCK,ELECTRONIC
deacon blues|steely dan	POP,ROCK,RNB,FOLK
dead giveaway|shalamar	RNB,ELECTRONIC
dead skunk|loudon wainwright iii	ROCK,COUNTRY,FOLK
deadbeat club|b 52s	POP,ROCK,ELECTRONIC,PUNK
dear ann|george baker selection	POP
dear delilah|grapefruit	ROCK
dear eloise|hollies	POP,ROCK,FOLK
dear future husband|meghan trainor	POP
dear god|midge ure	POP,ROCK,ELECTRONIC
dear heart|andy williams	POP,JAZZ,CLASSICAL
dear heart|jack jones	POP,JAZZ
dear john|taylor swift	POP
dear lie|tlc	POP,HIP_HOP,RNB
dear lover|mary wells	POP,RNB
dear prudence|5 stairsteps	RNB
death of a bachelor|panic at the disco	ROCK,PUNK,EMO,CLASSICAL
death of an angel|kingsmen	ROCK
december 1963 oh what a night|4 seasons	POP,ROCK,RNB,FOLK
december|collective soul	POP,ROCK,METAL
dedicated to the one i love|mamas and the papas	POP,ROCK,FOLK
dedicated|r kelly and public announcement	RNB
dedicate|lil wayne	POP,HIP_HOP
dedication song|freddy cannon	POP,ROCK,RNB
deep in the heart of harlem|clyde mcphatter	POP,ROCK,RNB
deep inside my heart|randy meisner	POP
deep inside of you|third eye blind	POP,ROCK,PUNK
deep inside|mary j blige	POP,HIP_HOP,RNB
deep purple|donny and marie osmond	POP
deep river woman|lionel richie	COUNTRY,POP,RNB,ELECTRONIC
deeper and deeper|freda payne	RNB
deeper and deeper|madonna	POP
deeper shade of soul|urban dance squad	ROCK,HIP_HOP,RNB,METAL
deeper than the night|olivia newton john	POP,ROCK
deeper the love|whitesnake	ROCK,RNB,METAL
definition|mos def and kweli are black star	HIP_HOP,PUNK
defy you|offspring	ROCK,PUNK,METAL
deja vu|dionne warwick	POP,RNB,ELECTRONIC
deja vu|j cole	HIP_HOP
delicate|taylor swift	POP
delilah|tom jones	POP,ROCK
delirious|prince	RNB
delta dawn|helen reddy	POP,FOLK
delta dawn|tanya tucker	COUNTRY
delta dirt|larry gatlin	COUNTRY
delta lady|joe cocker	POP,ROCK,RNB,FOLK
dem boyz|boyz n da hood	HIP_HOP
dem jeans|chingy featuring jermaine dupri	POP,HIP_HOP,RNB
demons|imagine dragons	ROCK
demon|lil wayne	POP,HIP_HOP
department of youth|alice cooper	ROCK,RNB,PUNK,METAL
depression and obsession|xxxtentacion	HIP_HOP,EMO
der kommissar|after the fire	ROCK
desdemona|searchers	POP,ROCK,FOLK
desert rose|sting featuring cheb mami	POP,ROCK
desire|andy gibb	POP,RNB,COUNTRY,ELECTRONIC
desire|u2	ROCK
desperate but not serious|adam ant	POP,ROCK,ELECTRONIC
desperate man|eric church	COUNTRY
desperately wanting|better than ezra	POP,ROCK
desperately|george strait	COUNTRY
dessert|dawin	POP
destination anywhere|marvelettes	POP,RNB
destination unknown|missing persons	POP,ROCK,ELECTRONIC
destroyer|kinks	POP,ROCK,ELECTRONIC,PUNK,FOLK
detroit city|tom jones	POP,ROCK
devil in a fast car|sheena easton	POP,ROCK
devil in the bottle|t g sheppard	COUNTRY
devil inside|inxs	POP,ROCK,RNB,ELECTRONIC
devil made me do it|golden earring	POP,ROCK
devil went down to georgia|charlie daniels band	ROCK,COUNTRY
devil woman|cliff richard	POP,ROCK
devil you|stampeders	ROCK
devils and dust|bruce springsteen	POP,ROCK,FOLK
devoted to you|carly simon and james taylor	POP,FOLK,ROCK
devotion|earth wind and fire	RNB,ELECTRONIC
dey know|shawty lo	HIP_HOP
dial my heart|boys	RNB
diamond girl|seals and crofts	POP,ROCK,COUNTRY,FOLK
diamond head|ventures	ROCK
diamond in the back|ludacris	POP,HIP_HOP
diamond teeth samurai|youngboy never broke again	HIP_HOP
diamonds and pearls|prince and the n p g	RNB
diamonds and rust|joan baez	POP,FOLK
diamonds are forever|shirley bassey	POP,JAZZ
diamonds from sierra leone|kanye west	HIP_HOP
diamonds|chris rea	POP,ROCK,RNB
diamonds|fabolous featuring young jeezy	POP,HIP_HOP,RNB,PUNK
diamonds|herb alpert	POP,JAZZ
diamonds|rihanna	POP,RNB
diana|bobby rydell	POP,ROCK,RNB
diana|one direction	POP
diane|bachelors	POP,ROCK
dianne dianne|ronny and the daytonas	POP,ROCK
diary of a madman|gravediggaz	HIP_HOP,PUNK
diary of jane|breaking benjamin	ROCK,HIP_HOP,PUNK,METAL
diary|bread	POP,COUNTRY,FOLK
dibs|kelsea ballerini	POP,COUNTRY
did i shave my legs for this|deana carter	COUNTRY
did it for the girl|greg bates	COUNTRY
did it in a minute|daryl hall john oates	POP,ROCK,FOLK
did my time|korn	ROCK,HIP_HOP,METAL
did you wrong|pleasure p	POP,HIP_HOP,RNB
die a happy man|nelly	POP,HIP_HOP
die a happy man|thomas rhett	COUNTRY
die another day|madonna	POP
die for you|weeknd	POP,HIP_HOP,RNB
die in your arms|justin bieber	POP
die young|ke ha	POP,HIP_HOP
difference interlude|xxxtentacion	HIP_HOP,EMO
differences|ginuwine	POP,HIP_HOP,RNB
different strokes|syl johnson	RNB
dig in|lenny kravitz	POP,ROCK
digging in the dirt|peter gabriel	POP,ROCK
digging your scene|blow monkeys	POP,ROCK,ELECTRONIC
digital display|ready for the world	POP,RNB,ELECTRONIC
digits|young thug	POP,HIP_HOP
dig|incubus	POP,ROCK,HIP_HOP,RNB,METAL
dim all the lights|donna summer	POP,RNB,ELECTRONIC
dinah flo|boz scaggs	POP,ROCK,COUNTRY,FOLK
ding dong the witch is dead|fifth estate	POP,ROCK
dinner with gershwin|donna summer	POP,RNB,ELECTRONIC
dip it low|christina milian	POP,RNB
diplomatic immunity|drake	POP,HIP_HOP
dirt on my boots|jon pardi	COUNTRY
dirt road anthem|jason aldean	COUNTRY
dirty deeds|joan jett	ROCK
dirty diana|michael jackson	POP
dirty laundry|carrie underwood	POP,COUNTRY
dirty laundry|don henley	POP,ROCK,FOLK
dirty little secret|all american rejects	POP,ROCK,PUNK
dirty looks|juice newton	POP,COUNTRY
dirty love|thunder	ROCK,METAL
dirty man|laura lee	RNB
dirty picture|taio cruz featuring ke ha	POP,HIP_HOP,ELECTRONIC
dirty south|goodie mob	HIP_HOP,PUNK
dirty water|inmates	POP,ROCK
dirty water|rock and hyde	ROCK
dirty water|standells	ROCK,PUNK
dirty white boy|foreigner	POP,ROCK
dirt|florida georgia line	COUNTRY
disappear|inxs	POP,ROCK,RNB,ELECTRONIC
discipline of love|robert palmer	POP,ROCK,ELECTRONIC,FOLK
disco 9000|johnnie taylor	RNB
disco inferno|50 cent	HIP_HOP
disco inferno|trammps	RNB,ELECTRONIC
disco lady|johnnie taylor	RNB
disco nights rock freak|g q	RNB,ELECTRONIC
disco queen|hot chocolate	POP,RNB,ELECTRONIC
disco rufus|stargard	ELECTRONIC
discotheque|u2	ROCK
disease|matchbox twenty	POP,ROCK
distant drums|jim reeves	POP,ROCK,COUNTRY
distant lover|marvin gaye	RNB
distant shores|chad and jeremy	POP,ROCK,FOLK
distraction|kehlani	POP,RNB
disturbia|rihanna	POP,RNB
diva|beyonce	POP,RNB
dive in|trey songz	POP,HIP_HOP,RNB
dive|ed sheeran	POP
divided hearts|kim carnes	POP
divine thing|soup dragons	ROCK
dixie rock|wet willie	ROCK,COUNTRY
dizzy|tommy roe	POP,ROCK,FOLK
dj play a love song|jamie foxx featuring twista	POP,HIP_HOP,RNB
dna|bts	POP
dna|kendrick lamar	HIP_HOP
do i do|stevie wonder	RNB
do i have to say the words|bryan adams	POP,ROCK,FOLK
do i love you|paul anka	POP,ROCK
do i love you|ronettes	POP,ROCK,RNB
do i make myself clear|etta james and sugar pie desanto	RNB,POP,JAZZ
do i make you proud|taylor hicks	POP
do i make you wanna|billy currington	COUNTRY
do i wanna know|arctic monkeys	ROCK
do it again|kinks	POP,ROCK,ELECTRONIC,PUNK,FOLK
do it again|steely dan	POP,ROCK,RNB,FOLK
do it baby|miracles	POP,RNB,ELECTRONIC
do it fluid|blackbyrds	RNB,ELECTRONIC
do it for love|sheena easton	POP,ROCK
do it good|a taste of honey	ELECTRONIC
do it in the name of love|ben e king	POP,ROCK,RNB
do it or die|atlanta rhythm section	POP,ROCK,RNB,COUNTRY,FOLK
do it right|brook benton	POP,ROCK,RNB
do it to it|cherish featuring sean paul of the youngbloodz	POP,HIP_HOP,RNB
do it to me|lionel richie	POP,RNB,ELECTRONIC
do it well|jennifer lopez	POP,HIP_HOP,RNB
do it|neil diamond	POP,ROCK,FOLK
do it|nelly furtado	POP,LATIN
do i|luke bryan	COUNTRY
do me|bell biv devoe	POP,HIP_HOP,RNB
do not disturb|drake	POP,HIP_HOP
do not pass me by|m c hammer	ROCK,HIP_HOP,RNB,ELECTRONIC,LATIN
do re mi|blackbear	POP
do right|paul davis	POP,ROCK,COUNTRY,FOLK
do something to me|tommy james and the shondells	POP,ROCK,FOLK
do that to me one more time|captain and tennille	POP,ELECTRONIC,FOLK
do the best you can|hollies	POP,ROCK,FOLK
do the boomerang|jr walker and the all stars	POP,RNB
do the choo choo|archie bell and the drells	POP,RNB,ELECTRONIC
do the clam|elvis presley with the jordanaires jubilee four and carol lombard trio	ROCK
do the freddie|freddie and the dreamers	POP,ROCK
do the funky chicken|rufus thomas	RNB
do unto me|james and bobby purify	RNB
do wacka do|roger miller	COUNTRY,FOLK
do wah diddy diddy|manfred mann	POP,ROCK,RNB,FOLK
do wah diddy|exciters	POP,RNB
do what you do|jermaine jackson	RNB,ELECTRONIC
do what you gotta do|bobby vee	POP,ROCK,RNB,FOLK
do what you gotta do|nina simone	RNB,JAZZ
do what you set out to do|bobby bland	RNB
do what you wanna do|t connection	RNB,ELECTRONIC
do what you want be what you are|daryl hall john oates	POP,ROCK,FOLK
do ya do ya wanna please me|samantha fox	POP,ELECTRONIC
do ya|electric light orchestra	POP,ROCK,FOLK
do ya|move	POP,ROCK,RNB,PUNK,FOLK
do you believe in love|huey lewis and the news	POP,ROCK,ELECTRONIC,FOLK
do you believe in magic|shaun cassidy	POP
do you believe in shame|duran duran	POP,ROCK,ELECTRONIC
do you believe in us|jon secada	POP
do you believe me now|jimmy wayne	COUNTRY
do you compute|donnie iris	ROCK
do you everynite|joe public	RNB
do you feel all right|kc and the sunshine band	POP,RNB,ELECTRONIC
do you feel like i feel|belinda carlisle	POP,ROCK,ELECTRONIC
do you feel like we do|peter frampton	POP,ROCK,RNB,COUNTRY,FOLK
do you know the way to san jose|dionne warwick	POP,RNB,ELECTRONIC
do you know what it takes|robyn	POP,ELECTRONIC
do you love me|contours	POP,RNB
do you love what you feel|rufus and chaka khan	RNB
do you really want to hurt me|culture club	POP,ROCK,ELECTRONIC
do you remember me|jermaine jackson	RNB,ELECTRONIC
do you remember|jay sean featuring sean paul and lil jon	POP,ELECTRONIC,HIP_HOP,RNB
do you remember|phil collins	POP
do you see my love for you growing|jr walker and the all stars	POP,RNB
do you see|warren g	HIP_HOP,RNB,PUNK
do you sleep|lisa loeb and nine stories	POP
do you wanna dance|beach boys	POP,ROCK,FOLK,CLASSICAL
do you wanna dance|mamas and the papas	POP,ROCK,FOLK
do you wanna dance|ramones	ROCK,PUNK
do you wanna get funky|c c music factory	ELECTRONIC
do you wanna go party|kc and the sunshine band	POP,RNB,ELECTRONIC
do you wanna hold me|bow wow wow	POP,ROCK,ELECTRONIC
do you wanna touch me oh yeah|joan jett and the blackhearts	ROCK
do you want crying|katrina and the waves	POP
do you want fries with that|tim mcgraw	COUNTRY
do you want me|salt n pepa	POP,HIP_HOP,ELECTRONIC
do you want to dance|bette midler	POP
do you want to|franz ferdinand	ROCK,ELECTRONIC,PUNK
do your own thing|brook benton	POP,ROCK,RNB
do your thing|isaac hayes	RNB,ELECTRONIC
do your thing|watts 103rd street rhythm band	RNB
do you|heather b	HIP_HOP,PUNK
do you|ne yo	POP,HIP_HOP,RNB
doa|foo fighters	ROCK,METAL
doctor doctor|thompson twins	POP,ROCK,ELECTRONIC
doctor love|first choice	RNB,ELECTRONIC
doctor my eyes|jackson browne	POP,ROCK,COUNTRY,FOLK
doctor|doobie brothers	POP,ROCK,RNB,COUNTRY,FOLK
doctor|mary wells	POP,RNB
doe boy fresh|three 6 mafia featuring chamillionaire	HIP_HOP
does anybody really fall in love anymore|kane roberts	ROCK,METAL
does anybody really know what time it is|chicago	POP,ROCK,FOLK
does he really care for me|ruby and the romantics	RNB
does it make you remember|kim carnes	POP
does your mother know|abba	POP
dog days are over|florence the machine	POP,CLASSICAL
dog days|atlanta rhythm section	POP,ROCK,RNB,COUNTRY,FOLK
dog eat dog|ted nugent	ROCK,RNB,METAL
doggone right|smokey robinson and the miracles	POP,ROCK,RNB
doin it|ll cool j	POP,HIP_HOP,RNB,PUNK
doing it all for my baby|huey lewis and the news	POP,ROCK,ELECTRONIC,FOLK
doll parts|hole	POP,ROCK
dolly dagger|jimi hendrix	ROCK,RNB
domino dancing|pet shop boys	POP,ROCK,ELECTRONIC
dominoes|robbie nevil	POP
domino|jessie j	POP,HIP_HOP
dommage dommage too bad too bad|jerry vale	POP,JAZZ,CLASSICAL
dommage dommage too bad too bad|paul vance	POP
don t try to lay no boogie woogie on the king of rock and roll|crow	PUNK
donald trump|mac miller	HIP_HOP
done|band perry	COUNTRY
doo doo doo doo doo heartbreaker|rolling stones	ROCK,PUNK
doo wop that thing|lauryn hill	POP,HIP_HOP,RNB
doomsday clock|smashing pumpkins	POP,ROCK,METAL
door is still open to my heart|dean martin	POP,JAZZ
door to your heart|dramatics	RNB,ELECTRONIC
dope|lady gaga	POP
doraville|atlanta rhythm section	POP,ROCK,RNB,COUNTRY,FOLK
double dutch bus|frankie smith	RNB,ELECTRONIC
double good everything|smokey robinson	RNB,ELECTRONIC
double trouble|lynyrd skynyrd	POP,ROCK,RNB,COUNTRY
double vision|3oh 3	POP,HIP_HOP,PUNK
double vision|foreigner	POP,ROCK
down and out in new york city|james brown	RNB
down boys|warrant	ROCK,METAL
down by the lazy river|osmonds	POP
down by the river|albert hammond	POP
down by the river|buddy miles	RNB
down here on the ground|lou rawls	POP,RNB,ELECTRONIC,JAZZ
down in the alley|ronnie hawkins	ROCK,RNB
down in the boondocks|billy joe royal	POP,ROCK,FOLK
down on love|foreigner	POP,ROCK
down on me|janis joplin	ROCK,RNB,FOLK
down so long|jewel	POP,ROCK,PUNK,FOLK
down the hall|4 seasons	POP,ROCK,RNB,FOLK
down to earth|justin bieber	POP
down to love town|originals	RNB
down to the line|bachman turner overdrive	POP,ROCK,RNB,COUNTRY,FOLK
down to the nightclub|tower of power	RNB,JAZZ
down under|men at work	POP,ROCK,ELECTRONIC
down with the king|run d m c	HIP_HOP,PUNK
downeaster alexa|billy joel	POP,ROCK,FOLK
downfall|trustcompany	ROCK,HIP_HOP,METAL
downtime|jo dee messina	COUNTRY
downtown life|daryl hall john oates	POP,ROCK,FOLK
downtown train|patty smyth	POP
downtown train|rod stewart	POP,ROCK
downtown|dolly parton	COUNTRY
downtown|lady antebellum	POP,COUNTRY
downtown|petula clark	POP,ROCK,FOLK
down|marian hill	POP
down|rkm and ken y	HIP_HOP,LATIN
dr feelgood|motley crue	ROCK,METAL
dr greenthumb|cypress hill	HIP_HOP,PUNK
dr heckyll and mr jive|men at work	POP,ROCK,ELECTRONIC
draco|future	POP,HIP_HOP
drag city|jan and dean	POP,ROCK,RNB,FOLK
drag me down|one direction	POP
drag my bad name down|4 of us	ROCK
drank in my cup|kirko bangz	HIP_HOP,RNB
draw of the cards|kim carnes	POP
draw the line|aerosmith	ROCK
dreadlock holiday|10cc	POP,ROCK,ELECTRONIC,FOLK
dream baby how long must i dream|glen campbell	POP,COUNTRY,FOLK
dream is still alive|wilson phillips	POP
dream lover|marshall tucker band	POP,ROCK,RNB,COUNTRY,FOLK
dream me home|mac davis	POP,COUNTRY
dream merchant|new birth	RNB,ELECTRONIC
dream on dreamer|brand new heavies	JAZZ
dream on little dreamer|perry como	POP,JAZZ
dream on|aerosmith	ROCK
dream on|depeche mode	POP,ROCK,ELECTRONIC
dream on|righteous brothers	POP,ROCK,RNB,FOLK
dream police|cheap trick	POP,ROCK,ELECTRONIC,METAL
dream weaver|gary wright	POP,ROCK,COUNTRY
dreamboat annie|heart	POP,ROCK
dreamer|chris brown	POP,HIP_HOP,RNB
dreamer|supertramp	POP,ROCK,FOLK
dreaming of you|selena	LATIN
dreaming with a broken heart|john mayer	POP,FOLK
dreaming|blondie	POP,ROCK,ELECTRONIC
dreaming|orchestral manoeuvres in the dark	POP,ROCK,ELECTRONIC
dreamin|loleatta holloway	RNB,ELECTRONIC
dreamlover|mariah carey	POP,RNB
dreams collide|colbie caillat	POP
dreams of the everyday housewife|glen campbell	POP,COUNTRY,FOLK
dreams|buddy miles	RNB
dreams|cranberries	POP,ROCK
dreams|fleetwood mac	POP,ROCK
dreams|gabrielle	POP,RNB
dreams|game	HIP_HOP
dreams|van halen	ROCK,METAL
dreamtime|daryl hall	POP
dreidel|don mclean	POP,ROCK,FOLK
dress you up|madonna	POP
dressed for success|roxette	POP
drew barrymore|bryce vine	POP,HIP_HOP
drift away|dobie gray	RNB
drift away|uncle kracker featuring dobie gray	POP,ROCK,COUNTRY
driftwood|moody blues	POP,ROCK,FOLK
drink a beer|luke bryan	COUNTRY
drink in my hand|eric church	COUNTRY
drink on it|blake shelton	COUNTRY
drink swear steal and lie|michael peterson	COUNTRY
drink to that all night|jerrod niemann	COUNTRY
drinking class|lee brice	COUNTRY
drive by|train	POP
drive for daddy gene|alan jackson	COUNTRY
drive me wild|sawyer brown	COUNTRY
driven out|fixx	POP,ROCK,ELECTRONIC
drive|cars	POP,ROCK,ELECTRONIC,FOLK
drive|incubus	POP,ROCK,HIP_HOP,RNB,METAL
drive|miley cyrus	POP
drive|r e m	POP,ROCK
drop dead gorgeous|republica	POP
drop it low|ester dean featuring chris brown	POP,HIP_HOP,RNB
drop the pilot|joan armatrading	POP,FOLK
drop the world|lil wayne featuring eminem	POP,HIP_HOP,RNB
drops of jupiter tell me|train	POP
drop|pharcyde	HIP_HOP,PUNK
drowning in the sea of love|joe simon	RNB
drowning|backstreet boys	POP
drug addicts|lil pump	HIP_HOP,EMO
drugs or jesus|tim mcgraw	COUNTRY
drummer man|nancy sinatra	POP,FOLK
drum|bobby sherman	POP
drunk girl|chris janson	COUNTRY
drunk last night|eli young band	ROCK,COUNTRY
drunk me|mitchell tenpenny	ROCK,COUNTRY
drunk on a plane|dierks bentley	COUNTRY
drunk on your love|brett eldredge	COUNTRY
drunk on you|luke bryan	COUNTRY
dry your eyes|brenda and the tabulations	RNB
dub be good to me|beats international	ELECTRONIC
duckworth|kendrick lamar	HIP_HOP
dude looks like a lady|aerosmith	ROCK
dude|beenie man featuring ms thing	ELECTRONIC
duncan|paul simon	POP,ROCK,FOLK
dura|daddy yankee	POP,HIP_HOP,LATIN
dusic|brick	RNB,ELECTRONIC
dust in the wind|kansas	POP,ROCK
dust|eli young band	ROCK,COUNTRY
dynamite woman|sir douglas quintet	POP,ROCK,COUNTRY
dynamite|jermaine jackson	RNB,ELECTRONIC
dynamite|taio cruz	POP,HIP_HOP,ELECTRONIC
e bow the letter|r e m	POP,ROCK
e i|nelly	POP,HIP_HOP
e pro|beck	POP,ROCK,FOLK
eagles fly|sammy hagar	POP,ROCK,METAL
early in the morning|gap band	RNB,ELECTRONIC
early in the morning|robert palmer	POP,ROCK,ELECTRONIC,FOLK
early in the morning|vanity fare	POP,ROCK
earth angel will you be mine|vogues	POP,ROCK,RNB,FOLK
earth intruders|bjork	POP,ROCK,ELECTRONIC,CLASSICAL
earth the sun the rain|color me badd	POP,RNB
ease back|meters	RNB
ease my mind|arrested development	HIP_HOP
east 1999|bone thugs n harmony	HIP_HOP
east side rendezvous|frost	HIP_HOP
easy come easy go|bobby sherman	POP
easy come easy go|george strait	COUNTRY
easy come easy go|winger	ROCK,METAL
easy driver|kenny loggins	POP,ROCK
easy for you to say|linda ronstadt	POP,ROCK,COUNTRY,FOLK
easy livin|uriah heep	ROCK,RNB,METAL
easy love|dionne warwick	POP,RNB,ELECTRONIC
easy loving|freddie hart	COUNTRY
easy rider let the wind pay the way|iron butterfly	ROCK,RNB,FOLK
easy street|edgar winter group	POP,ROCK,RNB,COUNTRY
easy to be hard|three dog night	POP,ROCK,RNB,COUNTRY,FOLK
easy to love|leo sayer	POP,ELECTRONIC,FOLK
easy|commodores	POP,RNB,ELECTRONIC
easy|faith no more	ROCK,HIP_HOP,RNB,METAL
easy|sheryl crow	POP,ROCK,FOLK
eat it|weird al yankovic	POP,ROCK
eaten alive|diana ross	POP,RNB,ELECTRONIC
ebb tide|righteous brothers	POP,ROCK,RNB,FOLK
ebony eyes|bob welch	POP,ROCK,COUNTRY,FOLK
ebony eyes|rick james and smokey robinson	RNB,ELECTRONIC
echame la culpa|luis fonsi and demi lovato	POP,LATIN
echoes of love|doobie brothers	POP,ROCK,RNB,COUNTRY,FOLK
echo|gorilla zoe	HIP_HOP
ecstasy|ohio players	RNB,ELECTRONIC
edge of a broken heart|vixen	ROCK,METAL
edge of glory|lady gaga	POP
edge of heaven|wham	POP,ROCK,RNB,ELECTRONIC
edge of the universe|bee gees	POP,ELECTRONIC
edie ciao baby|cult	ROCK,ELECTRONIC,METAL
eenie meenie|jeffrey osborne	RNB,ELECTRONIC
ego|beyonce	POP,RNB
ego|elton john	POP,ROCK
eight days a week|beatles	POP
eight miles high|byrds	POP,ROCK,RNB,COUNTRY,FOLK
eight second ride|jake owen	COUNTRY
either way|chris stapleton	COUNTRY
el amante|nicky jam	POP,HIP_HOP,LATIN
el cerrito place|kenny chesney	COUNTRY
el condor pasa if i could|simon and garfunkel	POP,ROCK,FOLK
el pussy cat|mongo santamaria	JAZZ,LATIN
elastic heart|sia	POP,ELECTRONIC
eleanor rigby|aretha franklin	RNB
eleanor rigby|beatles	ROCK
elected|alice cooper	ROCK,RNB,PUNK,METAL
election day|arcadia	POP,ROCK,ELECTRONIC
electric barbarella|duran duran	POP
electric blue|icehouse	POP,ROCK,ELECTRONIC
electric boogie|marcia griffiths	ROCK
electric relaxation relax yourself girl|a tribe called quest	HIP_HOP,PUNK
electric youth|debbie gibson	POP
electrical storm|u2	ROCK
electrolite|r e m	POP,ROCK
element|kendrick lamar	HIP_HOP
elenore|turtles	POP,ROCK,FOLK
elevate|drake	POP,HIP_HOP
elevators me and you|outkast	HIP_HOP
elevator|eminem	HIP_HOP,RNB
eloise|barry ryan	POP
elvira|oak ridge boys	COUNTRY
emergency|kool and the gang	RNB,ELECTRONIC
eminence front|who	POP,ROCK,PUNK,FOLK
emma|hot chocolate	POP,RNB,ELECTRONIC
emoji a chain|migos	POP,HIP_HOP
emotional rescue|rolling stones	ROCK,PUNK
emotional rollercoaster|vivian green	POP,RNB
emotional|carl thomas	POP,RNB
emotionless|drake	POP,HIP_HOP
emotions in motion|billy squier	POP,ROCK,METAL
emotions|h town	POP,RNB
emotions|mariah carey	POP,RNB
emotion|barbra streisand	POP,ELECTRONIC,SOUNDTRACK
emotion|helen reddy	POP,FOLK
emotion|samantha sang	POP,ELECTRONIC
empire state of mind part ii broken down|alicia keys	POP,RNB
empire|shakira	POP,LATIN
empty arms|sonny james	POP,COUNTRY
empty garden hey hey johnny|elton john	POP,ROCK
empty pages|traffic	POP,ROCK,RNB,COUNTRY,FOLK
empty walls|serj tankian	ROCK,METAL
enchanted|taylor swift	POP
encore|cheryl lynn	RNB,ELECTRONIC
end of our road|gladys knight and the pips	POP,RNB,ELECTRONIC
end of our road|marvin gaye	RNB
end of the innocence|don henley	POP,ROCK,FOLK
end of the line|traveling wilburys	POP,ROCK,RNB,FOLK
endless love|diana ross and lionel richie	POP,RNB,ELECTRONIC
endless nights|eddie money	POP,ROCK,COUNTRY,FOLK
endless summer nights|richard marx	POP,ROCK
end|kings of leon	ROCK
energy|drake	POP,HIP_HOP
energy|natalie featuring baby bash	POP,HIP_HOP,RNB
engine engine 9|roger miller	COUNTRY,FOLK
engine number 9|wilson pickett	POP,ROCK,RNB,ELECTRONIC,FOLK
england swings|roger miller	COUNTRY,FOLK
englishman in new york|sting	POP,ROCK
enjoy the silence|depeche mode	POP,ROCK,ELECTRONIC
enjoy yourself|jacksons	RNB,ELECTRONIC
enough cryin|mary j blige featuring brook lyn	POP,HIP_HOP,RNB
enter sandman|metallica	ROCK,METAL
entertainer|billy joel	POP,ROCK,FOLK
entertainer|tony clarke	RNB
entourage|omarion	POP,HIP_HOP,RNB
envy me|calboy	HIP_HOP
epic|faith no more	ROCK,HIP_HOP,RNB,METAL
eraser|ed sheeran	POP
erotica|madonna	POP
errrbody|yo gotti	POP,HIP_HOP
errtime|nelly featuring jung tru and king jacob	POP,HIP_HOP
escapade|janet jackson	POP,RNB
escape the pina colada song|rupert holmes	POP
escape|enrique iglesias	POP,LATIN
esskeetit|lil pump	HIP_HOP,EMO
eternal flame|bangles	POP,ROCK,ELECTRONIC
eternity|vikki carr	POP
europa and the pirate twins|thomas dolby	POP,ROCK,ELECTRONIC,PUNK
evacuate the dancefloor|cascada	POP,HIP_HOP,ELECTRONIC
eve of destruction|barry mcguire	POP,FOLK
even a fool can see|peter cetera	POP
even better than the real thing|u2	ROCK
even if it breaks your heart|eli young band	ROCK,COUNTRY
even it up|heart	POP,ROCK
even now|barry manilow	POP,RNB,ELECTRONIC
even now|bob seger and the silver bullet band	POP,ROCK,FOLK
even the bad times are good|tremeloes	POP,ROCK,FOLK
even the nights are better|air supply	POP
ever since the world began|tommy shaw	ROCK
ever the same|rob thomas	POP,ROCK
evergreen love theme from a star is born|barbra streisand	POP,ELECTRONIC,SOUNDTRACK
everlasting love|carl carlton	ELECTRONIC
everlasting love|gloria estefan	POP,LATIN
everlasting love|howard jones	POP,ROCK,ELECTRONIC
everlasting love|robert knight	RNB
everlasting love|tony terry	RNB
every beat of my heart|rod stewart	POP,ROCK
every breath you take|police	POP,ROCK,ELECTRONIC
every day and every night|trolls	ROCK
every day i have to cry some|arthur alexander	RNB
every day is exactly the same|nine inch nails	ROCK,ELECTRONIC,PUNK,METAL
every day of the week|jade	POP,RNB
every girl|young money	POP,HIP_HOP
every heartbeat|amy grant	ROCK
every home should have one|patti austin	POP,RNB,JAZZ
every kinda people|robert palmer	POP,ROCK,ELECTRONIC,FOLK
every light in the house|trace adkins	COUNTRY
every little bit hurts|brenda holloway	POP,RNB
every little step|bobby brown	POP,HIP_HOP,RNB
every little thing she does is magic|police	POP,ROCK,ELECTRONIC
every little thing|carly pearce	COUNTRY
every love song|greg kihn band	ROCK
every mile a memory|dierks bentley	COUNTRY
every morning|sugar ray	POP,ROCK,PUNK,METAL
every night every day|jimmy mccracklin	RNB
every road leads back to you|bette midler	POP
every step of the way|john waite	POP,ROCK
every storm runs out of rain|gary allan	COUNTRY
every teardrop is a waterfall|coldplay	POP,ROCK
every time i close my eyes|babyface	POP,RNB
every time i hear that song|blake shelton	COUNTRY
every time i hear your name|keith anderson	COUNTRY
every time i think of you|babys	POP,ROCK
every time i turn around back in love again|ltd	RNB,ELECTRONIC
every time you touch me i get high|charlie rich	ROCK,COUNTRY
every which way but loose|eddie rabbitt	POP,COUNTRY
every woman in the world|air supply	POP
everybody dance|chic	RNB,ELECTRONIC
everybody dies in their nightmares|xxxtentacion	HIP_HOP,EMO
everybody dies|j cole	HIP_HOP
everybody everybody|black box	POP,ELECTRONIC
everybody hates me|chainsmokers	POP,ELECTRONIC
everybody have fun tonight|wang chung	POP,ROCK,ELECTRONIC
everybody hurts|r e m	POP,ROCK
everybody knows about my good thing pt 1|little johnny taylor	RNB
everybody loves a clown|gary lewis and the playboys	POP,ROCK,FOLK
everybody loves a love song|mac davis	POP,COUNTRY
everybody loves a nut|johnny cash	COUNTRY
everybody loves a winner|william bell	RNB
everybody loves somebody|dean martin	POP,JAZZ
everybody needs love|gladys knight and the pips	POP,RNB,ELECTRONIC
everybody needs love|stephen bishop	POP,COUNTRY,FOLK
everybody needs somebody to love|solomon burke	RNB,JAZZ
everybody needs somebody to love|wilson pickett	POP,ROCK,RNB,ELECTRONIC,FOLK
everybody plays the fool|main ingredient	RNB,ELECTRONIC
everybody talks|neon trees	POP,ROCK,PUNK
everybody wanna get rich rite away|dr john	ROCK,RNB,FOLK
everybody wants to rule the world|tears for fears	POP,ROCK,ELECTRONIC
everybody wants you|billy squier	POP,ROCK,METAL
everybody|keith urban	COUNTRY
everybody|logic	HIP_HOP
everybody|tommy roe	POP,ROCK,FOLK
everyday america|sugarland	POP,COUNTRY
everyday i have to cry|gentrys	POP
everyday i write the book|elvis costello and the attractions	POP,ROCK,ELECTRONIC,FOLK
everyday is a winding road|sheryl crow	POP,ROCK,FOLK
everyday people|joan jett and the blackhearts	ROCK
everyday people|sly and the family stone	POP,ROCK,RNB,ELECTRONIC,FOLK
everyday|james taylor	POP,ROCK,FOLK
everyday|john denver	POP,FOLK
everyday|phil collins	POP
everyone falls in love|tanto metro and devonte	ELECTRONIC
everything 1k|kodak black	HIP_HOP
everything a man could ever need|glen campbell	POP,COUNTRY,FOLK
everything about you|ugly kid joe	ROCK,RNB,METAL
everything i do gonh be funky from now on|lee dorsey	ROCK,RNB
everything i do i do it for you|bryan adams	POP,ROCK,FOLK
everything i need|men at work	POP,ROCK,ELECTRONIC
everything i own|bread	POP,COUNTRY,FOLK
everything in my heart|corey hart	POP,ROCK,ELECTRONIC
everything is beautiful|ray stevens	POP,COUNTRY
everything is everything|lauryn hill	POP,HIP_HOP,RNB
everything is good about you|lettermen	POP
everything must change|paul young	POP,ROCK,ELECTRONIC
everything she wants|wham	POP,ROCK,RNB,ELECTRONIC
everything that touches you|association	POP,ROCK,FOLK
everything to me|monica	POP,HIP_HOP,RNB
everything you want|ray j	RNB
everything you want|vertical horizon	POP,ROCK
everything your heart desires|daryl hall john oates	POP,ROCK,FOLK
everything|alanis morissette	POP,ROCK,FOLK
everything|jody watley	POP,RNB,ELECTRONIC
everything|mary j blige	POP,HIP_HOP,RNB
everything|michael buble	POP
everytime i cry|terri clark	COUNTRY
everytime we touch|cascada	POP,HIP_HOP,ELECTRONIC
everytime you cry|outfield	POP,ROCK
everytime you go away|paul young	POP,ROCK,ELECTRONIC
everytime|ariana grande	POP
everytime|britney spears	POP
everywhere|fleetwood mac	POP,ROCK
everywhere|michelle branch	POP
evil ways|santana	ROCK,RNB
evil woman|electric light orchestra	POP,ROCK,FOLK
evil|earth wind and fire	RNB,ELECTRONIC
evol not love|five americans	POP,ROCK
ex factor|lauryn hill	POP,HIP_HOP,RNB
exchange|bryson tiller	POP,HIP_HOP
excuse me miss|jay z	HIP_HOP
expecting to fly|buffalo springfield	POP,ROCK,RNB,COUNTRY,FOLK
explosions|ellie goulding	POP,ELECTRONIC
express yourself|charles wright and the watts 103rd street rhythm band	RNB
express yourself|madonna	POP
expression|salt n pepa	POP,HIP_HOP,ELECTRONIC
express|b t express	RNB,ELECTRONIC
eye in the sky|alan parsons project	POP,ROCK
eye of the tiger|survivor	POP,ROCK
eye of the zombie|john fogerty	POP,ROCK,RNB
eye on you|billy squier	POP,ROCK,METAL
eye to eye|go west	POP,ROCK,ELECTRONIC
eyes of a new york woman|b j thomas	POP,FOLK
eyes of silver|doobie brothers	POP,ROCK,RNB,COUNTRY,FOLK
eyes open|taylor swift	POP
eyes that see in the dark|kenny rogers	POP,COUNTRY
eyes wide open|gotye	POP
eyes without a face|billy idol	POP,ROCK,ELECTRONIC
fa fa fa fa fa sad song|otis redding	RNB
fabulous|jaheim featuring tha rayne	POP,RNB
face down|red jumpsuit apparatus	POP,ROCK,PUNK,EMO
face drop|sean kingston	POP,HIP_HOP,RNB
face the face|pete townshend	POP,ROCK,PUNK,FOLK
facts of love|jeff lorber and karyn white	RNB,JAZZ
fade away|bruce springsteen	POP,ROCK,FOLK
fade into you|mazzy star	POP,ROCK
faded|alan walker	ELECTRONIC
fade|kanye west	HIP_HOP
fade|staind	ROCK,HIP_HOP,METAL
fading like a flower every time you leave|roxette	POP
failure|breaking benjamin	ROCK,HIP_HOP,PUNK,METAL
faint|linkin park	ROCK,METAL
fair game|crosby stills and nash	POP,ROCK,RNB,COUNTRY,FOLK
fairly local|twenty one pilots	ROCK,PUNK
fairweather friend|johnny gill	RNB
fairytale|pointer sisters	POP,RNB,ELECTRONIC
faithfully|journey	POP,ROCK
faithful|go west	POP,ROCK,ELECTRONIC
faith|george michael	POP,ELECTRONIC
fake friends|joan jett and the blackhearts	ROCK
fake it|seether	ROCK,HIP_HOP,METAL
fake love|bts	POP
fake love|drake	POP,HIP_HOP
fall at your feet|crowded house	POP,ROCK,ELECTRONIC
fall down|toad the wet sprocket	POP,ROCK
fall in love again|eddie money	POP,ROCK,COUNTRY,FOLK
fall in love with me|bettye swann	RNB
fall in love with me|earth wind and fire	RNB,ELECTRONIC
fall on me|r e m	POP,ROCK
fall to pieces|velvet revolver	ROCK,METAL
fallen angel|frankie valli	POP,FOLK
fallen angel|poison	ROCK,METAL
fallen|mya	POP,HIP_HOP,RNB
fallen|sarah mclachlan	POP,ROCK,FOLK
falling apart at the seams|marmalade	POP,ROCK,FOLK
falling down|selena gomez and the scene	POP
falling in love again|michael stanley band	POP,ROCK
falling in love at a coffee shop|landon pigg	POP
falling in love is hard on the knees|aerosmith	ROCK
falling in love uh oh|miami sound machine	POP
falling slowly|swell season glen hansard and marketa irglova	POP,ROCK,FOLK
falling to pieces|faith no more	ROCK,HIP_HOP,RNB,METAL
falling|montell jordan	POP,HIP_HOP,RNB
falls apart|sugar ray	POP,ROCK,PUNK,METAL
falls on me|fuel	POP,ROCK,HIP_HOP,METAL
fall|clay walker	COUNTRY
fall|eminem	HIP_HOP,RNB
false alarm|weeknd	POP,HIP_HOP,RNB
false prophets|j cole	HIP_HOP
falsetto|dream	POP,HIP_HOP,RNB
fame|irene cara	POP,ELECTRONIC
family affair|mary j blige	POP,HIP_HOP,RNB
family affair|sly and the family stone	POP,ROCK,RNB,ELECTRONIC,FOLK
family man|craig campbell	COUNTRY
family man|daryl hall john oates	POP,ROCK,FOLK
family of man|three dog night	POP,ROCK,RNB,COUNTRY,FOLK
family portrait|p nk	POP
famous in a small town|miranda lambert	COUNTRY
famous last words|my chemical romance	PUNK,EMO
famous|21 savage	HIP_HOP
famous|kanye west	HIP_HOP
famous|mason ramsey	COUNTRY
fancy dancer|commodores	POP,RNB,ELECTRONIC
fancy|bobbie gentry	POP,COUNTRY,FOLK
fancy|drake featuring t i and swizz beatz	POP,HIP_HOP
fanny be tender with my love|bee gees	POP,ELECTRONIC
fantastic voyage|coolio	HIP_HOP,RNB
fantastic voyage|lakeside	RNB,ELECTRONIC
fantasy girl|38 special	POP,ROCK,COUNTRY,FOLK
fantasy|aldo nova	ROCK,METAL
fantasy|earth wind and fire	RNB,ELECTRONIC
fantasy|mariah carey	POP,RNB
far away|marsha ambrosius	POP,RNB
far away|nickelback	ROCK,METAL
far behind|candlebox	POP,ROCK,METAL
far from over|frank stallone	POP
far from yours|o c featuring yvette michele	HIP_HOP,PUNK
farewell andromeda welcome to my morning|john denver	POP,FOLK
farewell my summer love|michael jackson	POP
farther on down the road|joe simon	RNB
fashion|david bowie	ROCK,ELECTRONIC,PUNK
fast as you|dwight yoakam	COUNTRY
fast car|tracy chapman	POP,FOLK
fast lane|bad meets evil	HIP_HOP
fast life|kool g rap	HIP_HOP,PUNK
faster|matt nathanson	POP,ROCK
fastest girl in town|miranda lambert	COUNTRY
fast|luke bryan	COUNTRY
fat lip|sum 41	ROCK,PUNK,METAL
father figure|george michael	POP,ELECTRONIC
father of girls|perry como	POP,JAZZ
father of mine|everclear	POP,ROCK,PUNK,METAL
father stretch my hands pt 1|kanye west	HIP_HOP
father|ll cool j	POP,HIP_HOP,RNB,PUNK
fat|weird al yankovic	POP,ROCK
favorite girl|justin bieber	POP
favorite waste of time|bette midler	POP
fearless|taylor swift	POP
fear|kendrick lamar	HIP_HOP
fear|lily allen	POP
feed me dope|future	POP,HIP_HOP
feed the tree|belly	POP,ROCK
feedback|kanye west	HIP_HOP
feel again|onerepublic	POP,ROCK,HIP_HOP
feel good inc|gorillaz	POP,HIP_HOP
feel it again|honeymoon suite	POP,ROCK,METAL
feel it boy|beenie man featuring janet	ELECTRONIC,POP,RNB
feel it still|portugal the man	POP,ROCK
feel like a number|bob seger and the silver bullet band	POP,ROCK,FOLK
feel like making love|bob james	RNB,JAZZ
feel me flow|naughty by nature	HIP_HOP,PUNK
feel no ways|drake	POP,HIP_HOP
feel so good|mase	POP,HIP_HOP,RNB,PUNK
feel that fire|dierks bentley	COUNTRY
feel the beat everybody disco|ohio players	RNB,ELECTRONIC
feel the girl|ms jade	POP
feel the love|kids see ghosts	HIP_HOP
feel the music|planet soul featuring brenda dee	ELECTRONIC
feel the need|detroit emeralds	RNB
feel the need|leif garrett	POP
feeling is gone|bobby bland	RNB
feeling is right|clarence carter	RNB
feelings of forever|tiffany	POP
feelings|walter jackson	RNB
feels good|tony toni tone	POP,HIP_HOP,RNB
feels just like it should|pat green	COUNTRY
feels like love|vince gill	COUNTRY
feels like summer|childish gambino	POP,HIP_HOP
feels like the first time|foreigner	POP,ROCK
feels like tonight|daughtry	POP,ROCK,METAL
feels so good|chuck mangione	JAZZ
feels so good|van halen	ROCK,METAL
feels so good|xscape	POP,HIP_HOP,RNB
feels so right|alabama	COUNTRY
feel|kendrick lamar	HIP_HOP
felices los 4|maluma	LATIN
feliz navidad|jose feliciano	LATIN
fell for you|dramatics	RNB,ELECTRONIC
felt good on my lips|tim mcgraw	COUNTRY
female|keith urban	COUNTRY
fencewalk|mandrill	RNB,LATIN
fergalicious|fergie	POP,HIP_HOP
fernando|abba	POP
ferris wheel|everly brothers	POP,ROCK,FOLK
ferry cross the mersey|gerry and the pacemakers	POP,ROCK,FOLK
fever|black keys	ROCK,RNB,PUNK
fever|mccoys	POP,ROCK,FOLK
few and far between|10 000 maniacs	POP,ELECTRONIC,FOLK
fez|steely dan	POP,ROCK,RNB,FOLK
ffun|confunkshun	RNB,ELECTRONIC
fiddle around|jan and dean	POP,ROCK,RNB,FOLK
fidelity|regina spektor	POP,ROCK,FOLK,CLASSICAL
fields of fire|big country	POP,ROCK,ELECTRONIC
fields of gold|sting	POP,ROCK
fields of gray|bruce hornsby	POP,ROCK,FOLK
fifteen years ago|conway twitty	COUNTRY
fifteen|taylor swift	POP
fight fire with fire|kansas	POP,ROCK
fight for you|jason derulo	POP,HIP_HOP
fight night|migos	POP,HIP_HOP
fight song|rachel platten	POP
fighter|christina aguilera	POP
figured you out|nickelback	ROCK,METAL
fill me in|craig david	POP,RNB,ELECTRONIC
filthy|justin timberlake	POP
final countdown|europe	ROCK,METAL
final fantasy|drake	POP,HIP_HOP
finally|cece peniston	ELECTRONIC
finally|t g sheppard	COUNTRY
find a way|a tribe called quest	HIP_HOP,PUNK
find a way|amy grant	ROCK
find a way|dwele	RNB
find my way back home|nashville teens	ROCK
find out who your friends are|tracy lawrence	COUNTRY
find your love|drake	POP,HIP_HOP
find your way back|jefferson starship	POP,ROCK,COUNTRY,FOLK
finding my way back|jaheim	POP,RNB
fine again|seether	ROCK,HIP_HOP,METAL
fine by me|andy grammer	POP
fine china|chris brown	POP,HIP_HOP,RNB
fine china|future and juice wrld	POP,HIP_HOP
finer things|steve winwood	POP,ROCK,ELECTRONIC,FOLK
finesse|drake	POP,HIP_HOP
finest|s o s band	RNB,ELECTRONIC
finish what ya started|van halen	ROCK,METAL
fins|jimmy buffett	POP,FOLK
fire and desire|drake	POP,HIP_HOP
fire and ice|pat benatar	POP,ROCK,ELECTRONIC
fire and rain|james taylor	POP,ROCK,FOLK
fire and rain|johnny rivers and friends	POP,ROCK,FOLK
fire and water|wilson pickett	POP,ROCK,RNB,ELECTRONIC,FOLK
fire burning|sean kingston	POP,HIP_HOP,RNB
fire escape|fastball	POP,ROCK
fire flame|birdman featuring lil wayne	POP,HIP_HOP
fire in the morning|melissa manchester	POP
fire in the sky|dirt band	POP,COUNTRY,FOLK
fire lake|bob seger	POP,ROCK,FOLK
fire n gold|bea miller	POP
fire on the mountain|marshall tucker band	POP,ROCK,RNB,COUNTRY,FOLK
fire woman|cult	ROCK,ELECTRONIC,METAL
firecracker|josh turner	COUNTRY
firecracker|mass production	RNB,ELECTRONIC
fireflies|owl city	POP
firestarter|prodigy	ELECTRONIC,PUNK
fireworks|drake featuring alicia keys	POP,RNB,HIP_HOP
firework|katy perry	POP
fire|bruce springsteen	POP,ROCK,FOLK
fire|crazy world of arthur brown	ROCK
fire|kids see ghosts	HIP_HOP
fire|ohio players	RNB,ELECTRONIC
fire|pointer sisters	POP,RNB,ELECTRONIC
first cut is the deepest|rod stewart	POP,ROCK
first cut is the deepest|sheryl crow	POP,ROCK,FOLK
first dance|justin bieber featuring usher	POP,HIP_HOP,RNB
first day out|kodak black	HIP_HOP
first day out|tee grizzley	HIP_HOP
first hymn from grand terrace|mark lindsay	POP
first i look at the purse|contours	POP,RNB
first kiss|kid rock	ROCK,METAL
first love|jennifer lopez	POP,HIP_HOP,RNB
first night|monica	POP,HIP_HOP,RNB
first night|survivor	POP,ROCK
first of may|bee gees	POP,ELECTRONIC
first of the year equinox|skrillex	ELECTRONIC
first time ever i saw your face|roberta flack	POP,RNB,ELECTRONIC,JAZZ,FOLK
first time|kygo and ellie goulding	POP,ELECTRONIC
first time|lifehouse	POP,ROCK,METAL
first time|surface	POP,RNB
fishnet|morris day	RNB,ELECTRONIC
fish|craig campbell	COUNTRY
fistful of tears|maxwell	POP,RNB
five more minutes|scotty mccreery	COUNTRY
fix a drink|chris janson	COUNTRY
fix a heart|demi lovato	POP
fix you|coldplay	POP,ROCK
fixer|pearl jam	ROCK
fix|chris lane	COUNTRY
flake|jack johnson	POP
flame|cheap trick	POP,ROCK,ELECTRONIC,METAL
flaming youth|kiss	ROCK,METAL
flamingo|herb alpert and the tijuana brass	POP
flap your wings|nelly	POP,HIP_HOP
flash light|parliament	RNB,ELECTRONIC
flashdance what a feeling|irene cara	POP,ELECTRONIC
flathead|fratellis	ROCK,PUNK
flava in ya ear|craig mack	POP,HIP_HOP,PUNK
flavor of the weak|american hi fi	POP,PUNK
flesh and blood|johnny cash	COUNTRY
flesh for fantasy|billy idol	POP,ROCK,ELECTRONIC
flex ooh ooh ooh|rich homie quan	HIP_HOP
flexicution|logic	HIP_HOP
flex|mad cobra	ELECTRONIC
flicka da wrist|chedda da connect	HIP_HOP
flipside|freeway featuring peedi crakk	HIP_HOP,PUNK
float on|floaters	RNB
float on|modest mouse	POP,ROCK,FOLK
flood|jars of clay	ROCK
flow joe|fat joe	POP,HIP_HOP,PUNK
flowers on the wall|eric heatherly	COUNTRY
flowers on the wall|statler brothers	COUNTRY
flowers|emotions	POP,RNB,ELECTRONIC
floy joy|supremes	POP,RNB,ELECTRONIC,FOLK
fly at night|chilliwack	ROCK
fly away|5 seconds of summer	POP
fly away|blackfoot	ROCK,RNB,COUNTRY
fly away|john denver	POP,FOLK
fly away|lenny kravitz	POP,ROCK
fly away|peter allen	ROCK
fly like an eagle|steve miller	POP,ROCK,RNB,FOLK
fly like me|chingy featuring amerie	POP,HIP_HOP,RNB
fly me to the moon in other words|tony bennett	POP,JAZZ
fly me to the moon|lavern baker	POP,ROCK,RNB
fly on the wall|miley cyrus	POP
fly over states|jason aldean	COUNTRY
fly robin fly|silver convention	ELECTRONIC
fly the angel song|wilkinsons	COUNTRY
fly to the angels|slaughter	ROCK,METAL
fly with me|jonas brothers	POP
flyer|saga	ROCK
flying high|commodores	POP,RNB,ELECTRONIC
flying without wings|ruben studdard	RNB
fly|maddie and tae	COUNTRY
fly|u2	ROCK
fml|kanye west	HIP_HOP
focus|ariana grande	POP
focus|h e r	POP
foe life|mack 10	HIP_HOP,RNB,PUNK
foe tha love of|bone thugs n harmony featuring eazy e	HIP_HOP,RNB,PUNK
foggy mountain breakdown|flatt and scruggs	COUNTRY,FOLK
foldin clothes|j cole	HIP_HOP
follow me|uncle kracker	POP,ROCK,COUNTRY
follow your arrow|kacey musgraves	POP,COUNTRY
follow your daughter home|guess who	POP,ROCK,RNB,COUNTRY,FOLK
follow your heart|triumph	POP,ROCK,METAL
folsom prison blues|johnny cash	COUNTRY
fool for the city|foghat	POP,ROCK,RNB,COUNTRY
fool for your loving|whitesnake	ROCK,RNB,METAL
fool for you|impressions	POP,RNB
fool in the rain|led zeppelin	ROCK
fool me|joe south	POP,ROCK,FOLK
fool moon fire|walter egan	POP
fool that i am|rita coolidge	POP,FOLK
fool to cry|rolling stones	ROCK,PUNK
fooled around and fell in love|elvin bishop	ROCK,RNB,COUNTRY
fooled by a feeling|barbara mandrell	COUNTRY
fooling yourself the angry young man|styx	POP,ROCK
foolish beat|debbie gibson	POP
foolish heart|steve perry	POP,ROCK
foolish pride|daryl hall	POP
foolish|ashanti	POP,HIP_HOP,RNB
fools game|michael bolton	POP
foot fungus|ski mask the slump god	HIP_HOP
footloose|blake shelton	COUNTRY
footloose|kenny loggins	POP,ROCK
footprints|t o k	ELECTRONIC
fopp|ohio players	RNB,ELECTRONIC
for a little while|tim mcgraw	COUNTRY
for a rocker|jackson browne	POP,ROCK,COUNTRY,FOLK
for a while|mary macgregor	POP
for america|jackson browne	POP,ROCK,COUNTRY,FOLK
for emily whenever i may find her|simon and garfunkel	POP,ROCK,FOLK
for her|chris lane	COUNTRY
for ladies only|steppenwolf	POP,ROCK,RNB,FOLK
for mama|jerry vale	POP,JAZZ,CLASSICAL
for once in my life|jackie wilson	POP,ROCK,RNB
for once in my life|stevie wonder	RNB
for once in my life|tony bennett	RNB,POP,JAZZ
for real|lil uzi vert	HIP_HOP
for the cool in you|babyface	POP,RNB
for the first time|darius rucker	POP,COUNTRY
for the first time|script	POP,ROCK
for the good times|ray price	COUNTRY
for the love of ivy|mamas and the papas	POP,ROCK,FOLK
for the love of money|bulletboys	ROCK,METAL
for the love of you|jordan hill	POP
for whom the bell tolls|j cole	HIP_HOP
for you and i|10cc	POP,ROCK,ELECTRONIC,FOLK
for you and your denial|yellowcard	POP,ROCK,PUNK,EMO
for you i will confidence|teddy geiger	POP
for your entertainment|adam lambert	POP
for your eyes only|sheena easton	POP,ROCK
for your love|peaches and herb	RNB,ELECTRONIC
for your love|stevie wonder	RNB
for your love|yardbirds	ROCK,RNB,FOLK
for your mind|robbie nevil	POP
for your precious love|garnet mimms and the enchanters	RNB
for your precious love|jackie wilson and count basie	POP,ROCK,RNB,JAZZ
for your precious love|jerry butler	POP,RNB,ELECTRONIC
for your precious love|oscar toney jr	RNB
for your sweet love|cascades	POP,ROCK,RNB
for you|keith urban	COUNTRY
for you|kenny lattimore	RNB
for you|michael w smith	ROCK
for you|outfield	POP,ROCK
for you|rick nelson	POP,ROCK,RNB,COUNTRY,FOLK
for you|staind	ROCK,HIP_HOP,METAL
foreign|trey songz	POP,HIP_HOP,RNB
forever and always|taylor swift	POP
forever and for always|shania twain	POP,COUNTRY
forever autumn|justin hayward	POP,ROCK
forever came today|diana ross and the supremes	POP,RNB
forever came today|jackson 5	RNB
forever in blue jeans|neil diamond	POP,ROCK,FOLK
forever in love|kenny g	JAZZ
forever in your eyes|mint condition	POP,RNB
forever live and die|orchestral manoeuvres in the dark	POP,ROCK,ELECTRONIC
forever lovers|mac davis	POP,COUNTRY
forever my lady|jodeci	POP,HIP_HOP,RNB
forever young|alphaville	POP,ROCK,ELECTRONIC
forever young|rod stewart	POP,ROCK
forever your girl|paula abdul	POP
forever|chris brown	POP,HIP_HOP,RNB
forever|drake featuring kanye west lil wayne and eminem	POP,HIP_HOP,RNB
forever|kenny loggins	POP,ROCK
forever|kiss	ROCK,METAL
forever|papa roach	ROCK,HIP_HOP,PUNK,METAL
forget domani|connie francis	POP,ROCK,RNB
forget him|bobby rydell	POP,ROCK,RNB
forget me nots|patrice rushen	RNB,ELECTRONIC
forget me not|bad english	ROCK,METAL
forget me not|martha reeves and the vandellas	POP,ROCK,RNB,ELECTRONIC
forgive|rebecca lynn howard	COUNTRY
forgot about dre|dr dre featuring eminem	HIP_HOP,RNB
formation|beyonce	POP,RNB
forthenight|musiq	POP,HIP_HOP,RNB
fortress around your heart|sting	POP,ROCK
fortunate son|creedence clearwater revival	ROCK
fortunate|maxwell	POP,RNB
found a cure|ashford and simpson	RNB,ELECTRONIC
found out about you|gin blossoms	POP,ROCK
found you|kane brown	COUNTRY
four leaf clover|abra moore	POP,FOLK
four little diamonds|electric light orchestra	POP,ROCK,FOLK
four strong winds|bobby bare	COUNTRY
fox hunt|herb alpert and the tijuana brass	POP
fox on the run|manfred mann	POP,ROCK,RNB,FOLK
fox on the run|sweet	POP,ROCK,RNB
foxey lady|jimi hendrix	ROCK,RNB
foxy lady|crown heights affair	ELECTRONIC
francene|zz top	ROCK,RNB,METAL
frankenstein|edgar winter group	POP,ROCK,RNB,COUNTRY
frankie and johnny|elvis presley	ROCK
frankie|sister sledge	POP,RNB,ELECTRONIC
freak a zoid|midnight star	RNB,ELECTRONIC
freak like me|adina howard	POP,RNB
freak me|silk	POP,HIP_HOP,RNB
freakit|das efx	HIP_HOP,PUNK
freakshow on the dance floor|bar kays	POP,RNB,ELECTRONIC
freaky gurl|gucci mane	POP,HIP_HOP
freddie feelgood and his funky little five piece band|ray stevens	POP,COUNTRY
frederick|patti smith group	POP,ROCK,ELECTRONIC,PUNK,FOLK
free again|barbra streisand	POP,ELECTRONIC,SOUNDTRACK
free and easy down the road i go|dierks bentley	COUNTRY
free bird|lynyrd skynyrd	POP,ROCK,RNB,COUNTRY
free electric band|albert hammond	POP
free man in paris|joni mitchell	POP,ROCK,FOLK
free me|roger daltrey	ROCK
free ride|edgar winter group	POP,ROCK,RNB,COUNTRY
free ride|tavares	RNB,ELECTRONIC
free smoke|drake	POP,HIP_HOP
free spirit|atlanta rhythm section	POP,ROCK,RNB,COUNTRY,FOLK
free the people|delaney and bonnie and friends	ROCK,RNB,COUNTRY
free to carry on|sandpipers	POP
free your mind|en vogue	POP,RNB
free yourself|fantasia	POP,RNB,HIP_HOP
freedom blues|little richard	POP,ROCK,RNB
freedom for the stallion|hues corporation	ELECTRONIC
freedom overspill|steve winwood	POP,ROCK,ELECTRONIC,FOLK
freedom|isley brothers	RNB,ELECTRONIC
freedom|jimi hendrix	ROCK,RNB
freedom|paul mccartney	POP,ROCK,FOLK
freedom|pointer sisters	POP,RNB,ELECTRONIC
freedom|wham	POP,ROCK,RNB,ELECTRONIC
freeee ghost town pt 2|kids see ghosts	HIP_HOP,POP
freek a leek|petey pablo	POP,HIP_HOP
freeway of love|aretha franklin	RNB
freeze frame|j geils band	POP,ROCK,RNB,COUNTRY,FOLK
freeze|t pain featuring chris brown	POP,HIP_HOP,RNB
free|deniece williams	RNB,ELECTRONIC
free|mya	POP,HIP_HOP,RNB
free|ultra nate	ELECTRONIC
free|zac brown band	COUNTRY
french kiss|lil louis	ELECTRONIC
fresh air|quicksilver messenger service	ROCK,RNB,COUNTRY,FOLK
fresh as a daisy|emitt rhodes	POP,ROCK,COUNTRY,FOLK
fresh eyes|andy grammer	POP
freshmen|verve pipe	POP,ROCK
fresh|kool and the gang	RNB,ELECTRONIC
frick park market|mac miller	HIP_HOP
friday night|eric paslay	COUNTRY
friday on my mind|easybeats	POP,ROCK,PUNK,FOLK
friday|rebecca black	POP
friend of mine|bill withers	POP
friend of mine|kelly price	POP,RNB
friends in love|dionne warwick and johnny mathis	POP,RNB,ELECTRONIC,JAZZ
friends of p|rentals	POP,ROCK
friends with you|john denver	POP,FOLK
friendship train|gladys knight and the pips	POP,RNB,ELECTRONIC
friends|carters	POP,RNB
friends|john michael montgomery	COUNTRY
friends|marshmello and anne marie	ELECTRONIC,POP
frisky|sly and the family stone	POP,ROCK,RNB,ELECTRONIC,FOLK
from a distance|bette midler	POP
from a table away|sunny sweeney	COUNTRY,FOLK
from a window|chad and jeremy	POP,ROCK,FOLK
from both sides now|dion	POP,ROCK,RNB
from graceland to the promised land|merle haggard	COUNTRY
from his woman to you|barbara mason	RNB
from tha chuuuch to da palace|snoop dogg	HIP_HOP,RNB,POP
from the beginning|emerson lake and palmer	ROCK,JAZZ
from the bottom of my broken heart|britney spears	POP
from the bottom of my heart i love you|moody blues	POP,ROCK,FOLK
from the ground up|dan shay	COUNTRY
from the teacher to the preacher|gene chandler and barbara acklin	POP,RNB
from this moment on|shania twain	POP,COUNTRY
from where you are|lifehouse	POP,ROCK,METAL
front page story|neil diamond	POP,ROCK,FOLK
frozen|madonna	POP
fu gee la|fugees	HIP_HOP
full moon|brandy	POP,HIP_HOP,RNB
full of fire|al green	RNB
full time thing between dusk and dawn|whirlwind	ROCK
fun fun fun|beach boys	POP,ROCK,FOLK,CLASSICAL
fun time|joe cocker	POP,ROCK,RNB,FOLK
function at the junction|shorty long	RNB
funhouse|p nk	POP
funk 49|james gang	POP,ROCK,RNB,COUNTRY,FOLK
funk factory|wilson pickett	POP,ROCK,RNB,ELECTRONIC,FOLK
funkdafied|da brat	POP,HIP_HOP,RNB
funkorama|redman	HIP_HOP,PUNK
funky broadway|wilson pickett	POP,ROCK,RNB,ELECTRONIC,FOLK
funky child|lords of the underground	HIP_HOP,PUNK
funky cold medina|tone loc	HIP_HOP,ELECTRONIC
funky donkey|pretty purdie	RNB,JAZZ
funky fever|clarence carter	RNB
funky music sho nuff turns me on|edwin starr	RNB
funky party|clarence reid	RNB
funky street|arthur conley	POP,RNB
funky stuff|kool and the gang	RNB,ELECTRONIC
funky weekend|stylistics	POP,RNB,ELECTRONIC
funky worm|ohio players	RNB,ELECTRONIC
funkytown|lipps inc	ELECTRONIC
funniest thing|dennis yost and the classics iv	POP,ROCK,FOLK
funny face|donna fargo	COUNTRY
funny familiar forgotten feelings|tom jones	POP,ROCK
funny feeling|delfonics	RNB,ELECTRONIC
funny girl|barbra streisand	POP,ELECTRONIC,SOUNDTRACK
funny how time flies|intro	RNB
funny how time slips away|dorothy moore	RNB
funny how time slips away|spinners	RNB,ELECTRONIC
funny the way it is|dave matthews band	POP,ROCK
furthest thing|drake	POP,HIP_HOP
future shock|curtis mayfield	RNB,ELECTRONIC
g h e t t o u t|changing faces	POP,RNB
g t o|ronny and the daytonas	POP,ROCK
g u y|lady gaga	POP
gal yuh ah lead|t o k	ELECTRONIC
galaxy|war	RNB
galileo|indigo girls	POP,FOLK
gallery|mario vazquez	RNB
galveston|glen campbell	POP,COUNTRY,FOLK
galveston|roger williams	POP
galway girl|ed sheeran	POP
gambler|kenny rogers	POP,COUNTRY
game of love|wayne fontana and the mindbenders	POP,ROCK
games people play|alan parsons project	POP,ROCK
games people play|joe south	POP,ROCK,FOLK
games that lovers play|eddie fisher	POP
games we play|pusha t	HIP_HOP
games without frontiers|peter gabriel	POP,ROCK
games|chuckii booker	RNB
games|luke bryan	COUNTRY
games|phoebe snow	RNB,FOLK
gang gang|migos	POP,HIP_HOP
gangs back again|kool and the gang	RNB,ELECTRONIC
gangsta bitch|apache	HIP_HOP
gangsta girl|big tymers featuring r kelly	HIP_HOP
gangsta luv|snoop dogg featuring the dream	POP,HIP_HOP,RNB
gangsta nation|westside connection featuring nate dogg	HIP_HOP,RNB,PUNK
gangstas make the world go round|westside connection	HIP_HOP,RNB,PUNK
gangsta|kehlani	POP,RNB
gap|thompson twins	POP,ROCK,ELECTRONIC
garden in the rain|vic dana	POP
garden party|herb alpert	POP,JAZZ
gasolina|daddy yankee	POP,HIP_HOP,LATIN
gee|pixies three	POP
gemini dream|moody blues	POP,ROCK,FOLK
genie in a bottle|christina aguilera	POP
genius of love|tom tom club	POP,ROCK,ELECTRONIC,PUNK
gentle on my mind|aretha franklin	RNB
gentle on my mind|glen campbell	COUNTRY
georgia on my mind|michael bolton	POP
georgia on my mind|righteous brothers	POP,ROCK,RNB,FOLK
georgia on my mind|wes montgomery	RNB,JAZZ
georgia on my mind|willie nelson	COUNTRY,FOLK
georgia rain|trisha yearwood	COUNTRY
georgia rhythm|atlanta rhythm section	POP,ROCK,RNB,COUNTRY,FOLK
georgia|carolyn dawn johnson	COUNTRY
georgy girl|seekers	POP,ROCK,FOLK
georgy porgy|toto	POP,ROCK
geronimo|sheppard	POP,ROCK
get a leg up|john mellencamp	POP,ROCK,FOLK
get a life|soul ii soul	RNB,ELECTRONIC
get a move on|eddie money	POP,ROCK,COUNTRY,FOLK
get along|kenny chesney	COUNTRY
get at me dog|dmx featuring sheek of the lox	HIP_HOP,PUNK
get away|bobby brown	POP,HIP_HOP,RNB
get back|demi lovato	POP
get back|ludacris	POP,HIP_HOP
get buck in here|dj felli fel featuring diddy akon ludacris and lil jon	POP,HIP_HOP,RNB
get buck|young buck	HIP_HOP,PUNK
get busy|sean paul	POP,ELECTRONIC
get by|talib kweli	HIP_HOP,PUNK
get closer|linda ronstadt	POP,ROCK,COUNTRY,FOLK
get down get down get on the floor|joe simon	RNB
get down on it|kool and the gang	RNB,ELECTRONIC
get down tonight|kc and the sunshine band	POP,RNB,ELECTRONIC
get down|craig mack	POP,HIP_HOP,PUNK
get down|curtis mayfield	RNB,ELECTRONIC
get down|gene chandler	POP,RNB
get drunk and be somebody|toby keith	COUNTRY
get her back|robin thicke	POP,RNB
get here|oleta adams	RNB
get into something|isley brothers	RNB,ELECTRONIC
get it on tonite|montell jordan	POP,HIP_HOP,RNB
get it on|kingdom come	ROCK,METAL
get it right next time|gerry rafferty	POP,ROCK,COUNTRY,FOLK
get it right|aretha franklin	RNB
get it shawty|lloyd	HIP_HOP,POP,RNB
get it together|702	POP,HIP_HOP,RNB
get it together|jackson 5	RNB
get it up|ronnie milsap	COUNTRY
get it wet|twista	POP,HIP_HOP
get it while you can|janis joplin	ROCK,RNB,FOLK
get it|stevie wonder and michael jackson	RNB,POP
get lifted|keith murray	HIP_HOP,PUNK
get like me|david banner featuring chris brown	HIP_HOP,POP,RNB
get me bodied|beyonce	POP,RNB
get me some of that|thomas rhett	COUNTRY
get me to the world on time|electric prunes	POP,ROCK,PUNK,FOLK
get money|junior m a f i a featuring the notorious b i g	POP,HIP_HOP,PUNK
get my drink on|toby keith	COUNTRY
get off my back woman|b b king	ROCK,RNB
get off|foxy	RNB,ELECTRONIC
get on up|esquires	RNB
get on up|jodeci	POP,HIP_HOP,RNB
get on your boots|u2	ROCK
get on your feet|gloria estefan	POP,LATIN
get out now|tommy james and the shondells	POP,ROCK,FOLK
get out of my life woman|lee dorsey	ROCK,RNB
get outta my dreams get into my car|billy ocean	POP,ROCK,RNB,ELECTRONIC
get over it|eagles	POP,ROCK,FOLK
get ready to bounce|brooklyn bounce	ELECTRONIC
get ready|rare earth	ROCK,RNB
get ready|temptations	RNB
get rhythm|johnny cash	COUNTRY
get right witcha|migos	POP,HIP_HOP
get right|jennifer lopez	POP,HIP_HOP,RNB
get silly|v i c	HIP_HOP
get that love|thompson twins	POP,ROCK,ELECTRONIC
get the cream off the top|eddie kendricks	RNB,ELECTRONIC
get the funk out ma face|brothers johnson	RNB,ELECTRONIC
get the message|brian hyland	POP,ROCK,RNB,FOLK
get the party started|p nk	POP
get together|youngbloods	POP,ROCK,COUNTRY,FOLK
get ugly|jason derulo	POP,HIP_HOP
get up 10|cardi b	POP,HIP_HOP
get up and get down|dramatics	RNB,ELECTRONIC
get up before the night is over|technotronic	POP,ELECTRONIC
get up get into it get involved pt 1|james brown	RNB
get up offa that thing|james brown	RNB
get up on it|keith sweat featuring kut klose	POP,RNB
get up|50 cent	HIP_HOP
get up|amel larrieux	RNB
get up|ciara featuring chamillionaire	HIP_HOP,POP,RNB
get used to it|justin bieber	POP
get used to it|roger voudouris	POP
get with u|lidell townsell and m t f	ELECTRONIC
get your shine on|florida georgia line	COUNTRY
getaway|earth wind and fire	RNB,ELECTRONIC
getcha back|beach boys	POP,ROCK,FOLK,CLASSICAL
getting away with it|electronic	POP,ROCK,ELECTRONIC
getting away with murder|papa roach	ROCK,HIP_HOP,PUNK,METAL
getting mighty crowded|betty everett	POP,RNB
ghetto child|spinners	RNB,ELECTRONIC
ghetto cowboy|mo thugs family featuring bone thugs n harmony	HIP_HOP
ghetto girls|lil bow wow	POP,HIP_HOP,RNB
ghetto love|da brat featuring t boz	POP,HIP_HOP,RNB
ghetto woman|b b king	ROCK,RNB
ghetto|akon	POP,HIP_HOP
ghetto|too hort	HIP_HOP
ghost in you|psychedelic furs	POP,ROCK,ELECTRONIC,PUNK
ghost of you|my chemical romance	PUNK,EMO
ghost riders in the sky|outlaws	POP,ROCK,RNB,COUNTRY,FOLK
ghost town|adam lambert	POP
ghost town|cheap trick	POP,ROCK,ELECTRONIC,METAL
ghostbusters|ray parker jr	RNB,ELECTRONIC
ghosts that we knew|mumford and sons	POP,ROCK,FOLK
ghost|ella henderson	POP,ELECTRONIC
giddyup go|red sovine	COUNTRY
gimme all your lovin|zz top	ROCK,RNB,METAL
gimme little sign|brenton wood	RNB
gimme more|britney spears	POP
gimme shelter|grand funk railroad	POP,ROCK,RNB,FOLK
gimme shelter|merry clayton	RNB
gimme some love|gina g	POP,ELECTRONIC
gimme the light|sean paul	POP,ELECTRONIC
gimme your money please|bachman turner overdrive	POP,ROCK,RNB,COUNTRY,FOLK
gimmie that girl|joe nichols	COUNTRY
ginza|j balvin	LATIN
girl all the bad guys want|bowling for soup	POP,ROCK,PUNK
girl crush|little big town	COUNTRY
girl from ipanema|stan getz astrud gilberto	JAZZ,LATIN,POP
girl i knew somewhere|monkees	POP,ROCK,FOLK
girl i need you|artistics	RNB
girl i used to know|brother beyond	POP
girl in a country song|maddie and tae	COUNTRY
girl like you|jason aldean	COUNTRY
girl most likely|jeannie c riley	COUNTRY
girl next door|musiq soulchild featuring ayana	POP,HIP_HOP,RNB
girl of my dreams|bram tchaikovsky	POP,ROCK
girl on a swing|gerry and the pacemakers	POP,ROCK,FOLK
girl on the billboard|del reeves	COUNTRY
girl on tv|lfo	POP
girl who loved me when|glass bottle featuring gary criss	ELECTRONIC
girl why you wanna make me blue|temptations	RNB
girl with the hungry eyes|jefferson starship	POP,ROCK,COUNTRY,FOLK
girl you captivate me|question mark and the mysterians	POP,ROCK,PUNK
girlfight|brooke valentine featuring lil jon and big boi	HIP_HOP,POP,RNB
girlfriend|avril lavigne	POP
girlfriend|b2k	POP,HIP_HOP,RNB
girlfriend|bobby brown	POP,HIP_HOP,RNB
girls and boys|blur	POP,ROCK,ELECTRONIC
girls and boys|good charlotte	POP,ROCK,PUNK,METAL
girls are more fun|ray parker jr	POP,RNB,ELECTRONIC
girls chase boys|ingrid michaelson	POP,ROCK,FOLK
girls dem sugar|beenie man featuring mya	ELECTRONIC
girls girls girls|jay z	HIP_HOP
girls girls girls|motley crue	ROCK,METAL
girls grow up faster than boys|cookies	POP
girls in love|gary lewis and the playboys	POP,ROCK,FOLK
girls in their summer clothes|bruce springsteen	POP,ROCK,FOLK
girls just want to have fun|cyndi lauper	POP,ROCK,ELECTRONIC
girls lie too|terri clark	COUNTRY
girls talk|dave edmunds	POP,ROCK,RNB
girls will be girls boys will be boys|isley brothers	RNB,ELECTRONIC
girls|dwight twilley	POP
girls|major lance	POP,RNB
girl|beck	POP,ROCK,FOLK
girl|paul wall	HIP_HOP
gitarzan|ray stevens	POP,COUNTRY
give a damn|spanky and our gang	POP,ROCK,FOLK
give a little bit more|cliff richard	POP,ROCK
give a little bit|goo goo dolls	POP,ROCK
give a little bit|supertramp	POP,ROCK,FOLK
give a little more|maroon 5	POP
give all your love to me|gerry and the pacemakers	POP,ROCK,FOLK
give everybody some|bar kays	POP,RNB,ELECTRONIC
give him a great big kiss|shangri las	POP
give ireland back to the irish|wings	POP,ROCK,FOLK
give it 2 me|madonna	POP
give it 2 you|da brat	POP,HIP_HOP,RNB
give it all we got tonight|george strait	COUNTRY
give it all you got|chuck mangione	JAZZ
give it away|chi lites	RNB,ELECTRONIC
give it away|george strait	COUNTRY
give it away|red hot chili peppers	ROCK,RNB,METAL
give it to her|tanto metro and devonte	ELECTRONIC
give it to me baby|rick james	RNB,ELECTRONIC
give it to me good|trixter	ROCK,METAL
give it to me|j geils band	POP,ROCK,RNB,COUNTRY,FOLK
give it to the people|righteous brothers	POP,ROCK,RNB,FOLK
give it to you|martha wash	ELECTRONIC
give it up or turnit a loose|james brown	RNB
give it up turn it loose|en vogue	POP,RNB
give it up turn it loose|tyrone davis	RNB
give it up|kc	POP,RNB,ELECTRONIC
give it up|public enemy	HIP_HOP,PUNK
give it up|wilson phillips	POP
give it up|zz top	ROCK,RNB,METAL
give me all night|carly simon	POP,FOLK
give me back my hometown|eric church	COUNTRY
give me just one night una noche|98 degrees	POP
give me love give me peace on earth|george harrison	POP,ROCK,FOLK
give me one more chance|wilmer and the dukes	JAZZ
give me one reason|tracy chapman	POP,FOLK
give me that|webbie featuring bun b	HIP_HOP
give me the night|george benson	POP,RNB,ELECTRONIC,JAZZ
give me the reason|luther vandross	RNB
give me time|dusty springfield	POP,ROCK,RNB,FOLK
give me tonight|shannon	ELECTRONIC
give me your love|barbara mason	HIP_HOP,RNB
give me you|mary j blige	POP,HIP_HOP,RNB
give my love a try|linda jones	RNB
give peace a chance|plastic ono band	ROCK
give to live|sammy hagar	POP,ROCK,METAL
give us your blessings|shangri las	POP
give you what you want fa sure|chico debarge	RNB
give your baby a standing ovation|dells	RNB,ELECTRONIC
give your heart a break|demi lovato	POP
given to fly|pearl jam	ROCK
given up|linkin park	ROCK,METAL
gives you hell|all american rejects	POP,ROCK,PUNK
giving him something he can feel|en vogue	POP,RNB
giving it all away|roger daltrey	ROCK
giving it up for your love|delbert mcclinton	ROCK,RNB,COUNTRY
giving up on love|jerry butler	POP,RNB,ELECTRONIC
giving up|donny hathaway	RNB,JAZZ
giving up|gladys knight and the pips	POP,RNB,ELECTRONIC
giving you the benefit|pebbles	RNB
giving you the best that i got|anita baker	RNB,JAZZ
glad all over|dave clark five	POP,ROCK,FOLK
glad to be unhappy|mamas and the papas	POP,ROCK,FOLK
glad you came|wanted	POP
glamorous life|sheila e	RNB
glamorous|fergie featuring ludacris	POP,HIP_HOP
glamour boys|living colour	ROCK,HIP_HOP,RNB,METAL
glasshouse|temptations	RNB
glass|thompson square	COUNTRY
glitter in the air|p nk	POP
global|lil baby	HIP_HOP
globe|big audio	POP,ROCK,ELECTRONIC,PUNK
gloria|doors	ROCK
gloria|enchantment	RNB
gloria|laura branigan	POP,ROCK,ELECTRONIC
gloria|shadows of knight	POP,ROCK,PUNK
gloria|them	POP,ROCK,RNB,PUNK,FOLK
glory and gore|lorde	POP
glory bound|grass roots	POP,ROCK,RNB,COUNTRY,FOLK
glory days|bruce springsteen	POP,ROCK,FOLK
glory glory|rascals	POP
glory of love|dells	RNB,ELECTRONIC
glory of love|otis redding	RNB
glycerine|bush	POP
go ahead and cry|righteous brothers	POP,ROCK,RNB,FOLK
go all the way|raspberries	POP,ROCK
go away from my world|marianne faithfull	POP,ROCK,FOLK
go away little girl|donny osmond	POP,SOUNDTRACK
go away little girl|happenings	POP,ROCK
go away|lorrie morgan	COUNTRY
go down easy|dan fogelberg	POP,ROCK,COUNTRY,FOLK
go flex|post malone	POP,HIP_HOP
go for soda|kim mitchell	ROCK
go get it|t i	POP,HIP_HOP
go getta|young jeezy featuring r kelly	HIP_HOP
go girl|ciara featuring t pain	POP,HIP_HOP,RNB
go girl|pitbull featuring trina and young bo	POP,HIP_HOP,LATIN,RNB
go go girl|lee dorsey	ROCK,RNB
go hard|dj khaled featuring kanye west and t pain	POP,HIP_HOP
go home|stevie wonder	RNB
go insane|lindsey buckingham	POP,ROCK
go now|moody blues	POP,ROCK,FOLK
go on girl|ne yo	POP,HIP_HOP,RNB
go on|george strait	COUNTRY
go see the doctor|kool moe dee	HIP_HOP,RNB,ELECTRONIC,PUNK
go where you wanna go|5th dimension	POP,RNB,FOLK
go with me|gene and debbe	POP
go your own way|fleetwood mac	POP,ROCK
god bless the child|shania twain	POP,COUNTRY
god bless the usa|lee greenwood	COUNTRY
god bless whoever sent you|originals	RNB
god blessed texas|little texas	COUNTRY
god gave me you|blake shelton	COUNTRY
god is a woman|ariana grande	POP
god knows i love you|nancy sinatra	POP,FOLK
god love her|toby keith	COUNTRY
god made girls|raelynn	COUNTRY
god must be busy|brooks and dunn	COUNTRY
god only knows|beach boys	POP,ROCK,FOLK,CLASSICAL
god|kendrick lamar	HIP_HOP
god|tori amos	POP,ROCK,FOLK
going back to cali|notorious b i g	HIP_HOP,PUNK
going back to louisiana|bruce channel	ROCK
going down slowly|pointer sisters	POP,RNB,ELECTRONIC
going down|xxxtentacion	HIP_HOP,EMO
going going gone|brook benton	POP,ROCK,RNB
going in circles|friends of distinction	RNB
going in with my eyes open|david soul	POP
going nowhere|los bravos	POP,FOLK
going on|gnarls barkley	HIP_HOP,RNB
going through the motions|hot chocolate	POP,RNB,ELECTRONIC
going to a go go|miracles	POP,ROCK,RNB
going to the country|steve miller band	POP,ROCK,RNB,FOLK
going up the country|canned heat	POP,ROCK,RNB,FOLK
gold lion|yeah yeah yeahs	POP,ROCK,ELECTRONIC,PUNK
gold on the ceiling|black keys	ROCK,RNB,PUNK
goldfinger|billy strange	POP
goldfinger|shirley bassey	POP,JAZZ
goldmine|pointer sisters	POP,RNB,ELECTRONIC
gold|britt nicole	POP,ROCK,ELECTRONIC
gold|kiiara	POP,ELECTRONIC
gold|prince	RNB
gold|spandau ballet	POP,ROCK,ELECTRONIC
gone at last|paul simon phoebe snow	RNB,FOLK,POP,ROCK
gone crazy|alan jackson	COUNTRY
gone gone gone|everly brothers	POP,ROCK,FOLK
gone gone gone|phillip phillips	POP
gone long gone|chicago	POP,ROCK,FOLK
gone till november|wyclef jean	POP,HIP_HOP
gone too far|eddie rabbitt	POP,COUNTRY
gone|montgomery gentry	COUNTRY
gonna fly now|bill conti	SOUNDTRACK
gonna get along without you now|skeeter davis	POP,COUNTRY
gonna know we were here|jason aldean	COUNTRY
gonna love you more|george benson	POP,RNB,ELECTRONIC,JAZZ
gonna make you sweat everybody dance now|c c music factory	ELECTRONIC
gonna wanna tonight|chase rice	COUNTRY
gonna|blake shelton	COUNTRY
gonorrhea|lil wayne featuring drake	POP,HIP_HOP
good clean fun|monkees	POP,ROCK,FOLK
good combination|sonny and cher	POP,ROCK,FOLK
good directions|billy currington	COUNTRY
good enough to be your wife|jeannie c riley	COUNTRY
good enough|bobby brown	POP,HIP_HOP,RNB
good enough|sarah mclachlan	POP,ROCK,FOLK
good feeling|flo rida	POP,HIP_HOP,ELECTRONIC
good for me|amy grant	ROCK
good friends|joni mitchell	POP,ROCK,FOLK
good friend|mary macgregor	POP
good girls|5 seconds of summer	POP
good girl|carrie underwood	POP,COUNTRY
good girl|dustin lynch	COUNTRY
good golly miss molly|swinging blue jeans	POP,ROCK,FOLK
good guys only win in the movies|mel and tim	RNB
good heart|starship	POP,ROCK,ELECTRONIC
good is good|sheryl crow	POP,ROCK,FOLK
good kisser|usher	POP,HIP_HOP,RNB
good life|inner city	ELECTRONIC,PUNK
good life|kanye west featuring t pain	POP,HIP_HOP,RNB
good life|onerepublic	POP,ROCK,HIP_HOP
good little girls|blue county	COUNTRY
good lord loves you|neil diamond	POP,ROCK,FOLK
good luck charm|jagged edge	POP,HIP_HOP,RNB
good morning beautiful|steve holy	COUNTRY
good morning heartache|diana ross	POP,RNB,ELECTRONIC
good morning judge|10cc	POP,ROCK,ELECTRONIC,FOLK
good morning starshine|oliver	ELECTRONIC
good morning|chamillionaire	HIP_HOP
good music|joan jett and the blackhearts	ROCK
good stuff|b 52s	POP,ROCK,ELECTRONIC,PUNK
good stuff|kenny chesney	COUNTRY
good thing|fine young cannibals	POP,ROCK,ELECTRONIC
good thing|paul revere and the raiders featuring mark lindsay	POP,ROCK,PUNK,FOLK
good time charlie|bobby bland	RNB
good time girl|nancy sinatra	POP,FOLK
good time music|beau brummels	POP,ROCK,COUNTRY,FOLK
good time sally|rare earth	ROCK,RNB
good times roll|cars	POP,ROCK,ELECTRONIC,FOLK
good times|chic	RNB,ELECTRONIC
good times|edie brickell	POP,FOLK
good times|jerry butler	POP,RNB,ELECTRONIC
good times|sam cooke	POP,ROCK,RNB
good times|styles	HIP_HOP,PUNK
good time|alan jackson	COUNTRY
good to be alive hallelujah|andy grammer	POP
good vibrations|beach boys	POP,ROCK,FOLK,CLASSICAL
good vibrations|marky mark and the funky bunch featuring loleatta holloway	RNB,ELECTRONIC
good vibrations|todd rundgren	POP,ROCK,RNB,COUNTRY,FOLK
goodbye again|john denver	POP,FOLK
goodbye baby baby goodbye|solomon burke	RNB,JAZZ
goodbye columbus|association	POP,ROCK,FOLK
goodbye earl|dixie chicks	COUNTRY
goodbye for now|p o d	ROCK,HIP_HOP,METAL
goodbye girl|david gates	POP
goodbye in her eyes|zac brown band	COUNTRY
goodbye is forever|arcadia	POP,ROCK,ELECTRONIC
goodbye my friend|engelbert humperdinck	POP
goodbye my lover|james blunt	POP
goodbye my love|james brown	RNB
goodbye stranger|supertramp	POP,ROCK,FOLK
goodbye time|blake shelton	COUNTRY
goodbye to love|carpenters	POP,FOLK
goodbye to my homies|master p featuring silkk the shocker sons of funk and mo b dick	HIP_HOP
goodbye to you|michelle branch	POP
goodbye to you|scandal featuring patty smyth	POP
goodbye town|lady antebellum	POP,COUNTRY
goodbye|jagged edge	POP,HIP_HOP,RNB
goodbye|kristinia debarge	POP
goodbye|night ranger	POP,ROCK,METAL
goodbye|spice girls	POP
goodbye|tevin campbell	POP,RNB
goodnight kiss|randy houser	COUNTRY
goodnight my love|ben e king	POP,ROCK,RNB
goodnight my love|happenings	POP,ROCK
goodnight n go|ariana grande	POP
goodnight saigon|billy joel	POP,ROCK,FOLK
goodnight tonight|wings	POP,ROCK,FOLK
goodnight|roy orbison	POP,ROCK,FOLK
goody two shoes|adam ant	POP,ROCK,ELECTRONIC
good|better than ezra	POP,ROCK
goofus|carpenters	POP,FOLK
goosebumps|travis scott	POP,HIP_HOP
gorgeous|taylor swift	POP
gorilla|bruno mars	POP
got a hold on me|christine mcvie	POP
got a love for you|jomanda	ELECTRONIC
got beef|snoop dogg presents tha eastsidaz featuring jayo felony and blaqthoven	HIP_HOP,RNB
got it made|crosby stills nash and young	POP,ROCK,RNB,FOLK
got it twisted|mobb deep	HIP_HOP,PUNK
got me going|day26	POP,RNB
got me waiting|heavy d and the boyz	POP,HIP_HOP,RNB,ELECTRONIC,PUNK
got my country on|chris cagle	COUNTRY
got some teeth|obie trice	HIP_HOP,PUNK
got to be real|cheryl lynn	RNB,ELECTRONIC
got to be there|chaka khan	POP,RNB,ELECTRONIC
got to be there|michael jackson	POP
got to get it|sisqo featuring make it hot	POP,HIP_HOP,RNB
got to get you into my life|blood sweat and tears	POP,ROCK,RNB,COUNTRY,FOLK
got to get you into my life|earth wind and fire	RNB,ELECTRONIC
got to get you off my mind|solomon burke	RNB,JAZZ
got to have loving|don ray	ELECTRONIC
got to have you back|isley brothers	RNB,ELECTRONIC
got to have your love|mantronix featuring wondress	HIP_HOP,ELECTRONIC
got to love somebody|sister sledge	POP,RNB,ELECTRONIC
got ur self a|nas	HIP_HOP,PUNK
got what you need|fantastic johnny c	RNB
got your back|t i featuring keri hilson	POP,HIP_HOP,RNB
gots ta be|b2k	POP,HIP_HOP,RNB
gotta be somebody|nickelback	ROCK,METAL
gotta find a way|moments	RNB,ELECTRONIC
gotta get back to you|tommy james and the shondells	POP,ROCK,FOLK
gotta get mine|m c breed	HIP_HOP
gotta get you home tonight|eugene wilde	RNB,ELECTRONIC
gotta go|trey songz	POP,HIP_HOP,RNB
gotta have more love|climax blues band	POP,ROCK,RNB,COUNTRY
gotta have your love|sapphires	RNB
gotta hold on to this feeling|jr walker and the all stars	POP,RNB
gotta man|eve	POP,HIP_HOP,RNB
gotta see jane|r dean taylor	POP,RNB
gotta serve somebody|bob dylan	POP,ROCK,FOLK
gotta tell you|samantha mumba	POP,ELECTRONIC
gotti|6ix9ine	EMO
go|asia	POP,ROCK
go|common	HIP_HOP,RNB,PUNK
grace kelly|mika	POP
graceland|paul simon	POP,ROCK,FOLK
graduation friends forever|vitamin c	POP
grapevyne|brownstone	POP,RNB
gravity|james brown	RNB
gravity|john mayer	POP,FOLK
grazing in the grass|friends of distinction	RNB
grazing in the grass|hugh masekela	POP,JAZZ
grease|frankie valli	POP,FOLK
greasy heart|jefferson airplane	ROCK,RNB,FOLK
great airplane strike|paul revere and the raiders featuring mark lindsay	POP,ROCK,PUNK,FOLK
great beyond|r e m	POP,ROCK
great commandment|camouflage	POP,ROCK
great escape|boys like girls	POP,PUNK,EMO
greatest love of all|george benson	POP,RNB,ELECTRONIC,JAZZ
greatest love of all|whitney houston	POP
greatest love story|lanco	COUNTRY
greatest love|dorsey burnette	ROCK
greatest romance ever sold|prince	RNB
greatest show|hugh jackman keala settle zac efron zendaya and the greatest showman ensemble	SOUNDTRACK,POP
greatest|eminem	HIP_HOP,RNB
green eyed lady|sugarloaf	POP,ROCK
green grass starts to grow|dionne warwick	POP,RNB,ELECTRONIC
green grass|gary lewis and the playboys	POP,ROCK,FOLK
green green grass of home|tom jones	POP,ROCK
green light|lorde	POP
green river|creedence clearwater revival	ROCK
green tambourine|lemon pipers	POP,ROCK,FOLK
greenwood mississippi|little richard	POP,ROCK,RNB
greetings this is uncle sam|monitors	RNB
grenade|bruno mars	POP
grim reaper of love|turtles	POP,ROCK,FOLK
grind with me|pretty ricky	POP,HIP_HOP,RNB
grizzly bear|youngbloods	POP,ROCK,COUNTRY,FOLK
groove is in the heart|deee lite	ELECTRONIC
groove line|heatwave	RNB,ELECTRONIC
groove me|king floyd	RNB
groove thang|zhane	POP,RNB
groovy people|lou rawls	POP,RNB,ELECTRONIC,JAZZ
groovy situation|gene chandler	POP,RNB
groovy summertime|love generation	POP
groovy train|farm	POP
growing pains|alessia cara	POP,RNB
guantanamera|sandpipers	POP
guap|big sean	POP,HIP_HOP
guardian angel|xxxtentacion	HIP_HOP,EMO
gucci gang|lil pump	HIP_HOP,EMO
guerrilla radio|rage against the machine	ROCK,HIP_HOP,METAL
guilty|al green	RNB
guitar man|bread	POP,COUNTRY,FOLK
guitar man|elvis presley	ROCK
gummo|6ix9ine	EMO
gunpowder and lead|miranda lambert	COUNTRY
guns for hire|ac dc	ROCK
guns guns guns|guess who	POP,ROCK,RNB,COUNTRY,FOLK
guys do it all the time|mindy mccready	COUNTRY
guys like me|eric church	COUNTRY
guys my age|hey violet	POP
gyalchester|drake	POP,HIP_HOP
gypsy man|war	RNB
gypsy road|cinderella	ROCK,METAL
gypsy woman|brian hyland	POP,ROCK,RNB,FOLK
gypsys tramps and thieves|cher	POP,SOUNDTRACK
gypsy|fleetwood mac	POP,ROCK
gypsy|shakira	POP,LATIN
h a p p y radio|edwin starr	RNB
h o l y|florida georgia line	COUNTRY
ha cha cha funktion|brass construction	RNB,ELECTRONIC
ha ha said the clown|yardbirds	ROCK,RNB,FOLK
habits stay high|tove lo	POP,ELECTRONIC
had a dream sleeping with the enemy|roger hodgson	ROCK
hail hail rock and roll|starland vocal band	POP
hail to the king|avenged sevenfold	ROCK,METAL
hair|cowsills	POP,ROCK,FOLK
hair|lady gaga	POP
half a million miles from home|albert hammond	POP
half breed|cher	POP,SOUNDTRACK
half of my heart|john mayer	POP,FOLK
half the way|crystal gayle	POP,COUNTRY
halfcrazy|musiq	POP,HIP_HOP,RNB
halfway gone|lifehouse	POP,ROCK,METAL
halfway off the balcony|big sean	POP,HIP_HOP
halfway there|big time rush	POP
halfway to paradise|bobby vinton	POP,ROCK,RNB
halleluiah man|love and money	ROCK
hallelujah day|jackson 5	RNB
hallelujah vancouver winter 2010 version|k d lang	POP,ROCK,COUNTRY,FOLK
hallelujah|kate voegele	POP
hallelujah|leonard cohen	POP,ROCK,FOLK
hallelujah|lindsey stirling	POP
hallelujah|panic at the disco	ROCK,PUNK,EMO,CLASSICAL
hallways of my mind|dells	RNB,ELECTRONIC
halo|beyonce	POP,RNB
hand clapping song|meters	RNB
hand me down world|guess who	POP,ROCK,RNB,COUNTRY,FOLK
hand that feeds|nine inch nails	ROCK,ELECTRONIC,PUNK,METAL
hand to hold on to|john cougar	POP,ROCK,FOLK
handbags and gladrags|rod stewart	POP,ROCK
handclap|fitz and the tantrums	POP,ROCK
handle with care|traveling wilburys	POP,ROCK,RNB,FOLK
handlebars|flobots	HIP_HOP
hands across the sea|modern english	POP,ROCK,ELECTRONIC
hands clean|alanis morissette	POP,ROCK,FOLK
hands of a working man|ty herndon	COUNTRY
hands on the radio|henry lee summer	ROCK
hands tied|scandal featuring patty smyth	POP
hands to myself|selena gomez	POP
hands up|lloyd banks featuring 50 cent	HIP_HOP,PUNK
handsome and wealthy|migos	POP,HIP_HOP
hands|jewel	POP,ROCK,PUNK,FOLK
handy man|del shannon	POP,ROCK,RNB,FOLK
handy man|james taylor	POP,ROCK,FOLK
hang fire|rolling stones	ROCK,PUNK
hang in long enough|phil collins	POP
hang loose|mandrill	RNB,LATIN
hang on in there baby|johnny bristol	RNB,ELECTRONIC
hang on now|kajagoogoo	POP,ROCK,ELECTRONIC
hang on sloopy|mccoys	POP,ROCK,FOLK
hang on sloopy|ramsey lewis trio	RNB
hang on sloopy|rick derringer	ROCK,RNB
hang on to your life|guess who	POP,ROCK,RNB,COUNTRY,FOLK
hanginaround|counting crows	POP,ROCK,FOLK
hanging by a moment|lifehouse	POP,ROCK,METAL
hanky panky|madonna	POP
hanky panky|tommy james and the shondells	POP,ROCK,FOLK
happenings ten years time ago|yardbirds	ROCK,RNB,FOLK
happening|herb alpert and the tijuana brass	POP
happening|supremes	POP,RNB,ELECTRONIC,FOLK
happier than the morning sun|b j thomas	POP,FOLK
happier|ed sheeran	POP
happier|paul anka	POP,ROCK
happiest girl in the whole u s a|donna fargo	COUNTRY
happily ever after|case	POP,HIP_HOP,RNB
happiness is just around the bend|main ingredient	RNB,ELECTRONIC
happiness|pointer sisters	POP,RNB,ELECTRONIC
happy anniversary|little river band	POP,ROCK,COUNTRY,FOLK
happy days|silk	POP,HIP_HOP,RNB
happy ending|joe jackson	POP,ROCK,ELECTRONIC,FOLK
happy girls|helen reddy	POP,FOLK
happy heart|andy williams	POP,JAZZ,CLASSICAL
happy heart|petula clark	POP,ROCK,FOLK
happy hour|deodato	RNB,JAZZ,LATIN
happy jack|who	POP,ROCK,PUNK,FOLK
happy little pill|troye sivan	POP
happy man|greg kihn band	ROCK
happy music|blackbyrds	RNB,ELECTRONIC
happy people|temptations	RNB
happy song dum dum|otis redding	RNB
happy summer days|ronnie dove	POP
happy together a fantasy|captain and tennille	POP,ELECTRONIC,FOLK
happy together|turtles	POP,ROCK,FOLK
happy xmas war is over|fray	POP,ROCK
happy|ashanti	POP,HIP_HOP,RNB
happy|eddie kendricks	RNB,ELECTRONIC
happy|leona lewis	POP,RNB
happy|mudvayne	ROCK,HIP_HOP,METAL
happy|nancy sinatra	POP,FOLK
happy|paul anka	POP,ROCK
happy|rolling stones	ROCK,PUNK
happy|surface	POP,RNB
hard habit to break|chicago	POP,ROCK,FOLK
hard knock life ghetto anthem|jay z	HIP_HOP
hard luck woman|kiss	ROCK,METAL
hard rock cafe|carole king	POP,ROCK,FOLK
hard times for lovers|judy collins	POP,FOLK
hard times|boz scaggs	POP,ROCK,COUNTRY,FOLK
hard times|james taylor	POP,ROCK,FOLK
hard times|paramore	POP,PUNK,EMO
hard to handle|black crowes	POP,ROCK,RNB
hard to handle|otis redding	RNB
hard to handle|patti drew	RNB
hard to love|lee brice	COUNTRY
hard to say|dan fogelberg	POP,ROCK,COUNTRY,FOLK
hard work|john handy	JAZZ
harden my heart|quarterflash	POP,ROCK
harder to breathe|maroon 5	POP
hardest part of breaking up is getting back your stuff|2gether	POP
hardest part|blondie	POP,ROCK,ELECTRONIC
hardest thing|98 degrees	POP
harlem shake|baauer	HIP_HOP,ELECTRONIC
harlem shuffle|bob and earl	RNB
harlem shuffle|rolling stones	ROCK,PUNK
harper valley p t a|jeannie c riley	COUNTRY
harry hippie|bobby womack and peace	RNB,ELECTRONIC
harry truman|chicago	POP,ROCK,FOLK
has anyone ever written anything for you|stevie nicks	POP,ROCK
hat 2 da back|tlc	POP,HIP_HOP,RNB
hate it or love it|game featuring 50 cent	HIP_HOP
hate me|blue october	POP,ROCK,METAL
hate to say i told you so|hives	ROCK,ELECTRONIC,PUNK
haunted|taylor swift	POP
havana|kenny g	JAZZ
have a heart|bonnie raitt	POP,ROCK,RNB,FOLK
have a little faith|david houston	COUNTRY
have a nice day|bon jovi	ROCK,METAL
have i never|a few good men	RNB
have i stayed away too long|bobby bare	COUNTRY
have i the right|honeycombs	POP,ROCK
have i told you lately|rod stewart	POP,ROCK
have it all|jason mraz	POP
have mercy baby|james brown and the famous flames	RNB
have you ever loved somebody|freddie jackson	RNB,ELECTRONIC
have you ever loved somebody|searchers	POP,ROCK,FOLK
have you ever needed someone so bad|def leppard	ROCK,METAL
have you ever really loved a woman|bryan adams	POP,ROCK,FOLK
have you ever|brandy	POP,HIP_HOP,RNB
have you forgotten|darryl worley	COUNTRY
have you looked into your heart|jerry vale	POP,JAZZ,CLASSICAL
have you never been mellow|olivia newton john	POP,ELECTRONIC,SOUNDTRACK
have you seen her face|byrds	POP,ROCK,RNB,COUNTRY,FOLK
have you seen her|chi lites	RNB,ELECTRONIC
have yourself a merry little christmas|sam smith	POP
hawaii five o|ventures	ROCK
hay|crucial conflict	HIP_HOP
hazard|richard marx	POP,ROCK
hazy shade of winter|bangles	POP,ROCK,ELECTRONIC
ha|juvenile	POP,HIP_HOP
he called me baby|candi staton	RNB,ELECTRONIC
he called me baby|ella washington	RNB
he could be the one|hannah montana	POP
he cried|shangri las	POP
he gets that from me|reba mcentire	COUNTRY
he got you|ronnie milsap	COUNTRY
he is|heather headley	RNB
he loves me all the way|tammy wynette	COUNTRY
he made a woman out of me|bobbie gentry	POP,COUNTRY,FOLK
he said she said|ashley tisdale	POP
he says the same things to me|skeeter davis	POP,COUNTRY
he touched me|barbra streisand	POP,ELECTRONIC,SOUNDTRACK
he walks like a man|jody miller	COUNTRY
he wants my body|starpoint	RNB,ELECTRONIC
he will break your heart|righteous brothers	POP,ROCK,RNB,FOLK
head above water|avril lavigne	POP
head first|babys	POP,ROCK
head games|foreigner	POP,ROCK
head over boots|jon pardi	COUNTRY
head over heels|tears for fears	POP,ROCK,ELECTRONIC
head to toe|lisa lisa and cult jam	RNB,ELECTRONIC
headed for a heartbreak|winger	ROCK,METAL
headed for the future|neil diamond	POP,ROCK,FOLK
headfirst slide into cooperstown on a bad bet|fall out boy	ROCK,PUNK,EMO
headline news|edwin starr	RNB
headlines friendship never ends|spice girls	POP
headlines|drake	POP,HIP_HOP
headsprung|ll cool j	POP,HIP_HOP,RNB,PUNK
headstrong|trapt	ROCK,HIP_HOP,METAL
heal the world|michael jackson	POP
healing hands|elton john	POP,ROCK
heard it all before|sunshine anderson	POP,RNB
heard it in a love song|marshall tucker band	POP,ROCK,RNB,COUNTRY,FOLK
hearsay|soul children	RNB
heart and soul|huey lewis and the news	POP,ROCK,ELECTRONIC,FOLK
heart and soul|monkees	POP,ROCK,FOLK
heart attack|demi lovato	POP
heart attack|enrique iglesias	POP,LATIN
heart attack|olivia newton john	POP,ROCK
heart attack|trey songz	POP,HIP_HOP,RNB
heart full of soul|yardbirds	ROCK,RNB,FOLK
heart hotels|dan fogelberg	POP,ROCK,COUNTRY,FOLK
heart is not so smart|el debarge with debarge	RNB,ELECTRONIC
heart like a wheel|human league	POP,ROCK,ELECTRONIC
heart like mine|miranda lambert	COUNTRY
heart of dixie|danielle bradbery	COUNTRY
heart of glass|blondie	POP,ROCK,ELECTRONIC
heart of gold|neil young	POP,ROCK,FOLK
heart of mine|boz scaggs	POP,ROCK,COUNTRY,FOLK
heart of rock and roll|huey lewis and the news	POP,ROCK,ELECTRONIC,FOLK
heart of stone|cher	POP,SOUNDTRACK
heart of stone|rolling stones	RNB
heart of stone|taylor dayne	POP,ELECTRONIC
heart of the matter|don henley	POP,ROCK,FOLK
heart of the night|juice newton	POP,COUNTRY
heart of the night|poco	POP,ROCK,COUNTRY,FOLK
heart on my sleeve|bryan ferry	POP,ROCK,ELECTRONIC
heart on my sleeve|gallagher and lyle	POP
heart part 4|kendrick lamar	HIP_HOP
heart to heart|kenny loggins	POP,ROCK
heart turns to stone|foreigner	POP,ROCK
heart wants what it wants|selena gomez	POP
heartache all over the world|elton john	POP,ROCK
heartache on the dance floor|jon pardi	COUNTRY
heartaches by the number|johnny tillotson	POP,ROCK,RNB
heartbeat song|kelly clarkson	POP
heartbeat|carrie underwood	POP,COUNTRY
heartbeat|fray	POP,ROCK
heartbreak beat|psychedelic furs	POP,ROCK,ELECTRONIC,PUNK
heartbreak road|bill withers	RNB
heartbreak station|cinderella	ROCK,METAL
heartbreak warfare|john mayer	POP,FOLK
heartbreaker|dionne warwick	POP,RNB,ELECTRONIC
heartbreaker|dolly parton	COUNTRY
heartbreaker|grand funk railroad	POP,ROCK,RNB,FOLK
heartbreaker|justin bieber	POP
heartbreaker|pat benatar	POP,ROCK,ELECTRONIC
heartbroken bopper|guess who	POP,ROCK,RNB,COUNTRY,FOLK
heartless|fray	POP,ROCK
heartless|heart	PUNK,EMO,METAL
heartless|kanye west	HIP_HOP
heartless|kris allen	POP,ROCK
heartlight|neil diamond	POP,ROCK,FOLK
hearts away|night ranger	POP,ROCK,METAL
hearts filthy lesson|david bowie	ROCK,ELECTRONIC,PUNK
hearts on fire|bryan adams	POP,ROCK,FOLK
hearts on fire|randy meisner	POP
hearts on fire|steve winwood	POP,ROCK,ELECTRONIC,FOLK
heartspark dollarsign|everclear	POP,ROCK,PUNK,METAL
hearts|marty balin	POP
heart|neneh cherry	POP,RNB
heat of heat|patti austin	POP,RNB,JAZZ
heat of the moment|after 7	RNB
heat of the moment|asia	POP,ROCK
heat of the night|bryan adams	POP,ROCK,FOLK
heathens|twenty one pilots	ROCK,PUNK
heather honey|tommy roe	POP,ROCK,FOLK
heaven help us all|stevie wonder	RNB
heaven in the back seat|eddie money	POP,ROCK,COUNTRY,FOLK
heaven in your eyes|loverboy	POP,ROCK,METAL
heaven is a 4 letter word|bad english	ROCK,METAL
heaven is a place on earth|belinda carlisle	POP,ROCK,ELECTRONIC
heaven knows|grass roots	POP,ROCK,RNB,COUNTRY,FOLK
heaven knows|luther vandross	RNB
heaven knows|when in rome	POP,ROCK,ELECTRONIC
heaven must be there|eurogliders	ROCK
heaven must have sent you|bonnie pointer	ELECTRONIC
heaven must have sent you|elgins	POP,RNB
heaven sent|keyshia cole	POP,HIP_HOP,RNB
heavenly|temptations	RNB
heaven|bryan adams	POP,ROCK,FOLK
heaven|kane brown	COUNTRY
heaven|nu flavor	POP
heaven|rascals	POP
heaven|warrant	ROCK,METAL
heavy heart|meek mill	POP,HIP_HOP
heavy love|david ruffin	RNB,ELECTRONIC
heavy makes you happy sha na boom boom|staple singers	RNB
heavy|collective soul	POP,ROCK,METAL
helium|sia	POP,ELECTRONIC
hell breaks loose|eminem featuring dr dre	HIP_HOP,RNB
hell cat|bellamy brothers	COUNTRY
hell of a night|dustin lynch	COUNTRY
hell on heels|pistol annies	COUNTRY
hell on the heart|eric church	COUNTRY
hell on wheels|cher	POP,SOUNDTRACK
hell yeah|montgomery gentry	COUNTRY
hella good|no doubt	POP,ROCK
hello again|cars	POP,ROCK,ELECTRONIC,FOLK
hello dolly|bobby darin	POP,ROCK,RNB,JAZZ
hello dolly|louis armstrong and the all stars	POP,JAZZ
hello good morning|diddy dirty money featuring t i	POP,HIP_HOP
hello hello|sopwith camel	ROCK
hello i love you|doors	ROCK
hello kitty|avril lavigne	POP
hello old friend|eric clapton	POP,ROCK,RNB
hello pretty girl|ronnie dove	POP
hello world|lady antebellum	POP,COUNTRY
hello|adele	POP,RNB
hello|karmin	POP
hello|lionel richie	POP,RNB,ELECTRONIC
helluva life|frankie ballard	COUNTRY
helluva night|ludacris	POP,HIP_HOP
help is on the way|rise against	ROCK,HIP_HOP,PUNK,METAL
help me find a way to say i love you|little anthony and the imperials	POP,ROCK,RNB
help me get myself back together again|spellbinders	RNB
help me girl|eric burdon and the animals	ROCK,FOLK
help me make it through the night|gladys knight and the pips	POP,RNB,ELECTRONIC
help me make it through the night|joe simon	RNB
help me make it through the night|sammi smith	COUNTRY
help me rhonda|beach boys	POP,ROCK,FOLK,CLASSICAL
help me understand|trace adkins	COUNTRY
help me|joni mitchell	POP,ROCK,FOLK
help somebody|van zant	ROCK,COUNTRY
help the poor|b b king	ROCK,RNB,POP
help yourself|tom jones	POP,ROCK
help yourself|undisputed truth	RNB,ELECTRONIC
helpless|kim weston	RNB
hemorrhage in my hands|fuel	POP,ROCK,HIP_HOP,METAL
her diamonds|rob thomas	POP,ROCK
here and now|letters to cleo	POP,ROCK
here and now|luther vandross	RNB
here come the lords|lords of the underground	HIP_HOP,PUNK
here come those tears again|jackson browne	POP,ROCK,COUNTRY,FOLK
here comes heaven|eddy arnold	COUNTRY
here comes my baby|tremeloes	POP,ROCK,FOLK
here comes my girl|tom petty and the heartbreakers	POP,ROCK,FOLK
here comes santa claus right down santa claus lane|gene autry	POP,COUNTRY
here comes that rainy day feeling again|fortunes	POP,ROCK,FOLK
here comes the hammer|m c hammer	HIP_HOP,RNB,ELECTRONIC,LATIN
here comes the judge|shorty long	RNB
here comes the night|them	POP,ROCK,FOLK,RNB,PUNK
here comes the rain again|eurythmics	POP,ROCK,ELECTRONIC
here comes the rain baby|eddy arnold	COUNTRY
here comes the sun|richie havens	ROCK,FOLK
here for a good time|george strait	COUNTRY
here for the party|gretchen wilson	COUNTRY
here i am baby|marvelettes	POP,RNB
here i am come and take me|al green	RNB
here i am just when i thought i was over you|air supply	POP
here i am|dionne warwick	POP,RNB,ELECTRONIC
here i am|rick ross featuring nelly and avery storm	POP,HIP_HOP
here i go again|smokey robinson and the miracles	POP,ROCK,RNB
here in your arms|hellogoodbye	POP,ROCK,PUNK,EMO
here is gone|goo goo dolls	POP,ROCK
here it comes again|fortunes	POP,ROCK,FOLK
here it comes|mc serch	HIP_HOP,PUNK
here it goes again|ok go	POP,ROCK,PUNK
here she comes|bonnie tyler	POP,ELECTRONIC
here she comes|tymes	POP,RNB
here there and everywhere|emmylou harris	POP,ROCK,COUNTRY,FOLK
here to love you|doobie brothers	POP,ROCK,RNB,COUNTRY,FOLK
here to stay|korn	ROCK,HIP_HOP,METAL
here we are|gloria estefan	POP,LATIN
here we come|timbaland featuring missy misdemeanor elliott and magoo	POP,HIP_HOP,RNB
here we go again|aretha franklin	RNB
here we go again|demi lovato	POP
here we go again|nancy sinatra	POP,FOLK
here we go again|portrait	RNB
here with me|reo speedwagon	POP,ROCK,FOLK
here without you|3 doors down	POP,ROCK,PUNK,METAL
here you come again|dolly parton	COUNTRY
here|alessia cara	POP,RNB
hero heroine|boys like girls	POP,PUNK,EMO
hero of the day|metallica	ROCK,METAL
heroe favorito|romeo santos	LATIN
heroes and villains|beach boys	POP,ROCK,FOLK,CLASSICAL
heroes|commodores	POP,RNB,ELECTRONIC
hero|christopher wilde	POP
hero|enrique iglesias	POP,LATIN
hero|mariah carey	POP,RNB
hero|nas featuring keri hilson	HIP_HOP,PUNK,POP,RNB
hey baby|henry lee summer	ROCK
hey baby|j j cale	POP,ROCK,RNB,FOLK
hey baby|jose feliciano	LATIN
hey baby|ted nugent	ROCK,RNB,METAL
hey big brother|rare earth	ROCK,RNB
hey bobba needle|chubby checker	POP,ROCK,RNB
hey boy take a chance on love|ruby andrews	RNB
hey brother|avicii	POP,ELECTRONIC
hey deanie|shaun cassidy	POP
hey girl i like your style|temptations	RNB
hey girl|billy currington	COUNTRY
hey jealousy|gin blossoms	POP,ROCK
hey joe|cher	POP,SOUNDTRACK
hey joe|wilson pickett	POP,ROCK,RNB,ELECTRONIC,FOLK
hey jude|beatles	ROCK
hey jude|wilson pickett	POP,ROCK,RNB,ELECTRONIC,FOLK
hey ladies|beastie boys	ROCK,HIP_HOP
hey lawdy mama|steppenwolf	POP,ROCK,RNB,FOLK
hey little cobra|rip chords	ROCK
hey little one|glen campbell	POP,COUNTRY,FOLK
hey lover|ll cool j	POP,HIP_HOP,RNB,PUNK
hey love|stevie wonder	RNB
hey mama|black eyed peas	POP,HIP_HOP
hey man nice shot|filter	POP,ROCK,HIP_HOP,METAL
hey mister sun|bobby sherman	POP
hey mr d j|zhane	POP,RNB
hey nineteen|steely dan	POP,ROCK,RNB,FOLK
hey now girls just want to have fun|cyndi lauper	POP,ROCK,ELECTRONIC
hey now|lesley gore	POP,ROCK,RNB,FOLK
hey porsche|nelly	POP,HIP_HOP
hey pretty girl|kip moore	COUNTRY
hey soul sister|train	POP
hey st peter|flash and the pan	ROCK
hey stephen|taylor swift	POP
hey stoopid|alice cooper	ROCK,RNB,PUNK,METAL
hey there lonely girl|eddie holman	RNB
hey there lonely girl|robert john	POP
hey western union man|jerry butler	POP,RNB,ELECTRONIC
hey ya|outkast	HIP_HOP
hey you get off my mountain|dramatics	RNB,ELECTRONIC
hey you little boo ga loo|chubby checker	POP,ROCK,RNB
hey you love|mouth and macneal	POP
hey you|bachman turner overdrive	POP,ROCK,RNB,COUNTRY,FOLK
hey|lil jon featuring 3oh 3	POP,HIP_HOP,PUNK
hey|mitchel musso	POP
he|righteous brothers	POP,ROCK,RNB,FOLK
hi bich|bhad bhabie	POP,HIP_HOP
hi de ho|blood sweat and tears	POP,ROCK,RNB,COUNTRY,FOLK
hi heel sneakers|jose feliciano	LATIN
hi hi hi|wings	POP,ROCK,FOLK
hickory dick and doc|bobby vee	POP,ROCK,RNB,FOLK
hicktown|jason aldean	COUNTRY
hide away|daya	POP,ELECTRONIC
hide your heart|kiss	ROCK,METAL
hideaway|john sebastian	POP,FOLK
hideaway|kiesza	POP
high and dry|radiohead	ROCK
high by the beach|lana del rey	POP
high energy|evelyn thomas	ELECTRONIC
high enough|damn yankees	ROCK,METAL
high hopes|panic at the disco	ROCK,PUNK,EMO,CLASSICAL
high maintenance woman|toby keith	COUNTRY
high on emotion|chris de burgh	POP
high on love|knickerbockers	POP,ROCK
high on your love suite|rick james	RNB,ELECTRONIC
high on you|survivor	POP,ROCK
high out of time|carole king	POP,ROCK,FOLK
high school dance|sylvers	RNB,ELECTRONIC
high school never ends|bowling for soup	POP,ROCK,PUNK
high school nights|dave edmunds	POP,ROCK,RNB
high time|styx	POP,ROCK
higher ground|stevie wonder	RNB
higher love|steve winwood	POP,ROCK,ELECTRONIC,FOLK
higher plane|kool and the gang	RNB,ELECTRONIC
higher than hope|daryl braithwaite	POP,ROCK
higher we go intro|migos	POP,HIP_HOP
higher|creed	POP,ROCK,HIP_HOP,METAL
highway 20 ride|zac brown band	COUNTRY
highway song|blackfoot	ROCK,RNB,COUNTRY
highway to hell|ac dc	ROCK
high|cure	ROCK,ELECTRONIC
high|james blunt	POP
hill where the lord hides|chuck mangione	JAZZ
hillbilly deluxe|brooks and dunn	COUNTRY
hillbilly shoes|montgomery gentry	COUNTRY
hills|weeknd	POP,HIP_HOP,RNB
him|rupert holmes	POP
hip city pt 2|jr walker and the all stars	POP,RNB
hip hop hooray|naughty by nature	HIP_HOP,PUNK
hip hop is dead|nas featuring will i am	HIP_HOP,PUNK,POP
hip to be square|huey lewis and the news	POP,ROCK,ELECTRONIC,FOLK
hippy hippy shake|swinging blue jeans	POP,ROCK,FOLK
his kiss|betty harris	RNB
history in the making|darius rucker	POP,COUNTRY
history|one direction	POP
hit by love|cece peniston	ELECTRONIC
hit me off|new edition	POP,HIP_HOP,RNB
hit me with your best shot|pat benatar	POP,ROCK,ELECTRONIC
hit or miss|jacob sartorius	POP
hit that|offspring	ROCK,PUNK,METAL
hit the road jack|stampeders	ROCK
hitch it to the horse|fantastic johnny c	RNB
hitchcock railway|jose feliciano	LATIN
hittas|lil wayne	POP,HIP_HOP
ho hey|lumineers	POP,ROCK,FOLK
hocus pocus|focus	POP,ROCK,JAZZ
hoedown throwdown|miley cyrus	POP
hold back the night|trammps	RNB,ELECTRONIC
hold her tight|osmonds	POP
hold it against me|britney spears	POP
hold me now|thompson twins	POP,ROCK,ELECTRONIC
hold me tight|johnny nash	POP
hold me|brian mcknight featuring tone and kobe bryant	POP,RNB
hold me|fleetwood mac	POP,ROCK
hold me|menudo	LATIN
hold me|p j proby	POP,ROCK
hold me|sheila e	RNB
hold my hand|hootie and the blowfish	POP,ROCK
hold my hand|jess glynne	POP,ELECTRONIC
hold on loosely|38 special	POP,ROCK,COUNTRY,FOLK
hold on my heart|genesis	POP,ROCK
hold on tight|electric light orchestra	POP,ROCK,FOLK
hold on to me|john michael montgomery	COUNTRY
hold on to my love|jimmy ruffin	POP,RNB
hold on to the nights|richard marx	POP,ROCK
hold on|alabama shakes	POP,ROCK
hold on|en vogue	POP,RNB
hold on|good charlotte	POP,ROCK,PUNK,METAL
hold on|ian gomm	ROCK
hold on|jonas brothers	POP
hold on|kansas	POP,ROCK
hold on|radiants	RNB
hold on|rascals	POP
hold on|santana	ROCK,RNB
hold on|triumph	POP,ROCK,METAL
hold on|wild cherry	RNB,ELECTRONIC
hold on|wilson phillips	POP
hold the line|toto	POP,ROCK
hold tight|justin bieber	POP
hold tight|vicki sue robinson	ELECTRONIC
hold up my heart|brooke white	POP
hold up|beyonce	POP,RNB
hold you down|alchemist featuring prodigy illa ghee and nina sky	HIP_HOP,PUNK
hold you hold yuh|gyptian	HIP_HOP,ELECTRONIC
hold your head up|argent	POP,ROCK,RNB
holding back the years|simply red	POP,ROCK,RNB,ELECTRONIC
holding on when love is gone|l t d	RNB,ELECTRONIC
holding on|steve winwood	POP,ROCK,ELECTRONIC,FOLK
holding out for a hero|bonnie tyler	POP,ELECTRONIC
holding you down goin in circles|jazmine sullivan	POP,RNB
hole hearted|extreme	ROCK,METAL
hole in my soul|aerosmith	ROCK
hole in the head|sugababes	POP,RNB,ELECTRONIC
hole in the world|eagles	POP,ROCK,FOLK
holidae in|chingy featuring ludacris and snoop dogg	POP,HIP_HOP,RNB
holiday for clowns|brian hyland	POP,ROCK,RNB,FOLK
holiday|bee gees	POP,ELECTRONIC
holiday|green day	ROCK,PUNK
holiday|kool and the gang	RNB,ELECTRONIC
holiday|madonna	POP
holiday|nazareth	ROCK,RNB,METAL
holla holla|ja rule	POP,HIP_HOP,RNB
hollaback girl|gwen stefani	POP
holland road|mumford and sons	POP,ROCK,FOLK
holler back|lost trailers	COUNTRY
hollow|tori kelly	POP,HIP_HOP
holly holy|jr walker and the all stars	POP,RNB
holly holy|neil diamond	POP,ROCK,FOLK
hollywood nights|bob seger and the silver bullet band	POP,ROCK,FOLK
hollywood swinging|kool and the gang	RNB,ELECTRONIC
hollywood|boz scaggs	POP,ROCK,COUNTRY,FOLK
hollywood|michael buble	POP
hollywood|rufus featuring chaka khan	POP,RNB,ELECTRONIC
holy cow|lee dorsey	ROCK,RNB
holy water|bad company	POP,ROCK,RNB,FOLK
holy water|big and rich	COUNTRY
holyanna|toto	POP,ROCK
home and dry|gerry rafferty	POP,ROCK,COUNTRY,FOLK
home cookin|jr walker and the all stars	POP,RNB
home of the brave|jody miller	COUNTRY
home sweet home|motley crue	ROCK,METAL
home to you|john michael montgomery	COUNTRY
home tonight|aerosmith	ROCK
homeboy|eric church	COUNTRY
homecoming|hagood hardy	SOUNDTRACK
homegrown honey|darius rucker	POP,COUNTRY
homegrown|zac brown band	COUNTRY
homely girl|chi lites	RNB,ELECTRONIC
hometown girl|josh turner	COUNTRY
homeward bound|simon and garfunkel	POP,ROCK,FOLK
homewrecker|gretchen wilson	COUNTRY
home|blake shelton	COUNTRY
home|daughtry	POP,ROCK,METAL
home|depeche mode	POP,ROCK,ELECTRONIC
home|dierks bentley	COUNTRY
home|michael buble	POP
home|phillip phillips	POP
home|three days grace	ROCK,PUNK,METAL
honestly|cartel	POP,PUNK,EMO
honestly|stryper	ROCK,METAL
honesty write me a list|rodney atkins	COUNTRY
honesty|billy joel	POP,ROCK,FOLK
honest|chainsmokers	POP,ELECTRONIC
honest|future	POP,HIP_HOP
honey bee|blake shelton	COUNTRY
honey child|bad company	POP,ROCK,RNB,FOLK
honey chile|martha reeves and the vandellas	POP,ROCK,RNB,ELECTRONIC
honey come back|glen campbell	POP,COUNTRY,FOLK
honey honey|abba	POP
honey i|george mccrae	RNB,ELECTRONIC
honeythief|hipsway	ROCK,ELECTRONIC
honey|bobby goldsboro	POP,ROCK,COUNTRY,FOLK
honey|erykah badu	POP,HIP_HOP,RNB
honey|mariah carey	POP,RNB
honky cat|elton john	POP,ROCK
honky tonk badonkadonk|trace adkins	COUNTRY
honkytonk u|toby keith	COUNTRY
hood figga|gorilla zoe	HIP_HOP
hooka tooka|chubby checker	POP,ROCK,RNB
hooked on a feeling|b j thomas	POP,FOLK
hooked on a feeling|blue swede	POP
hooked on you|bread	POP,COUNTRY,FOLK
hooked on you|silk	POP,HIP_HOP,RNB
hooked|dylan scott	COUNTRY
hook|blues traveler	POP,ROCK,RNB
hooray for hazel|tommy roe	POP,ROCK,FOLK
hope of deliverance|paul mccartney	POP,ROCK,FOLK
hope she cheats on you with a basketball player|marsha ambrosius	POP,RNB
hope that we can be together soon|sharon paige and harold melvin and the blue notes	RNB,ELECTRONIC
hope you get lonely tonight|cole swindell	COUNTRY
hope you love me like you say you do|huey lewis and the news	POP,ROCK,ELECTRONIC,FOLK
hopeless wanderer|mumford and sons	POP,ROCK,FOLK
hopelessly|rick astley	POP,ROCK,ELECTRONIC
hope|twista featuring faith evans	POP,HIP_HOP,RNB
hope|xxxtentacion	HIP_HOP,EMO
horizontal bop|bob seger	POP,ROCK,FOLK
hot and wet|112 featuring ludacris	POP,HIP_HOP,RNB
hot blooded|foreigner	POP,ROCK
hot dawgit|ramsey lewis and earth wind and fire	RNB,ELECTRONIC,JAZZ
hot fun in the summertime|sly and the family stone	POP,ROCK,RNB,ELECTRONIC,FOLK
hot girls in love|loverboy	POP,ROCK,METAL
hot hot hot|cure	ROCK,ELECTRONIC
hot in herre|nelly	POP,HIP_HOP
hot in the city|billy idol	POP,ROCK,ELECTRONIC
hot legs|rod stewart	POP,ROCK
hot line|sylvers	RNB,ELECTRONIC
hot love cold world|bob welch	POP,ROCK,COUNTRY,FOLK
hot love|t rex	ROCK,RNB,ELECTRONIC,PUNK,FOLK
hot mama|trace adkins	COUNTRY
hot mess|cobra starship	POP,HIP_HOP,PUNK,EMO
hot n cold|katy perry	POP
hot number|foxy	RNB,ELECTRONIC
hot revolver|lil wayne	POP,HIP_HOP
hot rod hearts|robbie dupree	POP
hot rod lincoln|commander cody and his lost planet airmen	COUNTRY
hot shot|karen young	ELECTRONIC
hot spot|foxy brown	POP,HIP_HOP,RNB,PUNK
hot stuff|donna summer	POP,RNB,ELECTRONIC
hot thing|prince	RNB
hot to trot|wild cherry	RNB,ELECTRONIC
hot water|level 42	POP,ROCK,RNB,ELECTRONIC
hotel key|old dominion	COUNTRY
hotel room service|pitbull	POP,HIP_HOP,LATIN
hotline bling|drake	POP,HIP_HOP
hot|avril lavigne	POP
hourglass|squeeze	POP,ROCK,ELECTRONIC
house at pooh corner|nitty gritty dirt band	POP,COUNTRY,FOLK
house full of reasons|jude cole	POP
house keeper|men of vizion	RNB
house of broken love|great white	ROCK,METAL
house of fire|alice cooper	ROCK,RNB,PUNK,METAL
house of pain|faster pussycat	ROCK,METAL
house of the rising sun|animals	ROCK,RNB,PUNK,FOLK
house of the rising sun|dolly parton	COUNTRY
house of the rising sun|frijid pink	ROCK,RNB
house party|sam hunt	COUNTRY
house that built me|miranda lambert	COUNTRY
house that jack built|aretha franklin	RNB
housecall|shabba ranks featuring maxi priest	ROCK,ELECTRONIC
houstonfornication|travis scott	POP,HIP_HOP
houston|dean martin	POP,JAZZ
how about that|bad company	POP,ROCK,RNB,FOLK
how am i supposed to live without you|laura branigan	POP,ROCK,ELECTRONIC
how am i supposed to live without you|michael bolton	POP
how bad do you want it|don henley	POP,ROCK,FOLK
how blue can you get|b b king and his orchestra	ROCK,RNB
how can i be sure|david cassidy	POP
how can i ease the pain|lisa fischer	RNB
how can i leave you again|john denver	POP,FOLK
how can i refuse|heart	POP,ROCK
how can i tell her|lobo	POP,FOLK
how can i tell my mom and dad|lovelites	RNB
how can i unlove you|lynn anderson	COUNTRY
how can we be lovers|michael bolton	POP
how can you love me|ambrosia	POP,ROCK,COUNTRY,FOLK
how can you mend a broken heart|bee gees	POP,ELECTRONIC
how come|d12	HIP_HOP,PUNK
how could i let you get away|spinners	RNB,ELECTRONIC
how could you|mario	POP,HIP_HOP,RNB
how country feels|randy houser	COUNTRY
how deep is your love|bee gees	POP,ELECTRONIC
how deep is your love|dru hill featuring redman	POP,HIP_HOP,RNB
how deep is your love|portrait	RNB
how did i get by without you|john waite	POP,ROCK
how did we lose it baby|jerry butler	POP,RNB,ELECTRONIC
how did you know|mynt featuring kim sozzi	ELECTRONIC
how do i breathe|mario	POP,HIP_HOP,RNB
how do i deal|jennifer love hewitt	POP
how do i live|leann rimes	POP,COUNTRY
how do i make you|linda ronstadt	POP,ROCK,COUNTRY,FOLK
how do i survive|amy holland	POP
how do you catch a girl|sam the sham and the pharaohs	POP,ROCK,PUNK,FOLK
how do you do|mouth and macneal	POP
how do you do|roxette	POP
how do you fall in love|alabama	COUNTRY
how do you feel the morning after|millie jackson	RNB
how do you get that lonely|blaine larsen	COUNTRY
how do you like it|keith sweat	POP,RNB,ELECTRONIC
how do you like me now|toby keith	COUNTRY
how do you sleep at night|wade hayes	COUNTRY
how does it feel to be back|daryl hall john oates	POP,ROCK,FOLK
how far|martina mcbride	COUNTRY
how forever feels|kenny chesney	COUNTRY
how glad i am|kiki dee	POP
how high the moon|gloria gaynor	ELECTRONIC
how i feel|flo rida	POP,HIP_HOP,ELECTRONIC
how i miss you baby|bobby womack	RNB,ELECTRONIC
how long|ace	POP
how long|charlie puth	POP
how low|ludacris	POP,HIP_HOP
how many drinks|miguel	POP,HIP_HOP,RNB
how many times can we say goodbye|dionne warwick and luther vandross	POP,RNB,ELECTRONIC
how much can a lonely heart stand|skeeter davis	POP,COUNTRY
how much i feel|ambrosia	POP,ROCK,COUNTRY,FOLK
how much love|leo sayer	POP,ELECTRONIC,FOLK
how much love|survivor	POP,ROCK
how much love|vixen	ROCK,METAL
how not to|dan shay	COUNTRY
how sweet it is to be loved by you|james taylor	POP,ROCK,FOLK
how sweet it is to be loved by you|jr walker and the all stars	POP,RNB
how sweet it is to be loved by you|marvin gaye	RNB
how to be a millionaire|abc	POP,ROCK,ELECTRONIC
how to deal|frankie j	POP,RNB
how to love|lil wayne	POP,HIP_HOP
how to save a life|fray	POP,ROCK
how we do party|rita ora	POP,ELECTRONIC
how will i know|whitney houston	POP
how would you feel paean|ed sheeran	POP
how you gonna act like that|tyrese	POP,HIP_HOP,RNB
how you gonna see me now|alice cooper	ROCK,RNB,PUNK,METAL
how you remind me|nickelback	ROCK,METAL
howzat|sherbet	ROCK
human nature|madonna	POP
human nature|michael jackson	POP
human touch|rick springfield	POP,ROCK,ELECTRONIC
human wheels|john mellencamp	POP,ROCK,FOLK
human|christina perri	POP
human|human league	POP,ROCK,ELECTRONIC
human|killers	ROCK
humble and kind|tim mcgraw	COUNTRY
humble|kendrick lamar	HIP_HOP
hummingbird|b b king	ROCK,RNB,POP,FOLK
hummingbird|seals and crofts	POP,ROCK,COUNTRY,FOLK
humpty dance|digital underground	HIP_HOP,RNB,ELECTRONIC,PUNK
huncho dreams|quavo	POP,HIP_HOP
hung on you|righteous brothers	POP,ROCK,RNB,FOLK
hung up in your eyes|brian hyland	POP,ROCK,RNB,FOLK
hung up|madonna	POP
hungah|karyn white	RNB
hungry heart|bruce springsteen	POP,ROCK,FOLK
hungry like the wolf|duran duran	POP,ROCK,ELECTRONIC
hungry years|wayne newton	POP
hungry|lita ford	ROCK,METAL
hungry|paul revere and the raiders featuring mark lindsay	POP,ROCK,PUNK,FOLK
hungry|winger	ROCK,METAL
hunter gets captured by the game|marvelettes	POP,RNB
hunters of the night|mr mister	POP,ROCK,ELECTRONIC
hunter|gtr	ROCK
hunter|ike and tina turner	POP,RNB
hurdy gurdy man|donovan	POP,ROCK,PUNK,FOLK
hurricane|click	HIP_HOP
hurricane|luke combs	COUNTRY
hurry home|jason michael carroll	COUNTRY
hurry sundown|outlaws	POP,ROCK,RNB,COUNTRY,FOLK
hurry up and wait|isley brothers	RNB,ELECTRONIC
hurt feelings|mac miller	HIP_HOP
hurt so bad|lettermen	POP
hurt so bad|linda ronstadt	POP,ROCK,COUNTRY,FOLK
hurt so bad|little anthony and the imperials	POP,ROCK,RNB
hurting each other|carpenters	CLASSICAL,POP,FOLK
hurts so good|john cougar	POP,ROCK,FOLK
hurts to be in love|gino vannelli	POP,ROCK
hurt|cat stevens	POP,ROCK,FOLK
hurt|christina aguilera	POP
hurt|little anthony and the imperials	POP,ROCK,RNB
hurt|manhattans	RNB,ELECTRONIC
husbands and wives|brooks and dunn	COUNTRY
husbands and wives|roger miller	COUNTRY,FOLK
hush hush sweet charlotte|patti page	POP,COUNTRY
hush hush|pussycat dolls featuring nicole scherzinger	POP,HIP_HOP,RNB
hushabye|jay and the americans	POP,ROCK,RNB,FOLK
hush|billy joe royal	POP,ROCK,FOLK
hush|deep purple	ROCK,RNB,METAL
hush|ll cool j featuring 7 aurelius	POP,HIP_HOP,RNB,PUNK
hustle hard|ace hood	HIP_HOP
hustler musik|lil wayne	POP,HIP_HOP
hustle|van mccoy and the soul city symphony	ELECTRONIC
hymn 43|jethro tull	ROCK,RNB,FOLK
hymn for the weekend|coldplay	POP,ROCK
hyperactive|robert palmer	POP,ROCK,ELECTRONIC,FOLK
hyperactive|thomas dolby	POP,ROCK,ELECTRONIC,PUNK
hype|drake	POP,HIP_HOP
hypnotized|linda jones	RNB
hypnotize|notorious b i g	HIP_HOP,PUNK
hypnotize|system of a down	ROCK,METAL
hysteria|def leppard	ROCK,METAL
i adore mi amor|color me badd	POP,RNB
i almost do|taylor swift	POP
i am a rock|simon and garfunkel	POP,ROCK,FOLK
i am by your side|corey hart	POP,ROCK,ELECTRONIC
i am i am|smokey robinson	RNB,ELECTRONIC
i am mine|pearl jam	ROCK
i am not my hair|india arie	RNB
i am the highway|audioslave	ROCK,METAL
i am the walrus|beatles	ROCK
i am woman|helen reddy	POP,FOLK
i am woman|jordin sparks	POP,HIP_HOP,RNB
i am|mary j blige	POP,HIP_HOP,RNB
i apologize|anita baker	RNB,JAZZ
i believe in father christmas|greg lake	ROCK
i believe in love|kenny loggins	POP,ROCK
i believe in music|gallery	POP
i believe in you you believe in me|johnnie taylor	RNB
i believe in you|don williams	COUNTRY
i believe you|carpenters	CLASSICAL,POP,FOLK
i believe you|dorothy moore	RNB
i believed it all|pozo seco singers	FOLK
i believe|bachelors	POP,ROCK
i believe|blessid union of souls	POP,ROCK,PUNK
i believe|chilliwack	ROCK
i believe|diamond rio	COUNTRY
i believe|fantasia	POP,RNB
i believe|sounds of blackness	RNB
i belong to you|lenny kravitz	POP,ROCK
i belong to you|love unlimited	RNB,ELECTRONIC
i bet my life|imagine dragons	ROCK
i bet|ciara	POP,HIP_HOP,RNB
i breathe in i breathe out|chris cagle	COUNTRY
i call it love|lionel richie	POP,RNB,ELECTRONIC
i can do anything|3oh 3	POP,HIP_HOP,PUNK
i can do that|montell jordan	POP,HIP_HOP,RNB
i can feel those vibrations this love is real|jackie wilson	POP,ROCK,RNB
i can feel your love slipping away|barbara mason	RNB
i can hear music|beach boys	POP,ROCK,FOLK,CLASSICAL
i can hear music|ronettes featuring veronica	POP,ROCK,RNB
i can help|billy swan	POP
i can love you better|dixie chicks	COUNTRY
i can love you like that|all 4 one	POP,RNB
i can love you|mary j blige	POP,HIP_HOP,RNB
i can make it better|luther vandross	RNB
i can make it with you|jackie deshannon	POP,ROCK,FOLK
i can make it with you|pozo seco singers	FOLK
i can never go home anymore|shangri las	POP
i can only imagine|mercyme	ROCK
i can remember|james and bobby purify	RNB
i can see clearly now|johnny nash	POP
i can see for miles|who	POP,ROCK,PUNK,FOLK
i can sing a rainbow love is blue|dells	RNB,ELECTRONIC
i can survive|triumph	POP,ROCK,METAL
i can take it from there|chris young	COUNTRY
i can understand it|new birth	RNB,ELECTRONIC
i can|nas	HIP_HOP,PUNK
i care 4 u|aaliyah	POP,HIP_HOP,RNB
i changed my mind|keyshia cole featuring shyne	POP,HIP_HOP,RNB
i cheat the hangman|doobie brothers	POP,ROCK,RNB,COUNTRY,FOLK
i choose you|sara bareilles	POP
i come off|young m c	HIP_HOP
i confess|new colony six	POP,ROCK
i could be good for you|707	ROCK
i could never be happy|emotions	POP,RNB,ELECTRONIC
i could never be president|johnnie taylor	RNB
i could never love another after loving you|temptations	RNB
i could never take the place of your man|prince	RNB
i could not ask for more|edwin mccain	POP
i could not ask for more|sara evans	COUNTRY
i could only whisper your name|harry connick jr	POP,JAZZ
i could use a love song|maren morris	COUNTRY
i could write a book|jerry butler	POP,RNB,ELECTRONIC
i crawl|childish gambino	POP,HIP_HOP
i cried|james brown	RNB
i cry|flo rida	POP,HIP_HOP,ELECTRONIC
i dare you|shinedown	ROCK,HIP_HOP,METAL
i did it for love|night ranger	POP,ROCK,METAL
i did it|dave matthews band	POP,ROCK
i dig rock and roll music|peter paul and mary	POP,FOLK
i dig you baby|jerry butler	POP,RNB,ELECTRONIC
i disappear|metallica	ROCK,METAL
i do believe in you|pages	POP
i do cherish you|98 degrees	POP
i do cherish you|mark wills	COUNTRY
i do i do i do i do i do|abba	POP
i do love you|billy stewart	RNB
i do not hook up|kelly clarkson	POP
i do take you|three degrees	POP,RNB,ELECTRONIC
i do the rock|tim curry	SOUNDTRACK
i do you|jets	POP,RNB
i do|colbie caillat	POP
i do|j geils band	POP,ROCK,RNB,COUNTRY,FOLK
i do|lisa loeb	POP,FOLK
i do|marvelows	RNB
i do|moments	RNB,ELECTRONIC
i do|toya	POP
i dreamed a dream|susan boyle	CLASSICAL
i drive your truck|lee brice	COUNTRY
i drove all night|celine dion	POP
i drove all night|cyndi lauper	POP,ROCK,ELECTRONIC
i fall apart|post malone	POP,HIP_HOP
i feel a sin coming on|solomon burke	RNB,JAZZ
i feel for you|chaka khan	POP,RNB,ELECTRONIC
i feel free|belinda carlisle	POP,ROCK,ELECTRONIC
i feel love|donna summer	POP,RNB,ELECTRONIC
i feel sanctified|commodores	POP,RNB,ELECTRONIC
i feel the earth move|martika	POP,ROCK
i feel the magic|belinda carlisle	POP,ROCK,ELECTRONIC
i feel you|depeche mode	POP,ROCK,ELECTRONIC
i fooled you this time|gene chandler	POP,RNB
i forgot to be your lover|william bell	RNB
i fought the law|bobby fuller four	POP,ROCK,FOLK
i found a girl|jan and dean	POP,ROCK,RNB,FOLK
i found a true love|wilson pickett	POP,ROCK,RNB,ELECTRONIC,FOLK
i found my dad|joe simon	RNB
i found somebody|glenn frey	POP,ROCK,FOLK
i found someone|cher	POP,SOUNDTRACK
i found sunshine|chi lites	RNB,ELECTRONIC
i found you|wanted	POP
i get around|2pac	HIP_HOP,RNB,ELECTRONIC,PUNK
i get around|beach boys	POP,ROCK,FOLK,CLASSICAL
i get excited|rick springfield	POP,ROCK,ELECTRONIC
i get high on you|sly stone	RNB
i get it in|50 cent	HIP_HOP
i get lifted|george mccrae	RNB,ELECTRONIC
i get money|50 cent	HIP_HOP
i get the sweetest feeling|jackie wilson	POP,ROCK,RNB
i get weak|belinda carlisle	POP,ROCK,ELECTRONIC
i go back|kenny chesney	COUNTRY
i go crazy|paul davis	POP,ROCK,COUNTRY,FOLK
i go to extremes|billy joel	POP,ROCK,FOLK
i go to pieces|peter and gordon	POP,ROCK,RNB,FOLK
i go to rio|pablo cruise	POP,ROCK,COUNTRY,FOLK
i got 5 on it|luniz	HIP_HOP,RNB
i got a bag of my own|james brown	RNB
i got a car|george strait	COUNTRY
i got a line on you|spirit	ROCK,RNB,FOLK
i got a man|positive k	HIP_HOP
i got a name|jim croce	POP,ROCK,FOLK
i got cha opin|black moon	HIP_HOP,PUNK
i got it from my mama|will i am	POP,HIP_HOP
i got my mind made up you can get it girl|instant funk	RNB,ELECTRONIC
i got rhythm|happenings	POP,ROCK
i got the boy|jana kramer	COUNTRY
i got the hook up|master p featuring sons of funk	HIP_HOP
i got to go back and watch that little girl dance|mccoys	POP,ROCK,FOLK
i got to tell somebody|betty everett	POP,RNB
i got you babe|etta james	POP,RNB,JAZZ
i got you babe|sonny and cher	POP,ROCK,FOLK
i got you i feel good|james brown and the famous flames	RNB
i got you|bebe rexha	POP
i got you|craig morgan	COUNTRY
i got you|jack johnson	POP
i got you|thompson square	COUNTRY
i gotcha|joe tex	RNB
i gotta dance to keep from crying|miracles	POP,RNB,ELECTRONIC
i gotta feeling|black eyed peas	POP,HIP_HOP
i gotta try|michael mcdonald	POP,RNB
i guess that s why they call it the blues|elton john	POP,ROCK
i guess the lord must be in new york city|nilsson	POP,ROCK,FOLK
i had it all the time|tyrone davis	RNB
i had too much to dream last night|electric prunes	POP,ROCK,PUNK,FOLK
i hate everything about you|three days grace	ROCK,PUNK,METAL
i hate myself for loving you|joan jett and the blackhearts	ROCK
i hate this part|pussycat dolls	POP,HIP_HOP,RNB
i have a boyfriend|chiffons	POP,ROCK,RNB,FOLK
i have a dream|donny osmond	POP,SOUNDTRACK
i have learned to do without you|mavis staples	ROCK,RNB
i have nothing|whitney houston	POP
i hear a symphony|supremes	POP,RNB,ELECTRONIC,FOLK
i hear you knocking|dave edmunds	POP,ROCK,RNB
i hear you now|jon and vangelis	ROCK
i heard it through the grapevine|gladys knight and the pips	POP,RNB,ELECTRONIC
i heard it through the grapevine|marvin gaye	RNB
i hold on|dierks bentley	COUNTRY
i honestly love you|olivia newton john	POP,ELECTRONIC,SOUNDTRACK,ROCK
i hope you dance|lee ann womack	COUNTRY
i just call you mine|martina mcbride	COUNTRY
i just called to say i love you|stevie wonder	RNB
i just died in your arms|cutting crew	POP,ROCK,ELECTRONIC
i just fall in love again|anne murray	POP,COUNTRY,FOLK
i just had sex|lonely island featuring akon	POP,HIP_HOP
i just wanna be mad|terri clark	COUNTRY
i just wanna be your friend|lighthouse	ROCK
i just wanna keep it together|paul davis	POP,ROCK,COUNTRY,FOLK
i just wanna live|good charlotte	POP,ROCK,PUNK,METAL
i just wanna love u give it 2 me|jay z	HIP_HOP
i just wanna stop|gino vannelli	POP,ROCK
i just want to be your everything|andy gibb	POP,RNB,COUNTRY,ELECTRONIC
i just want to celebrate|rare earth	ROCK,RNB
i just want to dance with you|george strait	COUNTRY
i just want to make love to you|foghat	POP,ROCK,RNB,COUNTRY
i keep looking|sara evans	COUNTRY
i kinda miss you|manhattans	RNB,ELECTRONIC
i kissed a girl|jill sobule	POP,FOLK
i kissed a girl|katy perry	POP
i knew i loved you|savage garden	POP
i knew jesus before he was a star|glen campbell	POP,COUNTRY,FOLK
i knew you were trouble|taylor swift	POP
i knew you were waiting for me|aretha franklin and george michael	RNB,POP,ELECTRONIC
i knew you when|billy joe royal	POP,ROCK,FOLK
i knew you when|linda ronstadt	POP,ROCK,COUNTRY,FOLK
i know a heartache when i see one|jennifer warnes	POP,FOLK
i know a place|petula clark	POP,ROCK,FOLK
i know somebody|locash	HIP_HOP,COUNTRY
i know what boys like|waitresses	POP,ELECTRONIC
i know what i like|huey lewis and the news	POP,ROCK,ELECTRONIC,FOLK
i know you better than that|bobby goldsboro	POP,ROCK,COUNTRY,FOLK
i know you want me calle ocho|pitbull	POP,HIP_HOP,LATIN
i know|dionne farris	RNB
i learned from the best|whitney houston	POP
i like it i love it|tim mcgraw	COUNTRY
i like it i wanna be where you are|grand puba	HIP_HOP,PUNK
i like it like that|loggins and messina	POP,ROCK,COUNTRY,FOLK
i like it like that|miracles	POP,ROCK,RNB
i like it|debarge	RNB,ELECTRONIC
i like it|gerry and the pacemakers	POP,ROCK,FOLK
i like it|jomanda	ELECTRONIC
i like it|sammie	POP,RNB,HIP_HOP
i like me better|lauv	POP
i like that|houston featuring chingy nate dogg and i 20	HIP_HOP,RNB,POP
i like the sound of that|rascal flatts	COUNTRY
i like the way she do it|g unit	HIP_HOP,PUNK
i like the way the kissing game|hi five	POP,RNB
i like the way|tommy james and the shondells	POP,ROCK,FOLK
i like them girls|tyrese	POP,HIP_HOP,RNB
i like to do it|kc and the sunshine band	POP,RNB,ELECTRONIC
i like to live the love|b b king	ROCK,RNB
i like to rock|april wine	POP,ROCK,COUNTRY
i like what you give|nolan	RNB
i like|guy	POP,HIP_HOP,RNB
i like|kut klose	POP,RNB
i like|men without hats	POP,ROCK,ELECTRONIC
i live by the groove|paul carrack	POP
i live for the sun|sunrays	POP
i live for your love|natalie cole	POP,RNB,ELECTRONIC,JAZZ
i live my life for you|firehouse	ROCK,METAL
i lived it|blake shelton	COUNTRY
i lived|onerepublic	POP,ROCK,HIP_HOP
i look to you|whitney houston	POP
i lost it|kenny chesney	COUNTRY
i lost on jeopardy|weird al yankovic	POP,ROCK
i love a rainy night|eddie rabbitt	POP,COUNTRY
i love college|asher roth	HIP_HOP
i love how you love me|bobby vinton	POP,ROCK,RNB
i love my baby|archie bell and the drells	POP,RNB,ELECTRONIC
i love my friend|charlie rich	ROCK,COUNTRY
i love my music|wild cherry	RNB,ELECTRONIC
i love my truck|glen campbell	POP,COUNTRY,FOLK
i love onions|susan christie	FOLK
i love the way you love me|john michael montgomery	COUNTRY
i love this bar|toby keith	COUNTRY
i love this life|locash	HIP_HOP,COUNTRY
i love you 1000 times|platters	POP,ROCK,RNB
i love you always forever|donna lewis	POP
i love you drops|vic dana	POP
i love you for all seasons|fuzz	RNB
i love you madly|fantastic four	RNB
i love you more than words can say|otis redding	RNB
i love you this big|scotty mccreery	COUNTRY
i love you this much|jimmy wayne	COUNTRY
i love your smile|shanice	POP,RNB
i love you|climax blues band	POP,ROCK,RNB,COUNTRY
i love you|donna summer	POP,RNB,ELECTRONIC
i love you|dru hill	POP,HIP_HOP,RNB
i love you|faith evans	POP,HIP_HOP,RNB
i love you|martina mcbride	COUNTRY
i love you|otis leavill	RNB
i love you|vanilla ice	HIP_HOP,ELECTRONIC
i loved and i lost|impressions	POP,RNB
i love|tom t hall	COUNTRY,FOLK
i luv it|young jeezy	HIP_HOP
i luv your girl|dream	POP,HIP_HOP,RNB
i made it through the rain|barry manilow	POP,RNB,ELECTRONIC
i make a fool of myself|frankie valli	POP,ROCK,RNB,FOLK
i may hate myself in the morning|lee ann womack	COUNTRY
i melt with you|modern english	POP,ROCK,ELECTRONIC
i met a girl|william michael morgan	COUNTRY
i might need security|chance the rapper	HIP_HOP
i miss my friend|darryl worley	COUNTRY
i miss my homies|master p featuring pimp c and the shocker	HIP_HOP
i miss you baby|millie jackson	RNB
i miss you so|little anthony and the imperials	POP,ROCK,RNB
i miss you|aaron hall	RNB
i miss you|blink 182	PUNK
i miss you|dmx featuring faith evans	HIP_HOP,PUNK,POP,RNB
i miss you|joe public	RNB
i miss you|klymaxx	RNB,ELECTRONIC
i missed the bus|kris kross	HIP_HOP,RNB
i must be seeing things|gene pitney	POP,ROCK,FOLK
i n c ride|masta ace incorporated	HIP_HOP,PUNK
i need a girl|trey songz	POP,HIP_HOP,RNB
i need a hot girl|hot boys	HIP_HOP
i need a lover|john cougar	POP,ROCK,FOLK
i need a man|eurythmics	POP,ROCK,ELECTRONIC
i need a man|grace jones	POP,ROCK,ELECTRONIC
i need love|barbara mason	RNB
i need love|ll cool j	POP,HIP_HOP,RNB,PUNK
i need somebody|question mark and the mysterians	POP,ROCK,PUNK
i need someone to love me|z z hill	RNB
i need to be in love|carpenters	POP,FOLK
i need to know|marc anthony	LATIN
i need to know|tom petty and the heartbreakers	POP,ROCK,FOLK
i need you now|ronnie dove	POP
i need you now|smokie norful	RNB
i need you so|chuck jackson and maxine brown	RNB,POP
i need your love|boston	POP,ROCK
i need your loving|human league	POP,ROCK,ELECTRONIC
i need you|america	POP,ROCK,COUNTRY,FOLK
i need you|chuck jackson	RNB
i need you|friends of distinction	RNB
i need you|impressions	POP,RNB
i need you|leann rimes	POP,COUNTRY
i need you|paul carrack	POP
i need you|pointer sisters	POP,RNB,ELECTRONIC
i never cry|alice cooper	ROCK,RNB,PUNK,METAL
i never knew love|doug stone	COUNTRY
i never loved a man the way i love you|aretha franklin	RNB
i never promised you a rose garden|martina mcbride	COUNTRY
i never said goodbye|engelbert humperdinck	POP
i never told you|colbie caillat	POP
i o i o|bee gees	POP,ELECTRONIC
i o u|lee greenwood	COUNTRY
i only have eyes for you|art garfunkel	POP,FOLK
i only have eyes for you|jerry butler	POP,RNB,ELECTRONIC
i only have eyes for you|lettermen	POP
i only wanna be with you|samantha fox	POP,ELECTRONIC
i only want to be with you|bay city rollers	POP
i only want to be with you|dusty springfield	POP,ROCK,RNB,FOLK
i only want to be with you|nicolette larson	POP
i pity the fool|ann peebles	RNB
i play and sing|dawn	POP
i pledge my love|peaches and herb	RNB,ELECTRONIC
i predict|sparks	POP,ROCK,ELECTRONIC,PUNK
i pretend|kim carnes	POP
i promise to wait my love|martha reeves and the vandellas	POP,ROCK,RNB,ELECTRONIC
i put a spell on you|annie lennox	POP,FOLK
i put a spell on you|creedence clearwater revival	ROCK
i ran so far away|a flock of seagulls	POP,ROCK,ELECTRONIC
i really like you|carly rae jepsen	POP
i really love you|dee dee sharp	POP,RNB
i remember summer morning|vanity fare	POP,ROCK
i remember you|skid row	ROCK,METAL
i remember|boyz ii men	POP,RNB
i remember|keyshia cole	POP,HIP_HOP,RNB
i rise i fall|johnny tillotson	POP,ROCK,RNB
i run to you|lady antebellum	POP,COUNTRY
i saw a man and he danced with his wife|cher	POP,SOUNDTRACK
i saw god today|george strait	COUNTRY
i saw her again|mamas and the papas	POP,ROCK,FOLK
i saw him standing there|tiffany	POP
i saw red|warrant	ROCK,METAL
i saw the light|todd rundgren	POP,ROCK,RNB,COUNTRY,FOLK
i say a little prayer|aretha franklin	RNB
i say a little prayer|dionne warwick	POP,RNB,ELECTRONIC
i say love|royal guardsmen	POP
i second that emotion|smokey robinson and the miracles	POP,ROCK,RNB
i see it now|tracy lawrence	COUNTRY
i see the light|five americans	POP,ROCK
i see your smile|gloria estefan	POP,LATIN
i see you|luke bryan	COUNTRY
i send a message|inxs	POP,ROCK,RNB,ELECTRONIC
i shall sing|garfunkel	POP,FOLK
i shot the sheriff|eric clapton	POP,ROCK,RNB
i shot the sheriff|warren g	HIP_HOP,RNB,PUNK
i should be so lucky|kylie minogue	POP,ELECTRONIC
i should be|dru hill	POP,HIP_HOP,RNB
i should have cheated|keyshia cole	POP,HIP_HOP,RNB
i shoulda loved ya|narada michael walden	ELECTRONIC
i smile|kirk franklin	RNB
i stand accused|isaac hayes	RNB,ELECTRONIC
i stand accused|jerry butler	POP,RNB,ELECTRONIC
i started a joke|bee gees	POP,ELECTRONIC
i still believe|mariah carey	POP,RNB
i still get jealous|louis armstrong and the all stars	POP,JAZZ
i still love you|next	POP,HIP_HOP,RNB
i still miss you|keith anderson	COUNTRY
i struck it rich|len barry	RNB
i surrender|fontella bass	POP,RNB
i swear|all 4 one	POP,RNB
i swear|john michael montgomery	COUNTRY
i take a lot of pride in what i am|dean martin	POP,JAZZ
i take it back|sandy posey	COUNTRY,POP,ROCK
i take what i want|james and bobby purify	RNB
i thank you|zz top	ROCK,RNB,METAL
i think god can explain|splender	POP
i think of you|perry como	POP,JAZZ
i thought about killing you|kanye west	HIP_HOP
i thought it took a little time but today i fell in love|diana ross	POP,RNB,ELECTRONIC
i threw it all away|bob dylan	POP,ROCK,FOLK
i told you so|carrie underwood featuring randy travis	COUNTRY
i told you so|keith urban	COUNTRY
i took a pill in ibiza|mike posner	POP,HIP_HOP
i touch myself|divinyls	POP,ROCK,ELECTRONIC
i tried|bone thugs n harmony featuring akon	POP,HIP_HOP
i try|macy gray	RNB
i turn to you|christina aguilera	POP
i turned you on|isley brothers	RNB,ELECTRONIC
i understand just how you feel|freddie and the dreamers	POP,ROCK
i walk alone|marty robbins	COUNTRY
i wanna b with u|fun factory	POP,ELECTRONIC
i wanna be down|brandy	POP,HIP_HOP,RNB
i wanna be free|loretta lynn	COUNTRY,FOLK
i wanna be rich|calloway	RNB
i wanna be there|blessid union of souls	POP,ROCK,PUNK
i wanna be where you are|michael jackson	POP
i wanna be with you|mandy moore	POP,SOUNDTRACK
i wanna be with you|raspberries	POP,ROCK
i wanna be your lover|prince	RNB
i wanna dance with somebody who loves me|whitney houston	POP
i wanna do it all|terri clark	COUNTRY
i wanna get next to you|rose royce	RNB,ELECTRONIC
i wanna go back|eddie money	POP,ROCK,COUNTRY,FOLK
i wanna go|britney spears	POP
i wanna have some fun|samantha fox	POP,ELECTRONIC
i wanna know your name|intruders	RNB,ELECTRONIC
i wanna know you|hannah montana featuring david archuleta	POP
i wanna know|joe	POP,RNB
i wanna learn a love song|harry chapin	POP,FOLK
i wanna live|glen campbell	POP,COUNTRY,FOLK
i wanna love him so bad|jelly beans	POP
i wanna love like that|tony thompson	RNB
i wanna love you forever|jessica simpson	POP
i wanna love you|akon featuring snoop dogg	POP,HIP_HOP,RNB
i wanna make you close your eyes|dierks bentley	COUNTRY
i wanna rock|snoop dogg	HIP_HOP,RNB
i wanna rock|twisted sister	ROCK,METAL
i wanna stay with you|gallagher and lyle	POP
i wanna talk about me|toby keith	COUNTRY
i wanna|all american rejects	POP,ROCK,PUNK
i want a new drug|huey lewis and the news	POP,ROCK,ELECTRONIC,FOLK
i want action|poison	ROCK,METAL
i want candy|bow wow wow	POP,ROCK,ELECTRONIC
i want candy|strangeloves	ROCK
i want her|keith sweat	POP,RNB
i want it that way|backstreet boys	POP
i want someone|mad lads	RNB
i want to be free|ohio players	RNB,ELECTRONIC
i want to be your man|roger	RNB,ELECTRONIC
i want to break free|queen	ROCK
i want to come over|melissa etheridge	POP,ROCK,FOLK
i want to do everything for you|joe tex	RNB
i want to go with you|eddy arnold	COUNTRY
i want to hold your hand|beatles	ROCK
i want to know what love is|foreigner	POP,ROCK
i want to know what love is|mariah carey	POP,RNB
i want to live|john denver	POP,FOLK
i want to live|josh gracin	COUNTRY
i want to love you baby|peggy scott and jo jo benson	RNB
i want to love you for what you are|ronnie dove	POP
i want to make the world turn around|steve miller band	POP,ROCK,RNB,FOLK
i want to pay you back for loving me|chi lites	RNB,ELECTRONIC
i want to take you higher|ike and tina turner and the ikettes	POP,RNB
i want to take you higher|sly and the family stone	POP,ROCK,RNB,ELECTRONIC,FOLK
i want you back again|zombies	POP,ROCK,FOLK,CLASSICAL
i want you back|jackson 5	RNB
i want you i need you|chris christian	POP
i want you so bad|heart	POP,ROCK
i want you to be my boy|exciters	POP,RNB
i want you to meet my baby|eydie gorme	POP
i want you to want me|cheap trick	POP,ROCK,ELECTRONIC,METAL
i want your love|chic	RNB,ELECTRONIC,POP
i want you|bob dylan	POP,ROCK,FOLK
i want you|janet jackson	POP,RNB
i want you|jody watley	POP,RNB,ELECTRONIC
i want you|juliet roberts	ELECTRONIC
i want you|marvin gaye	RNB
i want you|savage garden	POP
i was born to love you|freddie mercury	ROCK
i was jack you were diane|jake owen	COUNTRY
i was looking for someone to love|leif garrett	POP
i was made to love her|king curtis and the kingpins	RNB,JAZZ
i was made to love her|stevie wonder	RNB
i was only joking|rod stewart	POP,ROCK
i was wondering|poppy family	POP,ROCK,FOLK
i who have nothing|sylvester	ELECTRONIC
i who have nothing|tom jones	POP,ROCK
i will always love you|dolly parton	COUNTRY
i will always love you|whitney houston	POP
i will be here for you|michael w smith	ROCK
i will be there|glass tiger	POP,ROCK
i will be|leona lewis	POP,RNB
i will come to you|hanson	POP
i will follow|u2	ROCK
i will get there|boyz ii men	POP,RNB
i will love again|lara fabian	POP,CLASSICAL
i will never let you down|rita ora	POP,ELECTRONIC
i will never pass this way again|glen campbell	POP,COUNTRY,FOLK
i will not bow|breaking benjamin	ROCK,HIP_HOP,PUNK,METAL
i will possess your heart|death cab for cutie	POP,ROCK,FOLK
i will remember you live|sarah mclachlan	POP,ROCK,FOLK
i will remember you|amy grant	ROCK
i will survive|gloria gaynor	ELECTRONIC
i will wait|mumford and sons	POP,ROCK,FOLK
i will|dean martin	POP,JAZZ
i wish i had a girl|henry lee summer	ROCK
i wish i knew how it would feel to be free|solomon burke	RNB,JAZZ
i wish it was me you loved|dells	RNB,ELECTRONIC
i wish it was me|tyrone davis	RNB
i wish it would rain|gladys knight and the pips	POP,RNB,ELECTRONIC
i wish it would rain|temptations	RNB
i wish the phone would ring|expose	POP
i wish you could be here|cyrkle	POP,ROCK,FOLK
i wish|carl thomas	POP,RNB
i wish|gabrielle	POP,RNB
i wish|jo dee messina	COUNTRY
i wish|stevie wonder	RNB
i woke up in love this morning|partridge family starring shirley jones featuring david cassidy	POP
i wonder if heaven got a ghetto|2pac	HIP_HOP,RNB
i wonder why|curtis stigers	JAZZ
i worry about you|joe simon	RNB
i would be in love anyway|frank sinatra	POP
i would die 4 u|prince and the revolution	RNB
i write sins not tragedies|panic at the disco	ROCK,PUNK,EMO,CLASSICAL
i write the songs|barry manilow	POP,RNB,ELECTRONIC
i wrote a simple song|billy preston	RNB
ice box|omarion	POP,HIP_HOP,RNB
ice cream paint job|dorrough	HIP_HOP
ice ice baby|vanilla ice	HIP_HOP,ELECTRONIC
ice in the sun|status quo	POP,ROCK,RNB
ice tray|quavo and lil yachty	POP,HIP_HOP
icky thump|white stripes	ROCK,RNB,PUNK
idaho|4 seasons	POP,ROCK,RNB,FOLK
idgaf|dua lipa	POP
iesha|another bad creation	POP,RNB
if anyone falls|stevie nicks	POP,ROCK
if everyone cared|nickelback	ROCK,METAL
if heaven|andy griggs	COUNTRY
if i am|nine days	POP,ROCK
if i can dream|elvis presley	CLASSICAL,ROCK
if i could build my whole world around you|marvin gaye and tammi terrell	RNB
if i could fly|one direction	POP
if i could only be sure|nolan porter	RNB
if i could only win your love|emmylou harris	POP,ROCK,COUNTRY,FOLK
if i could reach you|5th dimension	POP,RNB,FOLK
if i could teach the world|bone thugs n harmony	HIP_HOP
if i could turn back time|cher	POP,SOUNDTRACK
if i could|regina belle	RNB,ELECTRONIC
if i die young|band perry	COUNTRY
if i ever fall in love|shai	POP,RNB
if i ever lose my faith in you|sting	POP,ROCK
if i ever lose this heaven|awb	RNB,ELECTRONIC,JAZZ
if i had a rocket launcher|bruce cockburn	POP,ROCK,COUNTRY,FOLK
if i had eyes|jack johnson	POP
if i had my wish tonight|david lasley	POP
if i had no loot|tony toni tone	POP,HIP_HOP,RNB
if i had you|adam lambert	POP
if i have to go away|jigsaw	POP
if i lose myself|onerepublic	POP,ROCK,HIP_HOP
if i lost you|travis tritt	COUNTRY
if i loved you|chad and jeremy	POP,ROCK,FOLK
if i never knew your name|vic dana	POP
if i never stop loving you|david kersh	COUNTRY
if i only knew|ozark mountain daredevils	POP,ROCK,COUNTRY,FOLK
if i ruled the world|tony bennett	POP,JAZZ
if i said you have a beautiful body would you hold it against me|bellamy brothers	COUNTRY
if i say yes|five star	POP
if i told you|darius rucker	POP,COUNTRY
if i was your girlfriend|prince	RNB
if i was your man|joe	POP,RNB
if i were a boy|beyonce	POP,RNB
if i were a carpenter|bobby darin	POP,ROCK,RNB,JAZZ
if i were a carpenter|four tops	POP,RNB,ELECTRONIC,FOLK
if i were a carpenter|leon russell	POP,ROCK,RNB,COUNTRY,FOLK
if i were your woman|gladys knight and the pips	POP,RNB,ELECTRONIC
if it kills me|jason mraz	POP
if it makes you happy|sheryl crow	POP,ROCK,FOLK
if looks could kill|heart	POP,ROCK
if looks could kill|player	POP
if love is in your heart|friend and lover	POP
if my heart had wings|faith hill	POP,COUNTRY
if not for you|olivia newton john	POP,ELECTRONIC,SOUNDTRACK,ROCK
if not you|dr hook	POP,ROCK,COUNTRY,FOLK
if only you knew|patti labelle	RNB,ELECTRONIC
if only|dove cameron	POP
if she knew what she wants|bangles	POP,ROCK,ELECTRONIC
if she would have been faithful|chicago	POP,ROCK,FOLK
if the boot fits|granger smith	COUNTRY
if there was any other way|celine dion	POP
if this is it|huey lewis and the news	POP,ROCK,ELECTRONIC,FOLK
if this was a movie|taylor swift	POP
if this world were mine|marvin gaye and tammi terrell	RNB
if today was your last day|nickelback	ROCK,METAL
if u seek amy|britney spears	POP
if u stay ready|suga free	HIP_HOP,RNB
if we make it through december|merle haggard	COUNTRY
if we try|don mclean	POP,ROCK,FOLK
if we were a movie|hannah montana	POP
if you add all the love in the world|mac davis	POP,COUNTRY
if you asked me to|celine dion	POP
if you can do anything else|george strait	COUNTRY
if you can want|smokey robinson and the miracles	POP,ROCK,RNB
if you could read my mind|gordon lightfoot	POP,ROCK,COUNTRY,FOLK
if you ever have forever in mind|vince gill	COUNTRY
if you ever leave me|jack jones	POP,JAZZ
if you ever stop loving me|montgomery gentry	COUNTRY
if you gotta break another heart|albert hammond	POP
if you gotta make a fool of somebody|maxine brown	POP,RNB
if you go|jon secada	POP
if you had my love|jennifer lopez	POP,HIP_HOP,RNB
if you know what i mean|neil diamond	POP,ROCK,FOLK
if you know you know|pusha t	HIP_HOP
if you leave me now|chicago	POP,ROCK,FOLK
if you let me|eddie kendricks	RNB,ELECTRONIC
if you love me|brownstone	POP,RNB
if you love me|mint condition	POP,RNB
if you love somebody set them free|sting	POP,ROCK
if you needed somebody|bad company	POP,ROCK,RNB,FOLK
if you only knew|shinedown	ROCK,HIP_HOP,METAL
if you really love me|stevie wonder	RNB
if you should sail|nielsen pearson	POP
if you talk in your sleep|elvis presley	ROCK
if you think you know how to love me|smokey	POP
if you wanna get back your lady|pointer sisters	POP,RNB,ELECTRONIC
if you wanna get to heaven|ozark mountain daredevils	POP,ROCK,COUNTRY,FOLK
if you want it do it yourself|gloria gaynor	ELECTRONIC
if you want it|2nd ii none	HIP_HOP
if you want it|niteflyte	POP
if you want me to stay|sly and the family stone	POP,ROCK,RNB,ELECTRONIC,FOLK
if you want my love|cheap trick	POP,ROCK,ELECTRONIC,METAL
if you were a woman and i was a man|bonnie tyler	POP,ELECTRONIC
if you were mine|ray charles	POP,JAZZ
if|bread	POP,COUNTRY,FOLK
if|janet jackson	POP,RNB
ignorance|paramore	POP,PUNK,EMO
iko iko|dixie cups	POP
iko iko|dr john	ROCK,RNB,FOLK
imaginary lover|atlanta rhythm section	POP,ROCK,RNB,COUNTRY,FOLK
imagination|belouis some	POP,ROCK,ELECTRONIC
imagination|tamia	POP,RNB
imagine that|ll cool j	POP,HIP_HOP,RNB,PUNK
imagine|ariana grande	POP
imagine|jack johnson	POP
imagine|tracie spencer	RNB
imitadora|romeo santos	LATIN
imitation of life|r e m	POP,ROCK
imma be|black eyed peas	POP,HIP_HOP
imma star everywhere we are|jeremih	POP,HIP_HOP,RNB
immigration man|graham nash and david crosby	POP,ROCK,COUNTRY,FOLK
immortals|fall out boy	ROCK,PUNK,EMO
immortal|j cole	HIP_HOP
impacto|daddy yankee featuring fergie	POP,HIP_HOP,LATIN
impossible dream|roger williams	POP
impossible|joe nichols	COUNTRY
impulsive|wilson phillips	POP
in a big country|big country	POP,ROCK,ELECTRONIC
in a little while|uncle kracker	POP,ROCK,COUNTRY
in a real love|phil vassar	COUNTRY
in america|charlie daniels band	ROCK,COUNTRY
in and out of love|bon jovi	ROCK,METAL
in and out of love|diana ross and the supremes	POP,RNB
in another world|joe diffie	COUNTRY
in color|jamey johnson	COUNTRY
in crowd|dobie gray	RNB
in crowd|ramsey lewis trio	RNB
in da club|50 cent	HIP_HOP
in da wind|trick daddy featuring cee lo and big boi	POP,HIP_HOP
in for the night|dirt band	POP,COUNTRY,FOLK
in france they kiss on main street|joni mitchell	POP,ROCK,FOLK
in it for love|england dan and john ford coley	POP
in love with a girl|gavin degraw	POP
in love with love|debbie harry	POP
in my arms|erasure	POP,ROCK,ELECTRONIC
in my bed|dru hill	POP,HIP_HOP,RNB
in my blood|shawn mendes	POP
in my dreams|dokken	ROCK,METAL
in my dreams|reo speedwagon	POP,ROCK,FOLK
in my feelings|drake	POP,HIP_HOP
in my head|jason derulo	POP,HIP_HOP
in my house|mary jane girls	RNB,ELECTRONIC
in my life|juvenile featuring mannie fresh	HIP_HOP,POP
in my lonely room|martha and the vandellas	POP,ROCK,RNB,ELECTRONIC
in my mind|heather headley	RNB
in my room|beach boys	POP,ROCK,FOLK,CLASSICAL
in my room|sagittarius	POP
in need of a friend|cowsills	POP,ROCK,FOLK
in neon|elton john	POP,ROCK
in our time|nancy sinatra	POP,FOLK
in some time|ronnie dove	POP
in the air tonight|phil collins	POP
in the arms of love|andy williams	POP,JAZZ,CLASSICAL
in the bad bad old days before you loved me|foundations	POP,RNB,FOLK
in the bush|musique	ELECTRONIC
in the chapel in the moonlight|dean martin	POP,JAZZ
in the closet|michael jackson	POP
in the dark|dev	POP
in the end|linkin park	ROCK,METAL
in the ghetto|candi staton	RNB,ELECTRONIC
in the ghetto|elvis presley	ROCK
in the heart of a woman|billy ray cyrus	COUNTRY
in the meantime|georgie fame and the blue flames	ROCK,RNB
in the meantime|spacehog	POP,ROCK
in the midnight hour|wilson pickett	POP,ROCK,RNB,ELECTRONIC,FOLK
in the misty moonlight|dean martin	POP,JAZZ
in the misty moonlight|jerry wallace	POP
in the mood|bette midler	POP
in the name of love|martin garrix and bebe rexha	POP,ELECTRONIC
in the night|weeknd	POP,HIP_HOP,RNB
in the quiet morning|joan baez	POP,FOLK
in the rain|dramatics	RNB,ELECTRONIC
in the shape of a heart|jackson browne	POP,ROCK,COUNTRY,FOLK
in the still of the night|paul anka	POP,ROCK
in the stone|earth wind and fire	RNB,ELECTRONIC
in the summer of his years|connie francis	POP,ROCK,RNB
in the summertime|mungo jerry	POP,RNB
in the time of our lives|iron butterfly	ROCK,RNB,FOLK
in the year 2525|zager and evans	POP,FOLK
in thee|blue oyster cult	POP,ROCK,RNB,METAL
in these arms|bon jovi	ROCK,METAL
in these changing times|four tops	POP,RNB,ELECTRONIC,FOLK
in those jeans|ginuwine	POP,HIP_HOP,RNB
in time|engelbert humperdinck	POP
in too deep|genesis	POP,ROCK
in walked love|expose	POP
in your arms|little caesar	ROCK,METAL
in your arms|nico and vinz	POP,HIP_HOP
in your letter|reo speedwagon	POP,ROCK,FOLK
in your room|bangles	POP,ROCK,ELECTRONIC
in your soul|corey hart	POP,ROCK,ELECTRONIC
incense and peppermints|strawberry alarm clock	POP,ROCK,FOLK
incomplete|backstreet boys	POP
incomplete|sisqo	POP,HIP_HOP,RNB
inconsolable|backstreet boys	POP
indescribably blue|elvis presley with the jordanaires and the imperials quartet	ROCK
indestructible|disturbed	ROCK,METAL
indestructible|four tops	POP,RNB,ELECTRONIC,FOLK
indian lake|cowsills	POP,ROCK,FOLK
indian love call|ray stevens	POP,COUNTRY
indian outlaw|tim mcgraw	COUNTRY
indian reservation the lament of the cherokee reservation indian|raiders	POP,ROCK,PUNK,FOLK,ELECTRONIC
indian summer|poco	POP,ROCK,COUNTRY,FOLK
indiana wants me|r dean taylor	POP,RNB
industrial disease|dire straits	POP,ROCK
infatuation|rod stewart	POP,ROCK
infinite|eminem	HIP_HOP,RNB
infinity|mariah carey	POP,RNB
infinity|one direction	POP
infrared|pusha t	HIP_HOP
inner city blues make me wanna holler|marvin gaye	RNB
innocent eyes|graham nash	POP,ROCK,COUNTRY,FOLK
innocent|taylor swift	POP
innocent|whispers	ROCK,RNB,ELECTRONIC
insane in the brain|cypress hill	HIP_HOP,PUNK
insane|eminem	HIP_HOP,RNB
insatiable|darren hayes	POP
insatiable|prince and the n p g	RNB
inseparable|natalie cole	POP,RNB,ELECTRONIC,JAZZ
inside a dream|jane wiedlin	POP
inside looking out|animals	ROCK,RNB,PUNK,FOLK
inside love so personal|george benson	POP,RNB,ELECTRONIC,JAZZ
inside my love|minnie riperton	RNB,ELECTRONIC
inside out|eve 6	POP,ROCK,PUNK,METAL
inside that i cried|cece peniston	ELECTRONIC
inside the fire|disturbed	ROCK,METAL
inside your heaven|bo bice	POP
inside your heaven|carrie underwood	POP,COUNTRY
insomnia|faithless	ELECTRONIC
instant karma we all shine on|john ono lennon	POP,ROCK,FOLK
instant replay|dan hartman	ELECTRONIC
intergalactic|beastie boys	ROCK,HIP_HOP
international harvester|craig morgan	COUNTRY
into the great wide open|tom petty and the heartbreakers	POP,ROCK,FOLK
into the mystic|johnny rivers	POP,ROCK,FOLK
into the night|benny mardones	POP
into the ocean|blue october	POP,ROCK,METAL
into your arms|lemonheads	POP,ROCK,COUNTRY
into you|ariana grande	POP
intro|j cole	HIP_HOP
intro|meek mill	POP,HIP_HOP
intuition|jewel	POP,ROCK,PUNK,FOLK
invisible man|98 degrees	POP
invisible tears|ray conniff singers	POP
invisible touch|genesis	POP,ROCK
invisible|ashlee simpson	POP
invisible|clay aiken	POP
invisible|hunter hayes	POP,COUNTRY
invitation to dance|kim carnes	POP
invitation|50 cent	HIP_HOP
iridescent|linkin park	ROCK,METAL
iris|goo goo dolls	POP,ROCK
iron man|black sabbath	ROCK,METAL
ironic|alanis morissette	POP,ROCK,FOLK
irreplaceable|beyonce	POP,RNB
irresistible|cathy dennis	POP,ELECTRONIC
irresistible|fall out boy	ROCK,PUNK,EMO
irresistible|jessica simpson	POP
is it any wonder|keane	POP,ROCK
is it good to you|heavy d and the boyz	POP,HIP_HOP,RNB,ELECTRONIC,PUNK
is it love|j j fad	HIP_HOP,ELECTRONIC
is it love|mr mister	POP,ROCK,ELECTRONIC
is it me|barbara mason	RNB
is it really over|jim reeves	POP,ROCK,COUNTRY
is it true|brenda lee	POP,ROCK,COUNTRY,JAZZ
is it you|lee ritenour	POP,RNB,JAZZ
is she really going out with him|joe jackson	POP,ROCK,ELECTRONIC,FOLK
is that all there is|peggy lee	POP,JAZZ
is that alright|lady gaga	POP
is that it|katrina and the waves	POP
is there more|drake	POP,HIP_HOP
is there something i should know|duran duran	POP,ROCK,ELECTRONIC
is this love|survivor	POP,ROCK
is this love|whitesnake	ROCK,RNB,METAL
is this the end|new edition	POP,HIP_HOP,RNB
is this what i get for loving you|ronettes featuring veronica	POP,ROCK,RNB
island girl|elton john	POP,ROCK
island of lost souls|blondie	POP,ROCK,ELECTRONIC
islands in the stream|kenny rogers duet with dolly parton	POP,COUNTRY
israelites|desmond dekker and the aces	ROCK,PUNK
issues|julia michaels	POP
issues|meek mill	POP,HIP_HOP
it amazes me|john denver	POP,FOLK
it can happen|yes	ROCK,JAZZ
it do feel good|donna fargo	COUNTRY
it ends tonight|all american rejects	POP,ROCK,PUNK
it feels so good to be loved so bad|manhattans	RNB,ELECTRONIC
it feels so good|steven tyler	COUNTRY
it feels so right|elvis presley with the jordanaires	ROCK
it girl|jason derulo	POP,HIP_HOP
it goes like this|thomas rhett	COUNTRY
it happens|sugarland	POP,COUNTRY
it hit me like a hammer|huey lewis and the news	POP,ROCK,ELECTRONIC,FOLK
it hurts so bad|kim carnes	POP
it hurts to be in love|gene pitney	POP,ROCK,FOLK
it hurts too much|eric carmen	POP,ROCK,ELECTRONIC,FOLK
it just comes natural|george strait	COUNTRY
it kills me|melanie fiona	POP,RNB
it makes me giggle|john denver	POP,FOLK
it matters to me|faith hill	POP,COUNTRY
it might be you|stephen bishop	POP,COUNTRY,FOLK
it must be him|vikki carr	POP
it must be love|alan jackson	COUNTRY
it must be love|madness	ELECTRONIC,PUNK
it must be love|robin s	ELECTRONIC
it must have been love from pretty woman|roxette	POP
it never rains in southern california|albert hammond	POP
it never rains in southern california|tony toni tone	POP,HIP_HOP,RNB
it only takes a minute|tavares	RNB,ELECTRONIC
it should have been me|gladys knight and the pips	POP,RNB,ELECTRONIC
it should have been me|yvonne fair	RNB
it sure took a long long time|lobo	POP,FOLK
it takes time|marshall tucker band	POP,ROCK,RNB,COUNTRY,FOLK
it takes two|rob base and d j e z rock	HIP_HOP,ELECTRONIC
it tears me up|percy sledge	POP,RNB
it was a good day|ice cube	HIP_HOP,RNB,PUNK
it was a very good year|della reese	JAZZ
it was a very good year|frank sinatra	POP
it was almost like a song|ronnie milsap	COUNTRY
it was always you|maroon 5	POP
it was|chely wright	COUNTRY
it will rain|bruno mars	POP
it would take a strong strong man|rick astley	POP,ROCK,ELECTRONIC
itchycoo park|small faces	POP,ROCK,RNB,PUNK,FOLK
itch|vitamin c	POP
ivory|bob seger system	POP,ROCK,FOLK
ivy|frank ocean	POP,HIP_HOP,RNB
i|kendrick lamar	HIP_HOP
jack and diane|john cougar	POP,ROCK,FOLK
jack and jill|raydio	POP
jack and jill|tommy roe	POP,ROCK,FOLK
jack ass|beck	POP,ROCK,FOLK
jackie blue|ozark mountain daredevils	POP,ROCK,COUNTRY,FOLK
jackie brown|john mellencamp	POP,ROCK,FOLK
jackson|nancy sinatra and lee hazlewood	POP,FOLK,ROCK,COUNTRY,CLASSICAL
jaded|aerosmith	ROCK
jaded|drake	POP,HIP_HOP
jailer bring me water|trini lopez	POP,ROCK
jam on it|newcleus	HIP_HOP,RNB,ELECTRONIC
jam tonight|freddie jackson	RNB,ELECTRONIC
jam was moving|debbie harry	POP
jamaica ska|ska kings	ELECTRONIC,PUNK,ROCK
jambalaya on the bayou|nitty gritty dirt band	POP,COUNTRY,FOLK
james bond theme|billy strange	POP
james dean|eagles	POP,ROCK,FOLK
jamie|ray parker jr	POP,RNB,ELECTRONIC
jam|graham central station	RNB
jam|michael jackson	POP
janet|commodores	POP,RNB,ELECTRONIC
jane|jefferson starship	POP,ROCK,COUNTRY,FOLK
january|pilot	POP,ROCK
japan|famous dex	HIP_HOP
jar of hearts|christina perri	POP
jazzman|carole king	POP,ROCK,FOLK
jazzy belle|outkast	HIP_HOP
jealous again|black crowes	POP,ROCK,RNB
jealous heart|connie francis	POP,ROCK,RNB
jealous kind of fella|garland green	RNB
jealous love|wilson pickett	POP,ROCK,RNB,ELECTRONIC,FOLK
jealousy|adventures of stevie v	ELECTRONIC
jealousy|major harris	RNB
jealousy|natalie merchant	POP,FOLK
jealous|gene loves jezebel	POP,ROCK,ELECTRONIC
jealous|nick jonas	POP
jeans on|david dundas	POP
jelly jungle of orange marmalade|lemon pipers	POP,ROCK,FOLK
jennifer eccles|hollies	POP,ROCK,FOLK
jennifer juniper|donovan	POP,ROCK,PUNK,FOLK
jennifer|bobby sherman	POP
jeopardy|greg kihn band	ROCK
jerk and twine|jackie ross	RNB
jerk it out|caesars	ROCK
jersey|future	POP,HIP_HOP
jerusalem|herb alpert and the tijuana brass	POP
jesse|carly simon	POP,FOLK
jesse|julian lennon	POP
jesse|roberta flack	POP,RNB,ELECTRONIC,JAZZ,FOLK
jessica|allman brothers band	POP,ROCK,RNB,COUNTRY,FOLK
jesus he knows me|genesis	POP,ROCK
jesus is just alright|byrds	POP,ROCK,RNB,COUNTRY,FOLK
jesus take the wheel|carrie underwood	POP,COUNTRY
jesus to a child|george michael	POP,ELECTRONIC
jesus walks|kanye west	HIP_HOP
jet black heart|5 seconds of summer	POP
jim dandy|black oak arkansas	ROCK,RNB,COUNTRY
jimmy choo|fetty wap	POP,HIP_HOP
jimmy lee|aretha franklin	RNB
jimmy loves mary anne|looking glass	POP
jimmy mack|martha and the vandellas	POP,ROCK,RNB,ELECTRONIC
jimmy mack|sheena easton	POP,ROCK
jingle jangle|archies	POP,ROCK,FOLK
jingo|santana	ROCK,RNB
joanna|kool and the gang	RNB,ELECTRONIC
joanne|michael nesmith and the first national band	POP,COUNTRY
jocelyn flores|xxxtentacion	HIP_HOP,EMO
joey|concrete blonde	POP
joey|sugarland	POP,COUNTRY
john cougar john deere john 3 16|keith urban	COUNTRY
john deere green|joe diffie	COUNTRY
johnny and june|heidi newfield	COUNTRY
johnny b goode|johnny winter	ROCK,RNB
johnny b|hooters	POP,ROCK
johnny cash|jason aldean	COUNTRY
johnny come home|fine young cannibals	POP,ROCK,ELECTRONIC
johnny have you seen her|rembrandts	POP
johnny one time|brenda lee	POP,ROCK,COUNTRY,JAZZ
join together|who	POP,ROCK,PUNK,FOLK
jojo|boz scaggs	POP,ROCK,COUNTRY,FOLK
joker went wild|brian hyland	POP,ROCK,RNB,FOLK
jokers|peter and gordon	POP,ROCK,RNB,FOLK
joker|steve miller band	POP,ROCK,RNB,FOLK
jolene|dolly parton	COUNTRY
jolly green giant|kingsmen	ROCK
jones vs jones|kool and the gang	RNB,ELECTRONIC
jonestown interlude|post malone	POP,HIP_HOP
jorja interlude|drake	POP,HIP_HOP
josie|kris kristofferson	ROCK,COUNTRY,FOLK
josie|steely dan	POP,ROCK,RNB,FOLK
journey to the center of the mind|amboy dukes	ROCK,PUNK
joy to the world|three dog night	POP,ROCK,RNB,COUNTRY,FOLK
joyride|roxette	POP
joystick|dazz band	RNB,ELECTRONIC
joy|blackstreet	POP,HIP_HOP,RNB
joy|teddy pendergrass	RNB,ELECTRONIC
ju ju hand|sam the sham and the pharaohs	POP,ROCK,PUNK,FOLK
judas|lady gaga	POP
judy|elvis presley	ROCK
juicebox|strokes	ROCK
juice|yo gotti	POP,HIP_HOP
juicy fruit|mtume	RNB,ELECTRONIC
juke box hero|foreigner	POP,ROCK
jukin|atlanta rhythm section	POP,ROCK,RNB,COUNTRY,FOLK
julia|ramsey lewis	RNB,JAZZ
julie do ya love me|bobby sherman	POP
jumbo|bee gees	POP,ELECTRONIC
jump around|house of pain	HIP_HOP,PUNK
jump back|king curtis	RNB,JAZZ
jump back|rufus thomas	RNB
jump for my love|pointer sisters	POP,RNB,ELECTRONIC
jump into the fire|nilsson	POP,ROCK,FOLK
jump out the window|big sean	POP,HIP_HOP
jump right in|zac brown band	COUNTRY
jump start|natalie cole	POP,RNB,ELECTRONIC,JAZZ
jump then fall|taylor swift	POP
jump to it|aretha franklin	RNB
jumper|third eye blind	POP,ROCK,PUNK
jumpsuit|twenty one pilots	ROCK,PUNK
jump|aretha franklin	RNB
jump|kris kross	HIP_HOP,RNB
jump|van halen	ROCK,METAL
jungle boogie|kool and the gang	RNB,ELECTRONIC
jungle boy|john eddie	ROCK
jungle love|time	RNB,ELECTRONIC
jungle|b b king	ROCK,RNB
junk food junkie|larry groce	SOUNDTRACK
jus lyke compton|dj quik	POP,HIP_HOP,RNB,PUNK
just a dream|carrie underwood	POP,COUNTRY
just a friend|biz markie	HIP_HOP,ELECTRONIC,PUNK
just a girl|no doubt	POP,ROCK
just a kiss|lady antebellum	POP,COUNTRY
just a lil bit|50 cent	HIP_HOP
just a little bit longer|maxi priest	ROCK
just a little bit of you|michael jackson	POP
just a little bit|blue cheer	ROCK,RNB,PUNK
just a little misunderstanding|contours	POP,RNB
just a little while|janet jackson	POP,RNB
just a little|beau brummels	POP,ROCK,COUNTRY,FOLK
just a smile|pilot	POP,ROCK
just a song before i go|crosby stills and nash	POP,ROCK,RNB,COUNTRY,FOLK
just another case|cru featuring slick rick	HIP_HOP,PUNK
just another day in paradise|bertie higgins	POP
just another day in paradise|phil vassar	COUNTRY
just another day|jon secada	POP
just another day|oingo boingo	POP,ROCK,ELECTRONIC
just another day|queen latifah	POP,HIP_HOP,SOUNDTRACK
just another night|ian hunter	POP,ROCK
just another night|mick jagger	ROCK
just as i am|air supply	POP
just as much as ever|bobby vinton	POP,ROCK,RNB
just be a man about it|toni braxton	POP,RNB
just be good to me|s o s band	RNB,ELECTRONIC
just be my lady|larry graham	RNB,ELECTRONIC
just be sincere|jackie wilson	POP,ROCK,RNB
just be true|gene chandler	POP,RNB
just because|anita baker	RNB,JAZZ
just between you and me|april wine	POP,ROCK,COUNTRY
just between you and me|lou gramm	POP,ROCK
just breathe|pearl jam	ROCK
just fine|mary j blige	POP,HIP_HOP,RNB
just for the moment|ray kennedy	POP
just for tonight|vanessa williams	RNB
just for you|lionel richie	COUNTRY,POP,RNB,ELECTRONIC
just friends sunny|musiq	POP,HIP_HOP,RNB
just got paid|johnny kemp	RNB
just in case|jaheim	POP,RNB
just keep breathing|we the kings	POP,ROCK,PUNK,EMO
just let me be in love|tracy byrd	COUNTRY
just like a pill|p nk	POP
just like a woman|bob dylan	POP,ROCK,FOLK
just like heaven|cure	ROCK,ELECTRONIC
just like jesse james|cher	POP,SOUNDTRACK
just like me|jamie foxx featuring t i	POP,HIP_HOP,RNB
just like me|paul revere and the raiders featuring mark lindsay	POP,ROCK,PUNK,FOLK
just like paradise|david lee roth	ROCK,METAL
just like paradise|larry john mcnally	POP
just like romeo and juliet|sha na na	SOUNDTRACK
just like starting over|john lennon	POP,ROCK,FOLK
just like you|robbie nevil	POP
just like you|three days grace	ROCK,PUNK,METAL
just lose it|eminem	HIP_HOP,RNB
just might make me believe|sugarland	POP,COUNTRY
just my imagination running away with me|temptations	RNB
just once in a lifetime|brenda and the tabulations	RNB
just once in my life|righteous brothers	POP,ROCK,RNB,FOLK
just one kiss from you|impressions	POP,RNB
just one look|anne murray	POP,COUNTRY,FOLK
just one look|hollies	POP,ROCK,FOLK
just one more day|otis redding	RNB
just one more time|headpins	ROCK
just one smile|gene pitney	POP,ROCK,FOLK
just out of reach of my two empty arms|percy sledge	POP,RNB
just remember i love you|firefall	POP,ROCK,COUNTRY,FOLK
just seven numbers can straighten out my life|four tops	POP,RNB,ELECTRONIC,FOLK
just seventeen|raiders	POP,ROCK,PUNK,FOLK,ELECTRONIC
just so lonely|get wet	ELECTRONIC
just stand up|artists stand up to cancer	POP,ROCK,FOLK,RNB,HIP_HOP,COUNTRY
just tah let u know|eazy e	HIP_HOP,RNB,PUNK
just take my heart|mr big	ROCK,METAL
just the girl|click five	POP,PUNK,EMO
just the same way|journey	POP,ROCK
just the two of us|will smith	HIP_HOP
just the way it is baby|rembrandts	POP
just the way you are|billy joel	POP,ROCK,FOLK
just the way you are|bruno mars	POP
just the way you like it|s o s band	RNB,ELECTRONIC
just to be close to you|commodores	POP,RNB,ELECTRONIC
just to see her|smokey robinson	RNB,ELECTRONIC
just too many people|melissa manchester	POP
just want you to know|backstreet boys	POP
just what i needed|cars	POP,ROCK,ELECTRONIC,FOLK
just when i needed you most|randy vanwarmer	POP
just you and i|melissa manchester	POP
just you|sonny and cher	POP,ROCK,FOLK
justify my love|madonna	POP
justine|righteous brothers	POP,ROCK,RNB,FOLK
kalimba story|earth wind and fire	RNB,ELECTRONIC
kamikaze|eminem	HIP_HOP,RNB
kamikaze|lil mosey	HIP_HOP
kansas city star|roger miller	COUNTRY,FOLK
kansas city|james brown and the famous flames	RNB
kansas city|trini lopez	POP,ROCK
karma chameleon|culture club	POP,ROCK,ELECTRONIC
karma|alicia keys	POP,RNB
karma|lloyd banks featuring avant	HIP_HOP,PUNK
karma|queen naija	POP,RNB
katmandu|bob seger	POP,ROCK,FOLK
kayleigh|marillion	POP,ROCK
keep coming back|richard marx	POP,ROCK
keep feeling fascination|human league	POP,ROCK,ELECTRONIC
keep holding on|avril lavigne	POP
keep holding on|temptations	RNB
keep it in the family|leon haywood	RNB,ELECTRONIC
keep it together|madonna	POP
keep me in mind|zac brown band	COUNTRY
keep on dancing|gentrys	POP
keep on loving you|reo speedwagon	POP,ROCK,FOLK
keep on pushing|impressions	POP,RNB
keep on running|spencer davis group	POP,ROCK,RNB,PUNK,FOLK
keep on running|stevie wonder	RNB
keep on singing|helen reddy	POP,FOLK
keep on trying|bobby vee	POP,ROCK,RNB,FOLK
keep our love alive|paul davis	POP,ROCK,COUNTRY,FOLK
keep the faith|bon jovi	ROCK,METAL
keep the family close|drake	POP,HIP_HOP
keep the fire|kenny loggins	POP,ROCK
keep the one you got|joe tex	RNB
keep ya head up|2pac	HIP_HOP,RNB
keep your eye on me|herb alpert	POP,JAZZ
keep your eye on the sparrow|merry clayton	RNB
keep your hands to yourself|georgia satellites	ROCK,RNB,COUNTRY
keep your head to the sky|earth wind and fire	RNB,ELECTRONIC
keep your head up|andy grammer	POP
keeper of the castle|four tops	POP,RNB,ELECTRONIC,FOLK
keeper of the stars|tracy byrd	COUNTRY
keeping our love alive|henry paul band	ROCK
keeping the faith|billy joel	POP,ROCK,FOLK
keg in the closet|kenny chesney	COUNTRY
kentucky rain|elvis presley	ROCK
kentucky woman|deep purple	ROCK,RNB,METAL
kentucky woman|neil diamond	POP,ROCK,FOLK
kernkraft 400|zombie nation	ELECTRONIC
kerosene|miranda lambert	COUNTRY
key largo|bertie higgins	POP
key west intermezzo i saw you first|john mellencamp	POP,ROCK,FOLK
kick it out|heart	POP,ROCK
kick out the jams|mc5	ROCK,RNB,PUNK
kick push|lupe fiasco	HIP_HOP
kick the dust up|luke bryan	COUNTRY
kickstart my heart|motley crue	ROCK,METAL
kid charlemagne|steely dan	POP,ROCK,RNB,FOLK
kid is hot tonite|loverboy	POP,ROCK,METAL
kid stuff|barbara fairchild	COUNTRY
kids in america|kim wilde	POP,ROCK,ELECTRONIC
kids say the darndest things|tammy wynette	COUNTRY
kids see ghosts|kids see ghosts	HIP_HOP
kids|mgmt	POP,ROCK,ELECTRONIC
kids|onerepublic	POP,ROCK,HIP_HOP
kiko|jimmy mcgriff	RNB,JAZZ
kill em with kindness|selena gomez	POP
killa|cherish featuring yung joc	HIP_HOP,POP,RNB
killer joe|kingsmen	ROCK
killer joe|quincy jones	RNB,ELECTRONIC
killer queen|queen	ROCK
killer|seal	POP,RNB
killing me softly with his song|roberta flack	POP,RNB,ELECTRONIC,JAZZ,FOLK
killing me softly|al b sure	POP,RNB
killshot|eminem	HIP_HOP,RNB
kind of a drag|buckinghams	POP,ROCK,FOLK
kindly unspoken|kate voegele	POP
king for a day|thompson twins	POP,ROCK,ELECTRONIC
king heroin|james brown	RNB
king is gone|ronnie mcdowell	COUNTRY,POP
king kong|jibbs featuring chamillionaire	HIP_HOP
king kunta|kendrick lamar	HIP_HOP
king midas in reverse|hollies	POP,ROCK,FOLK
king nothing|metallica	ROCK,METAL
king of anything|sara bareilles	POP
king of nothing|seals and crofts	POP,ROCK,COUNTRY,FOLK
king of pain|police	POP,ROCK,ELECTRONIC
king of suede|weird al yankovic	POP,ROCK
king of the dancehall|beenie man	ELECTRONIC
king of the road|roger miller	COUNTRY,FOLK
king wizard|kid cudi	HIP_HOP
kings and queens|aerosmith	ROCK
kings and queens|thirty seconds to mars	ROCK,PUNK
kings of the party|brownsville station	ROCK,COUNTRY
kiss and make up|dua lipa and blackpink	POP
kiss and say goodbye|manhattans	RNB,ELECTRONIC
kiss and tell|isley jasper isley	RNB
kiss away|ronnie dove	POP
kiss from a rose|seal	POP,RNB
kiss in the dark|pink lady	JAZZ
kiss it better|rihanna	POP,RNB
kiss me deadly|lita ford	ROCK,METAL
kiss me goodbye|petula clark	POP,ROCK,FOLK
kiss me in the rain|barbra streisand	POP,ELECTRONIC,SOUNDTRACK
kiss me kiss me|5 seconds of summer	POP
kiss me quick|elvis presley with the jordanaires	ROCK
kiss me sailor|diane renay	POP
kiss me|sixpence none the richer	POP
kiss of life|sade	RNB
kiss on my list|daryl hall john oates	POP,ROCK,FOLK
kiss somebody|morgan evans	POP,COUNTRY
kiss the bride|elton john	POP,ROCK
kiss the girl|ashley tisdale	POP
kiss them for me|siouxsie and the banshees	POP,ROCK,ELECTRONIC,PUNK
kiss this thing goodbye|del amitri	POP,ROCK
kiss this|aaron tippin	COUNTRY
kiss tomorrow goodbye|luke bryan	COUNTRY
kiss you all over|no mercy	POP,ELECTRONIC
kiss you back|digital underground	HIP_HOP,RNB,ELECTRONIC,PUNK
kiss you in the morning|michael ray	COUNTRY
kiss you|one direction	POP
kissed you good night|gloriana	COUNTRY
kisses down low|kelly rowland	POP,HIP_HOP,RNB
kisses on the wind|neneh cherry	POP,RNB
kissin u|miranda cosgrove	POP
kissing a fool|george michael	POP,ELECTRONIC
kissing my love|bill withers	RNB
kissing you|keith washington	RNB
kiss|prince and the revolution	RNB
knight in rusty armour|peter and gordon	POP,ROCK,RNB,FOLK
knock knock|mac miller	HIP_HOP
knock knock|monica	POP,HIP_HOP,RNB
knock on wood|amii stewart	ELECTRONIC
knock on wood|eddie floyd	RNB
knock on wood|otis and carla	RNB
knock three times|dawn	POP
knocked out|paula abdul	POP
knocking at your back door|deep purple	ROCK,RNB,METAL
knockout|lil wayne featuring nicki minaj	POP,HIP_HOP
knocks me off my feet|donell jones	POP,HIP_HOP,RNB
know your enemy|green day	ROCK,PUNK
know yourself|drake	POP,HIP_HOP
knowing me knowing you|abba	POP
knucklehead|bar kays	POP,RNB,ELECTRONIC
ko ko joe|jerry reed	COUNTRY
kodachrome|paul simon	POP,ROCK,FOLK
kod|j cole	HIP_HOP
kooda|6ix9ine	EMO
kozmic blues|janis joplin	ROCK,RNB,FOLK
kryptonite|3 doors down	POP,ROCK,PUNK,METAL
kung fu fighting|carl douglas	ELECTRONIC
kung fu|curtis mayfield	RNB,ELECTRONIC
kyrie|mr mister	POP,ROCK,ELECTRONIC
l a sunshine|war	RNB
l a woman|billy idol	POP,ROCK,ELECTRONIC
l d|a ap rocky	POP,HIP_HOP
l o n e l y|bobby vinton	POP,ROCK,RNB
l o v e love|al green	RNB
l o v e|ashlee simpson	POP
l o v e|nat king cole	POP,JAZZ
la bamba|los lobos	ROCK
la bomba|azul azul	LATIN
la camisa negra|juanes	POP,ROCK,LATIN
la di da|sad cafe	POP
la familia|frost	HIP_HOP
la grange|zz top	ROCK,RNB,METAL
la isla bonita|madonna	POP
la la la if i had you|bobby sherman	POP
la la land|demi lovato	POP
la la la|gerry and the pacemakers	POP,ROCK,FOLK
la la la|lmfao	POP,HIP_HOP
la la means i love you|delfonics	RNB,ELECTRONIC
la la means i love you|tierra	RNB
la la peace song|al wilson	RNB
la la|ashlee simpson	POP
la raza|kid frost	HIP_HOP
labios compartidos|mana	ROCK,LATIN
ladies love country boys|trace adkins	COUNTRY
ladies night|kool and the gang	RNB,ELECTRONIC
lady bird|nancy sinatra and lee hazlewood	POP,FOLK,ROCK,COUNTRY,CLASSICAL
lady blue|leon russell	POP,ROCK,RNB,COUNTRY,FOLK
lady down on love|alabama	COUNTRY
lady eleanor|lindisfarne	POP,ROCK,FOLK
lady friend|byrds	POP,ROCK,RNB,COUNTRY,FOLK
lady godiva|peter and gordon	POP,ROCK,RNB,FOLK
lady hear me tonight|modjo	ELECTRONIC
lady in red|chris de burgh	POP
lady love me one more time|george benson	POP,RNB,ELECTRONIC,JAZZ
lady love|lou rawls	POP,RNB,ELECTRONIC,JAZZ
lady madonna|beatles	ROCK
lady madonna|fats domino	POP,ROCK,RNB
lady marmalade|labelle	RNB,ELECTRONIC
lady put the light on me|brownsville station	ROCK,COUNTRY
lady soul|temptations	RNB
lady willpower|gary puckett and the union gap	POP,ROCK,FOLK
lady writer|dire straits	POP,ROCK
lady you bring me up|commodores	POP,RNB,ELECTRONIC
lady|jack jones	POP,JAZZ
lady|kenny rogers	POP,COUNTRY
lady|lenny kravitz	POP,ROCK
lady|little river band	POP,ROCK,COUNTRY,FOLK
lady|styx	POP,ROCK
lady|whispers	ROCK,RNB,ELECTRONIC
laffy taffy|d4l	HIP_HOP
laid back love|major harris	RNB
laid|james	POP,ROCK,ELECTRONIC
lamborghini angels|lupe fiasco	HIP_HOP
lament of the cherokee indian reservation|don fardon	POP
lamplight|david essex	POP,ROCK
land of 1000 dances|wilson pickett	POP,ROCK,RNB,ELECTRONIC,FOLK
land of a thousand dances|j geils band	POP,ROCK,RNB,COUNTRY,FOLK
land of confusion|genesis	POP,ROCK
land of la la|stevie wonder	RNB
land of make believe|chuck mangione with the hamilton philharmonic orchestra	JAZZ
land of milk and honey|vogues	POP,ROCK,RNB,FOLK
landed|ben folds	POP,ROCK
landlord|gladys knight and the pips	POP,RNB,ELECTRONIC
landslide|dixie chicks	COUNTRY
landslide|fleetwood mac	POP,ROCK
landslide|olivia newton john	POP,ELECTRONIC,SOUNDTRACK
language of love|dan fogelberg	POP,ROCK,COUNTRY,FOLK
language|drake	POP,HIP_HOP
laredo|chris cagle	COUNTRY
larger than life|backstreet boys	POP
lark on my go kart|asher roth	HIP_HOP
last call|lee ann womack	COUNTRY
last chance to turn around|gene pitney	POP,ROCK,FOLK
last child|aerosmith	ROCK
last christmas|ariana grande	POP
last christmas|wham	POP,ROCK,RNB,ELECTRONIC
last dance|donna summer	POP,RNB,ELECTRONIC
last day of my life|phil vassar	COUNTRY
last dayz|onyx	HIP_HOP,PUNK
last dollar fly away|tim mcgraw	COUNTRY
last farewell|roger whittaker	POP
last friday night t g i f|katy perry	POP
last kiss|pearl jam	ROCK
last kiss|taylor swift	POP
last memory|takeoff	HIP_HOP
last mile|cinderella	ROCK,METAL
last minute miracle|shirelles	POP,ROCK,RNB
last name|carrie underwood	POP,COUNTRY
last night on earth|u2	ROCK
last of the singing cowboys|marshall tucker band	POP,ROCK,RNB,COUNTRY,FOLK
last one standing|emerson drive	COUNTRY
last resort|papa roach	ROCK,HIP_HOP,PUNK,METAL
last shot|kip moore	COUNTRY
last song|edward bear	ROCK
last song|elton john	POP,ROCK
last tango in paris|herb alpert and the tijuana brass	POP
last thing on my mind|neil diamond	POP,ROCK,FOLK
last time i saw him|diana ross	POP,RNB,ELECTRONIC
last time|trey songz	POP,HIP_HOP,RNB
last train to clarksville|monkees	POP,ROCK,FOLK
last train to london|electric light orchestra	POP,ROCK,FOLK
last waltz|engelbert humperdinck	POP
last word in lonesome is me|eddy arnold	COUNTRY
last worthless evening|don henley	POP,ROCK,FOLK
late in the evening|paul simon	POP,ROCK,FOLK
lately|stevie wonder	RNB
lately|tyrese	POP,HIP_HOP,RNB
later on|swon brothers	COUNTRY
latin active|lighter shade of brown featuring teardrop and shiro	HIP_HOP
laugh at me|sonny	POP,ROCK,FOLK
laugh laugh|beau brummels	POP,ROCK,COUNTRY,FOLK
laughed until we cried|jason aldean	COUNTRY
laughing|guess who	POP,ROCK,RNB,COUNTRY,FOLK
laughter in the rain|neil sedaka	POP,ROCK,RNB,FOLK
lawyers in love|jackson browne	POP,ROCK,COUNTRY,FOLK
lay all your love on me|information society	POP,ROCK,ELECTRONIC
lay away|isley brothers	RNB,ELECTRONIC
lay down sally|eric clapton	POP,ROCK,RNB
lay it down|lloyd	POP,HIP_HOP,RNB
lay it down|ratt	ROCK,METAL
lay it on the line|triumph	POP,ROCK,METAL
lay lady lay|bob dylan	POP,ROCK,FOLK
lay lady lay|isley brothers	RNB,ELECTRONIC
lay low|snoop dogg featuring master p nate dogg butch cassidy and tha eastsidaz	HIP_HOP,RNB
lay me down|dirty heads featuring rome	ROCK
lay me down|sam smith	POP,RNB
lay some happiness on me|dean martin	POP,JAZZ
lay your hands on me|bon jovi	ROCK,METAL
lay your hands on me|thompson twins	POP,ROCK,ELECTRONIC
lay your head on my pillow|tony toni tone	POP,HIP_HOP,RNB
layla|eric clapton	POP,ROCK,RNB,COUNTRY,FOLK
lazarus|david bowie	ROCK,ELECTRONIC,PUNK
lazy day|spanky and our gang	POP,ROCK,FOLK
lazy elsie molly|chubby checker	POP,ROCK,RNB
lazy song|bruno mars	POP
le freak|chic	RNB,ELECTRONIC
lead a double life|loverboy	POP,ROCK,METAL
lead me on|amy grant	ROCK
lead me on|maxine nightingale	POP
leader of the band|dan fogelberg	POP,ROCK,COUNTRY,FOLK
leader of the pack|shangri las	POP
leader of the pack|twisted sister	ROCK,METAL
lean back|terror squad	POP,HIP_HOP,RNB,PUNK
lean on me|bill withers	RNB
lean on me|club nouveau	RNB,ELECTRONIC
lean on me|kirk franklin featuring mary j blige bono r kelly crystal lewis and the family	RNB
lean wit it rock wit it|dem franchize boyz featuring lil peanut and charlay	POP,HIP_HOP
lean wit me|juice wrld	HIP_HOP
learn to fly|foo fighters	ROCK,METAL
learn to let go|kesha	POP,HIP_HOP
learning how to bend|gary allan	COUNTRY
learning to fly|pink floyd	ROCK
learning to fly|tom petty and the heartbreakers	POP,ROCK,FOLK
leave a light on|belinda carlisle	POP,ROCK,ELECTRONIC
leave a tender moment alone|billy joel	POP,ROCK,FOLK
leave it|yes	ROCK,JAZZ
leave me alone ruby red dress|helen reddy	POP,FOLK
leave me alone|flipp dinero	HIP_HOP
leave out all the rest|linkin park	ROCK,METAL
leave right now|will young	POP,RNB
leave the night on|sam hunt	COUNTRY
leave the pieces|wreckers	POP,COUNTRY
leave virginia alone|rod stewart	POP,ROCK
leave your lover|sam smith	POP
leaving here|eddie holland	RNB
leaving las vegas|sheryl crow	POP,ROCK,FOLK
leaving on a jet plane|peter paul and mary	POP,FOLK
lebanon|human league	POP,ROCK,ELECTRONIC
left hand free|alt j	ROCK
left in the dark|barbra streisand	POP,ELECTRONIC,SOUNDTRACK
left to my own devices|pet shop boys	POP,ROCK,ELECTRONIC
leftovers|millie jackson	RNB
legal tender|b 52s	POP,ROCK,ELECTRONIC,PUNK
legend in your own time|carly simon	POP,FOLK
legend of a cowgirl|imani coppola	POP
legend of wooley swamp|charlie daniels band	ROCK,COUNTRY
legends|juice wrld	HIP_HOP
legends|kelsea ballerini	POP,COUNTRY
legend|drake	POP,HIP_HOP
lego house|ed sheeran	POP
leila|zz top	ROCK,RNB,METAL
lemon tree|trini lopez	POP,ROCK
lemonade|gucci mane	POP,HIP_HOP
lemon|n e r d and rihanna	HIP_HOP,POP,RNB
leona|wet willie	ROCK,COUNTRY
leopard skin pill box hat|bob dylan	POP,ROCK,FOLK
les bicyclettes de belsize|engelbert humperdinck	POP
lessons in love|level 42	POP,ROCK,RNB,ELECTRONIC
lesson|vikki carr	POP
let a woman be a woman let a man be a man|dyke and the blazers	RNB
let her cry|hootie and the blowfish	POP,ROCK
let her go|passenger	POP
let her in|john travolta	SOUNDTRACK
let him go|animotion	POP,ROCK,ELECTRONIC
let it all blow|dazz band	RNB,ELECTRONIC
let it all work out|lil wayne	POP,HIP_HOP
let it be me|glen campbell and bobbie gentry	POP,COUNTRY,FOLK
let it be me|sweet inspirations	POP,RNB
let it be me|willie nelson	COUNTRY,FOLK
let it be|joan baez	POP,FOLK
let it go let it flow|dave mason	POP,ROCK,RNB,COUNTRY,FOLK
let it go|james bay	POP
let it go|keyshia cole featuring missy elliott and lil kim	POP,HIP_HOP,RNB
let it go|tim mcgraw	COUNTRY
let it out let it all hang out|hombres	ROCK
let it rain|eric clapton	POP,ROCK,RNB
let it ride|bachman turner overdrive	POP,ROCK,RNB,COUNTRY,FOLK
let it shine|santana	ROCK,RNB
let it sing|kevin gates	HIP_HOP
let it snow let it snow let it snow|dean martin	POP,JAZZ
let it whip|dazz band	RNB,ELECTRONIC
let love come between us|james and bobby purify	RNB
let love rule|lenny kravitz	POP,ROCK
let me back in|tyrone davis	RNB
let me be good to you|carla thomas	RNB
let me be lonely|dionne warwick	POP,RNB,ELECTRONIC
let me be the clock|smokey robinson	RNB,ELECTRONIC
let me be the man my daddy was|chi lites	RNB,ELECTRONIC
let me be the one|blessid union of souls	POP,ROCK,PUNK
let me be the one|expose	POP
let me be the one|five star	POP
let me be there|olivia newton john	POP,ELECTRONIC,SOUNDTRACK
let me be your angel|stacy lattisaw	RNB,ELECTRONIC
let me be your lovemaker|betty wright	RNB
let me be|turtles	POP,ROCK,FOLK
let me down easy|billy currington	COUNTRY
let me down easy|cornelius brothers and sister rose	RNB
let me down easy|roger daltrey	ROCK
let me get to know you|paul anka	POP,ROCK
let me go to him|dionne warwick	POP,RNB,ELECTRONIC
let me go|3 doors down	POP,ROCK,PUNK,METAL
let me go|heaven 17	POP,ROCK,ELECTRONIC
let me go|ray parker jr	POP,RNB,ELECTRONIC
let me go|rings	PUNK
let me hold you|bow wow featuring omarion	POP,HIP_HOP,RNB
let me in|derringer	ROCK,RNB
let me in|eddie money	POP,ROCK,COUNTRY,FOLK
let me in|osmonds	POP
let me in|young buck	HIP_HOP,PUNK
let me know i have a right|gloria gaynor	ELECTRONIC
let me let go|faith hill	POP,COUNTRY
let me love you once|greg lake	ROCK
let me love you tonight|pure prairie league	POP,ROCK,COUNTRY,FOLK
let me love you until you learn to love yourself|ne yo	POP,HIP_HOP,RNB
let me love you|mario	POP,HIP_HOP,RNB
let me ride|dr dre	RNB,POP
let me roll|scarface	HIP_HOP,PUNK
let me see ya girl|cole swindell	COUNTRY
let me serenade you|three dog night	POP,ROCK,RNB,COUNTRY,FOLK
let me start tonite|lamont dozier	RNB
let me talk|earth wind and fire	RNB,ELECTRONIC
let me tell you babe|nat king cole	POP,JAZZ
let me try again laisse moi le temps|frank sinatra	POP
let me|pat green	COUNTRY
let me|paul revere and the raiders featuring mark lindsay	POP,ROCK,PUNK,FOLK,ELECTRONIC
let me|zayn	POP
let my love open the door|pete townshend	POP,ROCK,PUNK,FOLK
let the day begin|call	ROCK
let the feeling flow|peabo bryson	POP,RNB
let the good times roll and feel so good|bunny sigler	RNB
let the good times roll|roy orbison	POP,ROCK,FOLK
let the heartaches begin|long john baldry	RNB
let the music play|barry white	POP,RNB,ELECTRONIC
let the music play|shannon	ELECTRONIC
let the song last forever|dan hill	POP
let them be little|billy dean	COUNTRY
let there be cowgirls|chris cagle	COUNTRY
let there be music|orleans	POP,ROCK,COUNTRY,FOLK
let this be a letter to my baby|jackie wilson	POP,ROCK,RNB
let you down|nf	HIP_HOP
let your hair down|temptations	RNB
let your love flow|bellamy brothers	COUNTRY
let your love go|bread	POP,COUNTRY,FOLK
let your soul be your pilot|sting	POP,ROCK
let your yeah be yeah|brownsville station	ROCK,COUNTRY
let yourself go|friends of distinction	RNB
let yourself go|james brown and the famous flames	RNB
letitgo|prince	RNB
letter to lucille|tom jones	POP,ROCK
letter to me|brad paisley	COUNTRY
letters from home|john michael montgomery	COUNTRY
letter|box tops	POP,ROCK,FOLK
letter|sonny and cher	POP,ROCK,FOLK
level up|ciara	POP,HIP_HOP,RNB
levels|nick jonas	POP
levitate|hadouken	ELECTRONIC,PUNK
levon|elton john	POP,ROCK
liability|lorde	POP
liar liar|castaways	ROCK
liar|three dog night	POP,ROCK,RNB,COUNTRY,FOLK
lick it up|kiss	ROCK,METAL
lick u up|h town	POP,RNB
lido shuffle|boz scaggs	POP,ROCK,COUNTRY,FOLK
lies|emf	POP
lies|en vogue	POP,RNB
lies|j j cale	POP,ROCK,RNB,FOLK
lies|jonathan butler	JAZZ
lies|knickerbockers	POP,ROCK
lies|thompson twins	POP,ROCK,ELECTRONIC
lie|nf	HIP_HOP
life after you|daughtry	POP,ROCK,METAL
life changes|thomas rhett	COUNTRY
life gets better|graham parker	POP,ROCK,COUNTRY,FOLK
life in a northern town|dream academy	POP,ROCK,ELECTRONIC,CLASSICAL
life in one day|howard jones	POP,ROCK,ELECTRONIC
life is a carnival|band	POP,ROCK,RNB,COUNTRY,FOLK
life is a highway|rascal flatts	COUNTRY
life is a highway|tom cochrane	POP,ROCK,FOLK
life is a song worth singing|johnny mathis	POP,JAZZ
life is worth living|justin bieber	POP
life of riley|lightning seeds	POP,ROCK,ELECTRONIC
life of the party|shawn mendes	POP
lifeline|papa roach	ROCK,HIP_HOP,PUNK,METAL
lifestyles of the rich and famous|good charlotte	POP,ROCK,PUNK,METAL
lifetime|maxwell	POP,RNB
life|k ci and jojo	POP,RNB
life|sly and the family stone	POP,ROCK,RNB,ELECTRONIC,FOLK
lift me up|howard jones	POP,ROCK,ELECTRONIC
lift me up|yes	ROCK,JAZZ
lifted|cl	POP
light in your eyes|blessid union of souls	POP,ROCK,PUNK
light it up|luke bryan	COUNTRY
light my fire 137 disco heaven|amii stewart	ELECTRONIC
light my fire|doors	ROCK
light my fire|jose feliciano	LATIN
light of a clear blue morning|dolly parton	COUNTRY
light on|david cook	POP
light the sky on fire|jefferson starship	POP,ROCK,COUNTRY,FOLK
lightning does the work|chad brock	COUNTRY
lights and sounds|yellowcard	POP,ROCK,PUNK,EMO
lights camera action|mr cheeks	POP
lights come on|jason aldean	COUNTRY
lights|journey	POP,ROCK
light|common	HIP_HOP,RNB,PUNK
like a baby|len barry	RNB
like a boy|ciara	POP,HIP_HOP,RNB
like a cowboy|randy houser	COUNTRY
like a g6|far east movement featuring cataracs and dev	POP,HIP_HOP,ELECTRONIC
like a prayer|madonna	POP
like a rock|bob seger	POP,ROCK,FOLK
like a rolling stone|bob dylan	POP,ROCK,FOLK
like a sad song|john denver	POP,FOLK
like a star|corinne bailey rae	POP,RNB
like a stone|audioslave	ROCK,METAL
like a surgeon|weird al yankovic	POP,ROCK
like a virgin|madonna	POP
like a woman|tony rich project	RNB
like a wrecking ball|eric church	COUNTRY
like an old time movie|scott mckenzie	POP,FOLK
like an open door|fuzz	RNB
like glue|sean paul	POP,ELECTRONIC
like i can|sam smith	POP
like i do|for real	RNB
like i love you|justin timberlake	POP
like i loved you|brett young	COUNTRY
like i would|zayn	POP
like jesus does|eric church	COUNTRY
like red on a rose|alan jackson	COUNTRY
like that|kris wu	POP,HIP_HOP
like the weather|10 000 maniacs	POP,ELECTRONIC,FOLK
like this|kelly rowland featuring eve	POP,HIP_HOP,RNB
like this|mims	HIP_HOP
like to get to know you well|howard jones	POP,ROCK,ELECTRONIC
like to get to know you|spanky and our gang	POP,ROCK,FOLK
like toy soldiers|eminem	HIP_HOP,RNB
like we never loved at all|faith hill	POP,COUNTRY
like we used to|a rocket to the moon	POP,PUNK,EMO
like wow|leslie carter	POP
like you|daddy yankee	POP,HIP_HOP,LATIN
lil freak|usher featuring nicki minaj	POP,HIP_HOP,RNB
lily was here|david a stewart introducing candy dulfer	JAZZ
limelight|rush	ROCK,METAL
linda on my mind|conway twitty	COUNTRY
linger|cranberries	POP,ROCK
lion sleeps tonight wimoweh|tokens	POP,RNB
lions tigers and bears|jazmine sullivan	POP,RNB
lip gloss|lil mama	POP,HIP_HOP
lip sync to the tongue twisters|len barry	RNB
lips are movin|meghan trainor	POP
lips of an angel|hinder	POP,ROCK,HIP_HOP,METAL
lips of an angel|jack ingram	COUNTRY
lipstick|michel polnareff	ROCK
lipstick|suzi quatro	POP,ROCK
liquid dreams|o town	POP
liquid swords|genius gza	HIP_HOP,PUNK
liquor|chris brown	POP,HIP_HOP,RNB
lisa listen to me|blood sweat and tears	POP,ROCK,RNB,COUNTRY,FOLK
listen here|brian auger and the trinity	JAZZ
listen here|eddie harris	RNB,JAZZ
listen like thieves|inxs	POP,ROCK,RNB,ELECTRONIC
listen to her heart|tom petty	POP,ROCK,FOLK
listen to the band|monkees	POP,ROCK,FOLK
listen to the music|doobie brothers	POP,ROCK,RNB,COUNTRY,FOLK
listen to what the man said|wings	POP,ROCK,FOLK
listen to your heart|roxette	POP
listen|collective soul	POP,ROCK,METAL
lithium|nirvana	ROCK
little bell|dixie cups	POP
little bird|annie lennox	POP,FOLK
little bit of everything|keith urban	COUNTRY
little bit of life|craig morgan	COUNTRY
little bit of love|dwight twilley	POP
little bit of you|chase bryant	COUNTRY
little bitty pretty one|jackson 5	RNB
little bitty|alan jackson	COUNTRY
little boxes|pete seeger	FOLK
little boy in grown up clothes|4 seasons	POP,ROCK,RNB,FOLK
little boy|crystals	POP,ROCK,RNB,FOLK
little darling i need you|doobie brothers	POP,ROCK,RNB,COUNTRY,FOLK
little darling i need you|marvin gaye	RNB
little donna|rivieras	ROCK,RNB
little fighter|white lion	ROCK,METAL
little girl gone|donna fargo	COUNTRY
little girl i once knew|beach boys	POP,ROCK,FOLK,CLASSICAL
little girl|syndicate of sound	ROCK
little green apples|patti page	POP,COUNTRY
little green bag|george baker selection	POP
little honda|beach boys	POP,ROCK,FOLK,CLASSICAL
little jackie wants to be a star|lisa lisa and cult jam	RNB,ELECTRONIC
little jeannie|elton john	POP,ROCK
little latin lupe lu|kingsmen	ROCK
little liar|joan jett and the blackhearts	ROCK
little lies|fleetwood mac	POP,ROCK
little lion man|mumford and sons	POP,ROCK,FOLK
little lonely one|tom jones	POP,ROCK
little man|alan jackson	COUNTRY
little man|sonny and cher	POP,ROCK,FOLK
little marie|chuck berry	ROCK,RNB,FOLK
little miracles happen every day|luther vandross	RNB
little miss obsessive|ashlee simpson with tom higgenson	POP
little miss sunshine|tommy roe	POP,ROCK,FOLK
little miss|sugarland	POP,COUNTRY
little moments|brad paisley	COUNTRY
little more royalty|chris brown	POP,HIP_HOP,RNB
little old lady from pasadena|jan and dean	POP,ROCK,RNB,FOLK
little ole wine drinker me|dean martin	POP,JAZZ
little one|chicago	POP,ROCK,FOLK
little queen|heart	POP,ROCK
little red corvette|prince	RNB
little red wagon|miranda lambert	COUNTRY
little sheila|slade	POP,ROCK,RNB
little sister|queens of the stone age	ROCK,RNB,METAL
little suzi|tesla	ROCK,METAL
little talks|of monsters and men	POP,ROCK,FOLK
little thing called love|neil young	POP,ROCK,FOLK
little things|bobby goldsboro	POP,ROCK,COUNTRY,FOLK
little things|one direction	POP
little too late|pat benatar	POP,ROCK,ELECTRONIC
little toy guns|carrie underwood	POP,COUNTRY
little walter|tony toni tone	POP,HIP_HOP,RNB
little white church|little big town	COUNTRY
little white cloud that cried|wayne newton	POP
little willy|sweet	POP,ROCK,RNB
little woman|bobby sherman	POP
little wonders|rob thomas	POP,ROCK
liv tonight|nelly featuring keri hilson	POP,HIP_HOP,RNB
live a little|kenny chesney	COUNTRY
live and die for hip hop|kris kross	POP,HIP_HOP,RNB
live and learn|joe public	RNB
live and let die|wings	POP,ROCK,FOLK
live every moment|reo speedwagon	POP,ROCK,FOLK
live for life|jack jones	POP,JAZZ
live for loving you|gloria estefan	POP,LATIN
live for the night|krewella	POP,ELECTRONIC
live is life|opus	POP
live laugh love|clay walker	COUNTRY
live like you were dying|tim mcgraw	COUNTRY
live to tell|madonna	POP
living a little laughing a little|spinners	RNB,ELECTRONIC
living and living well|george strait	COUNTRY
living eyes|bee gees	POP,ELECTRONIC
living for the city|stevie wonder	RNB
living for the night|george strait	COUNTRY
living for you|sonny and cher	POP,ROCK,FOLK
living in a box|living in a box	POP,ROCK,ELECTRONIC
living in a fantasy|leo sayer	POP,ELECTRONIC,FOLK
living in a house divided|cher	SOUNDTRACK
living in america|james brown	RNB
living in danger|ace of base	POP,ELECTRONIC
living in fast forward|kenny chesney	COUNTRY
living in oblivion|anything box	POP,ROCK
living in sin|bon jovi	ROCK,METAL
living in the background|baltimora	ELECTRONIC
living in the past|jethro tull	ROCK,RNB,FOLK
living in the u s a|steve miller band	POP,ROCK,RNB,FOLK
living inside myself|gino vannelli	POP,ROCK
living it down|freddy fender	POP,COUNTRY
living next door to alice|smokie	POP
living on the edge|jim capaldi	RNB
living on video|trans x	ELECTRONIC
living together growing together|5th dimension	POP,RNB,FOLK
living years|mike the mechanics	POP,ROCK,ELECTRONIC
lizzie and the rainman|tanya tucker	COUNTRY
lloro por ti|enrique iglesias	POP,LATIN
lo mejor de mi vida eres tu|ricky martin featuring natalia jimenez	POP,LATIN
lo que me gusta a mi|juanes	POP,ROCK,LATIN
loaded|ricky martin	POP,LATIN
location|khalid	POP
locked out of heaven|bruno mars	POP
locked up|akon featuring styles p	POP,HIP_HOP
loco motion|grand funk	POP,ROCK,RNB,FOLK
loco motion|kylie minogue	POP,ELECTRONIC
locomotive breath|jethro tull	ROCK,RNB,FOLK
loddy lo|chubby checker	POP,ROCK,RNB
lodi|creedence clearwater revival	ROCK
logical song|supertramp	POP,ROCK,FOLK
lollipop candyman|aqua	POP,ELECTRONIC
lollipop|lil wayne featuring static major	POP,HIP_HOP,RNB
london bridge|fergie	POP,HIP_HOP
loneliest night|dale and grace	POP
lonely again|eddy arnold	COUNTRY
lonely and gone|montgomery gentry	COUNTRY
lonely boy|andrew gold	POP
lonely boy|black keys	ROCK,RNB,PUNK
lonely days|bee gees	POP,ELECTRONIC
lonely eyes|chris young	COUNTRY
lonely eyes|robert john	POP
lonely is the night|air supply	POP
lonely night angel face|captain and tennille	POP,ELECTRONIC,FOLK
lonely nights|bryan adams	POP,ROCK,FOLK
lonely no more|rob thomas	POP,ROCK
lonely people|america	POP,ROCK,COUNTRY,FOLK
lonely teardrops|brian hyland	POP,ROCK,RNB,FOLK
lonely teardrops|narvel felts	COUNTRY
lonely together|barry manilow	POP,RNB,ELECTRONIC
lonely wind|kansas	POP,ROCK
lonely|akon	POP,HIP_HOP
lonesome loser|little river band	POP,ROCK,COUNTRY,FOLK
lonesome mary|chilliwack	ROCK
long ago and far away|james taylor	POP,ROCK,FOLK
long ago tomorrow|b j thomas	POP,FOLK
long and lonesome road|shocking blue	POP,ROCK,FOLK
long black train|josh turner	COUNTRY
long cool woman in a black dress|hollies	POP,ROCK,FOLK
long gone lonesome blues|hank williams jr	COUNTRY
long goodbye|brooks and dunn	COUNTRY
long haired country boy|charlie daniels band	ROCK,COUNTRY
long hot summer|keith urban	COUNTRY
long legged girl with the short dress on|elvis presley with the jordanaires	ROCK
long line rider|bobby darin	POP,ROCK,RNB,JAZZ
long live a ap|a ap rocky	POP,HIP_HOP
long live love|sandie shaw	POP,ROCK
long live our love|shangri las	POP
long live rock|who	POP,ROCK,PUNK,FOLK
long live|taylor swift	POP
long lonely nights|bobby vinton	POP,ROCK,RNB
long lonely nights|dells	RNB,ELECTRONIC
long long time|linda ronstadt	POP,ROCK,COUNTRY,FOLK
long long way from home|foreigner	POP,ROCK
long road to ruin|foo fighters	ROCK,METAL
long tall glasses i can dance|leo sayer	POP,ELECTRONIC,FOLK
long time gone|dixie chicks	COUNTRY
long trip alone|dierks bentley	COUNTRY
long way 2 go|cassie	POP,RNB
long way home|neil diamond	POP,ROCK,FOLK
long way to love|britny fox	ROCK,METAL
long way|brett eldredge	COUNTRY
longer|dan fogelberg	POP,ROCK,COUNTRY,FOLK
longest time|billy joel	POP,ROCK,FOLK
longfellow serenade|neil diamond	POP,ROCK,FOLK
look after you|fray	POP,ROCK
look alive|rae sremmurd	POP,HIP_HOP
look at granny run run|howard tate	RNB
look at me|xxxtentacion	HIP_HOP,EMO
look at mine|petula clark	POP,ROCK,FOLK
look at my dab|migos	POP,HIP_HOP
look at that cadillac|stray cats	ROCK
look at us|sarina paris	ELECTRONIC
look at you|big and rich	COUNTRY
look at you|george mccrae	RNB,ELECTRONIC
look away|chicago	POP,ROCK,FOLK
look away|garnet mimms	RNB
look back at it|a boogie wit da hoodie	HIP_HOP
look here comes the sun|sunshine company	ROCK
look in my eyes pretty woman|tony orlando and dawn	POP
look in my eyes|three degrees	POP,RNB,ELECTRONIC
look into your heart|aretha franklin	RNB
look it up|ashton shepherd	COUNTRY
look ka py py|meters	RNB
look of love|dusty springfield	POP,ROCK,RNB,FOLK
look of love|isaac hayes	RNB,ELECTRONIC
look of love|lesley gore	POP,ROCK,RNB,FOLK
look through any window|hollies	POP,ROCK,FOLK
look through my window|mamas and the papas	POP,ROCK,FOLK
look to your soul|johnny rivers	POP,ROCK,FOLK
look what you done for me|al green	RNB
look what you made me do|taylor swift	POP
looking back|joe simon	RNB
looking for a fox|clarence carter	RNB
looking for a love|j geils band	POP,ROCK,RNB,COUNTRY,FOLK
looking for a new love|jody watley	POP,RNB,ELECTRONIC
looking for a stranger|pat benatar	POP,ROCK,ELECTRONIC
looking for love|connie francis	POP,ROCK,RNB
looking for mr do right|jade	POP,RNB
looking for space|john denver	POP,FOLK
looking for you|kirk franklin	RNB
looking through the eyes of love|gene pitney	POP,ROCK,FOLK
looking through your eyes|leann rimes	POP,COUNTRY
looks like we made it|barry manilow	POP,RNB,ELECTRONIC
looks that kill|motley crue	ROCK,METAL
look|roxette	POP
loop|johnny lytle	HIP_HOP,RNB
loose booty|sly and the family stone	POP,ROCK,RNB,ELECTRONIC,FOLK
lord mr ford|jerry reed	COUNTRY
lorelei|styx	POP,ROCK
lose again|linda ronstadt	POP,ROCK,COUNTRY,FOLK
lose it|kane brown	COUNTRY
lose my mind|brett eldredge	COUNTRY
lose my mind|young jeezy featuring plies	HIP_HOP
lose yourself|eminem	HIP_HOP,RNB
lose you|drake	POP,HIP_HOP
loser|3 doors down	POP,ROCK,PUNK,METAL
loser|beck	POP,ROCK,FOLK
loser|skyliners	POP,ROCK,RNB
losin control|russ	POP,HIP_HOP
losing grip|avril lavigne	POP
losing my religion|r e m	POP,ROCK
losing sleep|chris young	COUNTRY
losing you|dusty springfield	POP,ROCK,RNB,FOLK
lost boy|ruth b	POP
lost in emotion|lisa lisa and cult jam	RNB,ELECTRONIC
lost in love|air supply	POP
lost in love|new edition	POP,HIP_HOP,RNB
lost in paradise|evanescence	ROCK,METAL
lost in the echo|linkin park	ROCK,METAL
lost in this moment|big and rich	COUNTRY
lost in your eyes|debbie gibson	POP
lost in your eyes|jeff healey band	ROCK,RNB
lost in your love|john paul young	POP,ROCK,ELECTRONIC
lost in you|rod stewart	POP,ROCK
lost someone|james brown and the famous flames	RNB
lost without u|robin thicke	POP,RNB
lost without your love|bread	POP,COUNTRY,FOLK
lost you anyway|toby keith	COUNTRY
lost|faith hill	POP,COUNTRY
lost|gorilla zoe	HIP_HOP
lost|jerry butler	POP,RNB,ELECTRONIC
lost|michael buble	POP
lotta love|nicolette larson	POP
loud|mac miller	HIP_HOP
louie louie|fat boys	HIP_HOP,ELECTRONIC
louie louie|kingsmen	ROCK
louie louie|sandpipers	POP
louisiana man|bobbie gentry	POP,COUNTRY,FOLK
louisiana man|pozo seco singers	FOLK
loungin|ll cool j	POP,HIP_HOP,RNB,PUNK
love again|john denver and sylvie vartan	POP,FOLK
love all over me|monica	POP,HIP_HOP,RNB
love always|el debarge	RNB
love and liberty|laura lee	RNB
love and loneliness|motors	POP,ROCK
love and understanding come together|kool and the gang	RNB,ELECTRONIC
love and understanding|cher	POP,SOUNDTRACK
love and war|tamar braxton	POP,RNB
love at first sight|kylie minogue	POP,ELECTRONIC
love at first sight|styx	POP,ROCK
love attack|james carr	RNB
love ballad|george benson	POP,RNB,ELECTRONIC,JAZZ
love ballad|l t d	RNB,ELECTRONIC
love bites|def leppard	ROCK,METAL
love bones|johnnie taylor	RNB
love bug leave my heart alone|martha and the vandellas	POP,ROCK,RNB,ELECTRONIC
love can move mountains|celine dion	POP
love changes everything|climie fisher	POP,ROCK,ELECTRONIC
love child|diana ross and the supremes	POP,RNB
love come down|evelyn king	RNB,ELECTRONIC
love comes quickly|pet shop boys	POP,ROCK,ELECTRONIC
love crazy|atlantic starr	RNB,ELECTRONIC
love cries|stage dolls	POP,ROCK
love done gone|billy currington	COUNTRY
love drought|beyonce	POP,RNB
love drunk|boys like girls	POP,PUNK,EMO
love explosion|troy keyes	RNB
love eyes|nancy sinatra	POP,FOLK
love faces|trey songz	POP,HIP_HOP,RNB
love fire|jigsaw	POP
love for love|robin s	ELECTRONIC
love gets me every time|shania twain	POP,COUNTRY
love gonna pack up and walk out|persuaders	RNB
love grows where my rosemary goes|edison lighthouse	POP
love gun|kiss	ROCK,METAL
love hangover|5th dimension	POP,RNB,FOLK
love hangover|diana ross	POP,RNB,ELECTRONIC
love has a mind of its own|donna summer	POP,RNB,ELECTRONIC
love has finally come at last|bobby womack and patti labelle	RNB,ELECTRONIC
love has no pride|linda ronstadt	POP,ROCK,COUNTRY,FOLK
love has taken its toll|saraya	METAL
love her madly|doors	ROCK
love hurts|jim capaldi	RNB
love hurts|nazareth	ROCK,RNB,METAL
love i lost part 1|harold melvin and the blue notes	RNB,ELECTRONIC
love i saw in you was just a mirage|smokey robinson and the miracles	POP,ROCK,RNB
love ii love|damage	POP
love in siberia|laban	POP,ELECTRONIC
love in the city|turtles	POP,ROCK,FOLK
love in the first degree|alabama	COUNTRY
love in the first degree|bananarama	POP,ROCK,ELECTRONIC
love in the shadows|neil sedaka	POP,FOLK
love in them there hills|vibrations	RNB
love in your eyes|eddie money	POP,ROCK,COUNTRY,FOLK
love is a battlefield|pat benatar	POP,ROCK,ELECTRONIC
love is a doggone good thing|eddie floyd	RNB
love is a killer|vixen	ROCK,METAL
love is a rock|reo speedwagon	POP,ROCK,FOLK
love is a rose|linda ronstadt	POP,ROCK,COUNTRY,FOLK
love is a stranger|eurythmics	POP,ROCK,ELECTRONIC
love is a wonderful thing|michael bolton	POP
love is alive|gary wright	POP,ROCK,COUNTRY
love is all around|troggs	POP,ROCK,PUNK,FOLK
love is all we need|vic dana	POP
love is all|engelbert humperdinck	POP
love is alright tonite|rick springfield	POP,ROCK,ELECTRONIC
love is blind|eve featuring faith evans	POP,HIP_HOP,RNB
love is forever|billy ocean	POP,ROCK,RNB,ELECTRONIC
love is free|sheryl crow	POP,ROCK,FOLK
love is funny that way|jackie wilson	POP,ROCK,RNB
love is gonna come at last|badfinger	POP,ROCK,RNB,FOLK
love is in control finger on the trigger|donna summer	POP,RNB,ELECTRONIC
love is in the air|john paul young	POP,ROCK,ELECTRONIC
love is just a four letter word|joan baez	POP,FOLK
love is life|earth wind and fire	RNB,ELECTRONIC
love is like a baseball game|intruders	RNB,ELECTRONIC
love is like an itching in my heart|supremes	POP,RNB,ELECTRONIC,FOLK
love is like oxygen|sweet	POP,ROCK,RNB
love is on the way|saigon kick	ROCK,METAL
love is strange|peaches and herb	RNB,ELECTRONIC
love is strong|rolling stones	ROCK,PUNK
love is the answer|england dan and john ford coley	POP,FOLK
love is the drug|roxy music	POP,ROCK,ELECTRONIC,PUNK
love is the hero|billy squier	POP,ROCK,METAL
love is the ritual|styx	POP,ROCK
love is the seventh wave|sting	POP,ROCK
love is thicker than water|andy gibb	POP,RNB,COUNTRY,ELECTRONIC
love is your name|steven tyler	COUNTRY
love is|alannah myles	POP,ROCK
love kills|freddie mercury	ROCK
love king|dream	POP,HIP_HOP,RNB
love land|charles wright and the watts 103rd street rhythm band	RNB
love letters|elvis presley	CLASSICAL,ROCK
love lifted me|kenny rogers	POP,COUNTRY
love light in flight|stevie wonder	RNB
love like a man|ten years after	ROCK,RNB,FOLK
love like crazy|lee brice	COUNTRY
love like this|faith evans	POP,HIP_HOP,RNB
love like winter|afi	PUNK,EMO,METAL
love like woe|ready set	POP,PUNK,EMO
love lockdown|kanye west	HIP_HOP
love love love|donny hathaway	RNB,JAZZ
love makes a woman|barbara acklin	RNB
love makes the world go round|kiki dee	POP
love makes things happen|pebbles	RNB
love man|otis redding	RNB
love me again|john newman	POP,ELECTRONIC
love me again|rita coolidge	POP,FOLK
love me for a reason|osmonds	POP
love me forever|roger williams	POP
love me good|michael w smith	ROCK
love me if you can|toby keith	COUNTRY
love me in a special way|debarge	RNB,ELECTRONIC
love me just for me|special generation	RNB
love me like you do|ellie goulding	POP,ELECTRONIC
love me like you mean it|kelsea ballerini	POP,COUNTRY
love me now|brook benton	POP,ROCK,RNB
love me now|john legend	POP,RNB
love me or leave me alone|brand nubian	HIP_HOP,PUNK
love me right|denise lasalle	RNB
love me tender|percy sledge	POP,RNB
love me tomorrow|chicago	POP,ROCK,FOLK
love me tonight|head east	POP,ROCK,COUNTRY
love me tonight|tom jones	POP,ROCK
love me two times|doors	ROCK
love me|1975	POP,ROCK
love me|bobby hebb	RNB
love me|impressions	POP,RNB
love me|justin bieber	POP
love me|tracie spencer	RNB
love me|yvonne elliman	ELECTRONIC
love music|raiders	POP,ROCK,PUNK,FOLK,ELECTRONIC
love my way|psychedelic furs	POP,ROCK,ELECTRONIC,PUNK
love myself|hailee steinfeld	POP,ELECTRONIC
love never fails|greg kihn band	ROCK
love no limit|mary j blige	POP,HIP_HOP,RNB
love of a lifetime|chaka khan	POP,RNB,ELECTRONIC
love of a lifetime|firehouse	ROCK,METAL
love of a woman|travis tritt	COUNTRY
love of my life|brian mcknight	POP,RNB
love of my life|gino vannelli	POP,ROCK
love of my life|sammy kershaw	COUNTRY
love of the common people|paul young	POP,ROCK,ELECTRONIC
love on a shoestring|captain and tennille	POP,ELECTRONIC,FOLK
love on a two way street|moments	RNB,ELECTRONIC
love on a two way street|stacy lattisaw	RNB,ELECTRONIC
love on my mind tonight|temptations	RNB
love on my mind|xscape	POP,HIP_HOP,RNB
love on the brain|rihanna	POP,RNB
love on the rocks|neil diamond	POP,ROCK,FOLK
love on the weekend|john mayer	POP,FOLK
love on top|beyonce	POP,RNB
love on your side|thompson twins	POP,ROCK,ELECTRONIC
love or leave|spinners	RNB,ELECTRONIC
love or let me be lonely|friends of distinction	RNB
love or let me be lonely|paul davis	POP,ROCK,COUNTRY,FOLK
love or something like it|kenny rogers	POP,COUNTRY
love overboard|gladys knight and the pips	POP,RNB,ELECTRONIC
love parade|dream academy	POP,ROCK,ELECTRONIC,CLASSICAL
love peace and happiness|chambers brothers	ROCK
love potion number nine|searchers	POP,ROCK,FOLK
love power|dionne warwick and jeffrey osborne	POP,RNB,ELECTRONIC
love really hurts without you|billy ocean	POP,ROCK,RNB,ELECTRONIC
love remembers|craig morgan	COUNTRY
love resurrection|alison moyet	POP,ROCK,ELECTRONIC
love rollercoaster|ohio players	RNB,ELECTRONIC
love runs out|onerepublic	POP,ROCK,HIP_HOP
love scars 3|trippie redd	HIP_HOP
love shack|b 52s	POP,ROCK,ELECTRONIC,PUNK
love so right|bee gees	POP,ELECTRONIC
love so soft|kelly clarkson	POP
love somebody|maroon 5	POP
love somebody|rick springfield	POP,ROCK,ELECTRONIC
love song|311	POP,ROCK,RNB,METAL
love song|jeff bates	COUNTRY
love song|sara bareilles	POP
love song|tesla	ROCK,METAL
love sosa|chief keef	HIP_HOP
love stinks|j geils band	POP,ROCK,RNB,COUNTRY,FOLK
love story|taylor swift	POP
love t k o|teddy pendergrass	RNB,ELECTRONIC
love takes time|mariah carey	POP,RNB
love takes time|orleans	POP,ROCK,COUNTRY,FOLK
love that got away|firefall	POP,ROCK,COUNTRY,FOLK
love that really counts|natural four	RNB
love the world away|kenny rogers	POP,COUNTRY
love theme from romeo and juliet a time for us|johnny mathis	POP,JAZZ
love this pain|lady antebellum	POP,COUNTRY
love thy will be done|martika	POP,ROCK
love to lay|weeknd	POP,HIP_HOP,RNB
love to love you baby|donna summer	POP,RNB,ELECTRONIC
love today|mika	POP
love touch theme from legal eagles|rod stewart	POP,ROCK
love train|holly johnson	POP
love truth and honesty|bananarama	POP,ROCK,ELECTRONIC
love u 4 life|jodeci	POP,HIP_HOP,RNB
love u more|sunscreem	ELECTRONIC,PUNK
love uprising|otis leaville	RNB
love walks in|van halen	ROCK,METAL
love we had stays on my mind|dells	RNB,ELECTRONIC
love will conquer all|lionel richie	POP,RNB,ELECTRONIC
love will find a way|jackie deshannon	POP,ROCK,FOLK
love will find a way|pablo cruise	POP,ROCK,COUNTRY,FOLK
love will find a way|yes	ROCK,JAZZ
love will keep us together|captain and tennille	POP,ELECTRONIC,FOLK
love will lead you back|taylor dayne	POP,ELECTRONIC
love will never do without you|janet jackson	POP,RNB
love will save the day|whitney houston	POP
love will show us how|christine mcvie	POP
love will turn you around|kenny rogers	POP,COUNTRY
love with the proper stranger|jack jones	POP,JAZZ
love x love|george benson	POP,RNB,ELECTRONIC,JAZZ
love you all my lifetime|chaka khan	POP,RNB,ELECTRONIC
love you down|ready for the world	POP
love you inside out|bee gees	POP,ELECTRONIC
love you like a love song|selena gomez and the scene	POP
love you like that|canaan smith	COUNTRY
love you more|ginuwine	POP,HIP_HOP,RNB
love you save may be your own|joe tex	RNB
love you so much|new colony six	POP,ROCK
love your love the most|eric church	COUNTRY
love yourself|justin bieber	POP
love zone|billy ocean	POP,ROCK,RNB,ELECTRONIC
lovebug|jonas brothers	POP
lovegame|lady gaga	POP
lovely day|bill withers	RNB
lovely lovely loverly loverly|chubby checker	POP,ROCK,RNB
lovely one|jacksons	RNB,ELECTRONIC
lover come back to me|dead or alive	POP,ROCK,ELECTRONIC
lover in me|sheena easton	POP,ROCK
lover lover|jerrod niemann	COUNTRY
lover of the light|mumford and sons	POP,ROCK,FOLK
lovers always forgive|gladys knight and the pips	POP,RNB,ELECTRONIC
lovers and friends|lil jon and the east side boyz featuring usher and ludacris	HIP_HOP
lover|michael stanley band	POP,ROCK
loves me like a rock|paul simon with the dixie hummingbirds	POP,ROCK,FOLK
lovey dovey|otis and carla	RNB
love|keyshia cole	POP,HIP_HOP,RNB
love|lana del rey	POP
love|lettermen	POP
love|musiq soulchild	POP,HIP_HOP,RNB
loving arms|dobie gray	RNB
loving arms|kris kristofferson and rita coolidge	POP,FOLK,ROCK,COUNTRY
loving you easy|zac brown band	COUNTRY
loving you is sweeter than ever|four tops	POP,RNB,ELECTRONIC,FOLK
loving you no more|diddy dirty money featuring drake	POP,HIP_HOP
loving you|chris rea	POP,ROCK,RNB
loving you|johnny nash	POP
low rider|war	RNB
lowdown popcorn|james brown	RNB
lowdown|boz scaggs	POP,ROCK,COUNTRY,FOLK
low|cracker	POP,ROCK,COUNTRY
low|kelly clarkson	POP
luanne|foreigner	POP,ROCK
luchini aka this is it|camp lo	HIP_HOP,PUNK
lucid dreams|juice wrld	HIP_HOP
lucille|kenny rogers	POP,COUNTRY
luckenbach texas back to the basics of love|waylon jennings	COUNTRY
lucky in love|mick jagger	ROCK
lucky love|ace of base	POP,ELECTRONIC
lucky man|emerson lake and palmer	ROCK,JAZZ
lucky man|montgomery gentry	COUNTRY
lucky man|starbuck	POP
lucky me|anne murray	POP,COUNTRY,FOLK
lucky me|moments	RNB,ELECTRONIC
lucky one|amy grant	ROCK
lucky one|faith hill	POP,COUNTRY
lucky one|laura branigan	POP,ROCK,ELECTRONIC
lucky star|madonna	POP
lucky|britney spears	POP
lucky|eye to eye	POP
lucretia mac evil|blood sweat and tears	POP,ROCK,RNB,COUNTRY,FOLK
lucy in the sky with diamonds|elton john	POP,ROCK
luka|suzanne vega	POP,ROCK,FOLK
lullabye goodnight my angel|billy joel	POP,ROCK,FOLK
lullaby|cure	ROCK,ELECTRONIC
lullaby|nickelback	ROCK,METAL
lullaby|shawn mullins	POP
lumberjack|brook benton	POP,ROCK,RNB
lush life|zara larsson	POP,ELECTRONIC
lust|kendrick lamar	HIP_HOP
lust|lil skies	HIP_HOP
luv me luv me|shaggy featuring janet	POP,RNB,HIP_HOP
luv u better|ll cool j	POP,HIP_HOP,RNB,PUNK
luv|tory lanez	POP,HIP_HOP
luxurious|gwen stefani	POP
lying from you|linkin park	ROCK,METAL
lying|peter frampton	POP,ROCK,RNB,COUNTRY,FOLK
m i l f|fergie	POP,HIP_HOP
ma baker|boney m	POP,ELECTRONIC
macarthur park|waylon jennings and the kimberlys	COUNTRY
machine gun|commodores	POP,RNB,ELECTRONIC
machinery|sheena easton	POP,ROCK
macho man|village people	ELECTRONIC
mad about you|belinda carlisle	POP,ROCK,ELECTRONIC
mad izm|channel live	HIP_HOP,PUNK
mad season|matchbox twenty	POP,ROCK
made in america|toby keith	COUNTRY
made in england|elton john	POP,ROCK
made in the usa|demi lovato	POP
made to love you|gary wright	POP,ROCK,COUNTRY
made you look|nas	HIP_HOP,PUNK
mademoiselle|styx	POP,ROCK
madiba riddim|drake	POP,HIP_HOP
madness|muse	ROCK
mad|ne yo	POP,HIP_HOP,RNB
magic bus|who	POP,ROCK,PUNK,FOLK
magic carpet ride|steppenwolf	POP,ROCK,RNB,FOLK
magic man|heart	POP,ROCK
magic man|herb alpert	POP,JAZZ
magic of our summer love|tymes	POP,RNB
magic power|triumph	POP,ROCK,METAL
magic town|vogues	POP,ROCK,RNB,FOLK
magic woman touch|hollies	POP,ROCK,FOLK
magical mystery tour|ambrosia	POP,ROCK,COUNTRY,FOLK
magical|john parr	POP,ROCK
magic|cars	POP,ROCK,ELECTRONIC,FOLK
magic|coldplay	POP,ROCK
magic|olivia newton john	POP,ROCK
magic|pilot	POP,ROCK
magic|robin thicke	POP,RNB
magic|selena gomez	POP
magnet and steel|walter egan	POP
magnetic|earth wind and fire	RNB,ELECTRONIC
magnificent|rick ross featuring john legend	POP,RNB,HIP_HOP
magnificent|u2	ROCK
magnolia|playboi carti	POP,HIP_HOP
main event fight|barbra streisand	POP,ELECTRONIC,SOUNDTRACK
mainstreet|bob seger	POP,ROCK,FOLK
major minus|coldplay	POP,ROCK
major tom coming home|peter schilling	POP,ROCK
make a little magic|dirt band	POP,COUNTRY,FOLK
make a move on me|olivia newton john	POP,ELECTRONIC,SOUNDTRACK
make believe|toto	POP,ROCK
make her feel good|teairra mari	POP,RNB
make her say|kid cudi featuring kanye west and common	HIP_HOP,RNB,PUNK
make it back|juice wrld	HIP_HOP
make it better forget about me|tom petty and the heartbreakers	POP,ROCK,FOLK
make it easy on yourself|dionne warwick	POP,RNB,ELECTRONIC
make it easy on yourself|walker bros	POP,ROCK,FOLK
make it happen|mariah carey	POP,RNB
make it like it was|regina belle	RNB,ELECTRONIC
make it nasty|tyga	POP,HIP_HOP
make it rain|ed sheeran	POP
make it rain|fat joe featuring lil wayne	POP,HIP_HOP,PUNK
make it rain|travis porter	HIP_HOP
make it real|jets	POP,RNB
make it with you|bread	POP,COUNTRY,FOLK
make it with you|whispers	ROCK,RNB,ELECTRONIC
make love like a man|def leppard	ROCK,METAL
make love stay|dan fogelberg	POP,ROCK,COUNTRY,FOLK
make love to me|helen reddy	POP,FOLK
make love to your mind|bill withers	RNB
make me belong to you|barbara lewis	POP,RNB
make me better|fabolous featuring ne yo	POP,HIP_HOP,RNB,PUNK
make me feel|janelle monae	POP,HIP_HOP,RNB
make me forget|bobby rydell	POP,ROCK,RNB
make me like you|gwen stefani	POP
make me lose control|eric carmen	POP,ROCK,ELECTRONIC,FOLK
make me smile come up and see me|steve harley and cockney rebel	POP,ROCK
make me smile|chicago	POP,ROCK,FOLK
make me the woman that you go home to|gladys knight and the pips	POP,RNB,ELECTRONIC
make me wanna|thomas rhett	COUNTRY
make me your baby|barbara lewis	POP,RNB
make me yours|bettye swann	RNB
make that move|shalamar	RNB,ELECTRONIC
make the world go away|donny and marie osmond	POP
make the world go away|eddy arnold	COUNTRY
make up your mind|aurra	RNB,ELECTRONIC
make up your mind|j geils band	POP,ROCK,RNB,COUNTRY,FOLK
make you feel love again|wet willie	ROCK,COUNTRY
make you miss me|sam hunt	COUNTRY
makedamnsure|taking back sunday	POP,ROCK,PUNK,EMO
makes me wonder|maroon 5	POP
making a good thing better|olivia newton john	POP,ELECTRONIC,SOUNDTRACK
making every minute count|spanky and our gang	POP,ROCK,FOLK
making love in the rain|herb alpert	POP,JAZZ
making love out of nothing at all|air supply	POP
making memories of us|keith urban	COUNTRY
malibu|hole	POP,ROCK
malibu|miley cyrus	POP
mama let him play|doucette	ROCK
mama said knock you out|ll cool j	POP,HIP_HOP,RNB,PUNK
mama said|lukas graham	POP
mama told me not to come|three dog night	POP,ROCK,RNB,COUNTRY,FOLK
mama told me not to come|wilson pickett	POP,ROCK,RNB,ELECTRONIC,FOLK
mama used to say|junior	POP
mama weer all crazee now|quiet riot	ROCK,METAL
mama weer all crazee now|slade	POP,ROCK,RNB
mamacita|public announcement	RNB
mama|b j thomas	POP,FOLK
mama|genesis	POP,ROCK
mambo no 5 a little bit of|lou bega	LATIN
mame|herb alpert and the tijuana brass	POP
mame|louis armstrong	POP,JAZZ
mamma mia|abba	POP
mammy blue|pop tops	LATIN
man against the world|survivor	POP,ROCK
man behind the music|queen pen featuring teddy riley	POP,HIP_HOP
man down|rihanna	POP,RNB
man i feel like a woman|shania twain	POP,COUNTRY
man i want to be|chris young	COUNTRY
man in black|johnny cash	COUNTRY
man in the mirror|michael jackson	POP
man of the woods|justin timberlake	POP
man of the year|schoolboy q	POP,HIP_HOP
man on the corner|genesis	JAZZ
man on the moon|r e m	POP,ROCK
man on your mind|little river band	POP,ROCK,COUNTRY,FOLK
man smart woman smarter|robert palmer	POP,ROCK,ELECTRONIC,FOLK
man that turned my mama on|tanya tucker	COUNTRY
man to man|gary allan	COUNTRY
man with the child in his eyes|kate bush	POP,ROCK,ELECTRONIC,FOLK,CLASSICAL
manana|jimmy buffett	POP,FOLK
mandy|barry manilow	POP,RNB,ELECTRONIC
maneater|daryl hall john oates	POP,ROCK,FOLK
maneater|nelly furtado	POP,LATIN
manic monday|bangles	POP,ROCK,ELECTRONIC
man|aloe blacc	RNB
man|lorne greene	COUNTRY
maps|maroon 5	POP
maps|yeah yeah yeahs	POP,ROCK,ELECTRONIC,PUNK
march of the pigs|nine inch nails	ROCK,ELECTRONIC,PUNK,METAL
margaritaville|jimmy buffett	POP,FOLK
maria you were the only one|jimmy ruffin	POP,RNB
marianne|stephen stills	POP,ROCK,RNB,COUNTRY,FOLK
maria|blondie	POP,ROCK,ELECTRONIC
marie|bachelors	POP,ROCK
marijuana|kid cudi	HIP_HOP
mark my words|justin bieber	POP
marley purt drive|jose feliciano	LATIN
marrakesh express|crosby stills and nash	POP,ROCK,RNB,COUNTRY,FOLK
married men|bette midler	POP
marry for money|trace adkins	COUNTRY
marry me|jason derulo	POP,HIP_HOP
marry me|thomas rhett	COUNTRY
marry me|train	POP
marry the night|lady gaga	POP
marry you|bruno mars	POP
martian boogie|brownsville station	ROCK,COUNTRY
marvelous toy|chad mitchell trio	FOLK
marvins room|drake	POP,HIP_HOP
mary in the morning|al martino	POP
mary jane|rick james	RNB,ELECTRONIC
mary mary|run d m c	HIP_HOP,PUNK
mask off|future	POP,HIP_HOP
masquerade|berlin	POP,ROCK,ELECTRONIC
mass appeal|gang starr	HIP_HOP,PUNK
master of eyes the deepness of your eyes|aretha franklin	RNB
masterpiece|atlantic starr	RNB,ELECTRONIC
masterpiece|jessie j	POP,HIP_HOP
masterpiece|temptations	RNB
matador|major lance	POP,RNB
material girl|madonna	POP
mathematics|melissa manchester	POP
may i take a giant step into your heart|1910 fruitgum co	POP,ROCK,FOLK
may the bird of paradise fly up your nose|little jimmy dickens	COUNTRY
maybe i deserve|tank	HIP_HOP,RNB
maybe i know|lesley gore	POP,ROCK,RNB,FOLK
maybe just today|bobby vee and the strangers	POP,ROCK,RNB,FOLK
maybe love will change your mind|stevie nicks	POP,ROCK
maybe this day|kissing the pink	POP,ROCK
maybe tomorrow|jackson 5	RNB
maybe tonight|shirelles	POP,ROCK,RNB
maybelline|johnny rivers	POP,ROCK,FOLK
maybe|shangri las	POP
maybe|sick puppies	ROCK,HIP_HOP,PUNK,METAL
maybe|three degrees	POP,RNB,ELECTRONIC
mayor of simpleton|xtc	POP,ROCK,ELECTRONIC,PUNK,FOLK
me and baby brother|war	RNB
me and bobby mcgee|janis joplin	ROCK,RNB,FOLK
me and bobby mcgee|jerry lee lewis	POP,ROCK,COUNTRY
me and god|josh turner	COUNTRY
me and jesus|tom t hall	COUNTRY,FOLK
me and julio down by the schoolyard|paul simon	POP,ROCK,FOLK
me and mrs jones|billy paul	RNB,ELECTRONIC
me and my arrow|nilsson	POP,ROCK,FOLK
me and my broken heart|rixton	POP
me and my crazy world|lost boyz	POP,HIP_HOP,PUNK
me and my gang|rascal flatts	COUNTRY
me and u|cassie	POP,RNB
me and you and a dog named boo|lobo	POP,FOLK
me and your mama|childish gambino	POP,HIP_HOP
me enamora|juanes	POP,ROCK,LATIN
me enamore|shakira	POP,LATIN
me love|sean kingston	POP,HIP_HOP,RNB
me myself and i|beyonce	POP,RNB
me neither|brad paisley	COUNTRY
me so horny|2 live crew	HIP_HOP,ELECTRONIC
me the peaceful heart|lulu	POP,ROCK
me too|meghan trainor	POP
me u blue|glenn medeiros featuring the stylistics	POP,RNB,ELECTRONIC
me without you|andy gibb	POP,RNB,COUNTRY,ELECTRONIC
meadows|joe walsh	POP,ROCK,RNB,COUNTRY,FOLK
mean mistreater|grand funk railroad	POP,ROCK,RNB,FOLK
mean to me|brett eldredge	COUNTRY
meant to live|switchfoot	POP,ROCK
meanwhile|george strait	COUNTRY
mean|taylor swift	POP
medicine song|stephanie mills	RNB,ELECTRONIC
medicine|queen naija	POP,RNB
meet el presidente|duran duran	POP
meet me half way|kenny loggins	POP,ROCK
meet me halfway|black eyed peas	POP,HIP_HOP
meet virginia|train	POP
meeting in my bedroom|silk	POP,HIP_HOP,RNB
meeting in the ladies room|klymaxx	RNB,ELECTRONIC
meeting over yonder|impressions	POP,RNB
mega force|707	ROCK
mega medley|zapp and roger	POP,HIP_HOP,RNB,ELECTRONIC
megalomaniac|incubus	POP,ROCK,HIP_HOP,RNB,METAL
megaman|lil wayne	POP,HIP_HOP
melissa|allman brothers band	POP,ROCK,RNB,COUNTRY,FOLK
mellow moonlight|leon haywood	RNB,ELECTRONIC
mellow yellow|donovan	POP,ROCK,PUNK,FOLK
memories are made of this|drifters	POP,ROCK,RNB,FOLK
memories|elvis presley	CLASSICAL,ROCK
memories|tierra	RNB
memorize your number|leif garrett	POP
memory remains|metallica	ROCK,METAL,POP,FOLK
memory|barbra streisand	POP,ELECTRONIC,SOUNDTRACK
memory|barry manilow	POP,RNB,ELECTRONIC
memphis soul stew|king curtis	RNB,JAZZ
memphis underground|herbie mann	RNB,JAZZ,LATIN
memphis|joe jackson	POP,ROCK,ELECTRONIC,FOLK
men all pause|klymaxx	RNB,ELECTRONIC
mendocino|sir douglas quintet	POP,ROCK,COUNTRY
mental picture|jon secada	POP
mentirosa|mellow man ace	HIP_HOP
mercy mercy me the ecology|marvin gaye	RNB
mercy mercy mercy|buckinghams	POP,ROCK,FOLK
mercy mercy mercy|cannonball adderley	RNB,JAZZ
mercy mercy mercy|marlena shaw	RNB
mercy mercy mercy|phoebe snow	RNB,FOLK
mercy mercy|don covay and the goodtimers	RNB
mercy|brett young	COUNTRY
mercy|dave matthews band	POP,ROCK
mercy|duffy	POP,RNB
mercy|kanye west big sean pusha t 2 chainz	HIP_HOP,POP
mercy|ohio express	POP,FOLK
mercy|shawn mendes	POP
mesmerize|ja rule featuring ashanti	POP,HIP_HOP,RNB
message from a black man|whatnauts and the whatnaut band	RNB
message from maria|joe simon	RNB
message in a bottle|police	POP,ROCK,ELECTRONIC
message to michael|dionne warwick	POP,RNB,ELECTRONIC,ROCK
message|cymande	POP,RNB,JAZZ
message|grandmaster flash	HIP_HOP,ELECTRONIC
message|sofia shinas	HIP_HOP,PUNK
mess|lil wayne	POP,HIP_HOP
method man|wu tang clan	HIP_HOP,PUNK
method of modern love|daryl hall john oates	POP,ROCK,FOLK
metro|berlin	POP,ROCK,ELECTRONIC
mexican pearls|billy vaughn and his orchestra	POP
mexican radio|wall of voodoo	POP,ROCK,ELECTRONIC,PUNK
mexico|james taylor	POP,ROCK,FOLK
miami|bob seger	POP,ROCK,FOLK
miami|will smith	HIP_HOP
michael|trini lopez	POP,ROCK
michelle|bud shank	JAZZ
mickey|toni basil	POP
microphone master|das efx featuring mobb deep	HIP_HOP,PUNK
midas touch|midnight star	RNB,ELECTRONIC
middle of a memory|cole swindell	COUNTRY
middle of the road|pretenders	POP,ROCK,ELECTRONIC,FOLK
middle|jimmy eat world	POP,ROCK,PUNK
middle|zedd maren morris and grey	COUNTRY,POP,ELECTRONIC
midnight blue|lou gramm	POP,ROCK
midnight blue|melissa manchester	POP
midnight city|m83	POP,ROCK
midnight confessions|grass roots	POP,ROCK,RNB,COUNTRY,FOLK
midnight cowboy|ferrante and teicher	POP,SOUNDTRACK
midnight flower|four tops	POP,RNB,ELECTRONIC,FOLK
midnight man|james gang	POP,ROCK,RNB,COUNTRY,FOLK
midnight mary|joey powers	POP
midnight memories|one direction	POP
midnight rain|poco	POP,ROCK,COUNTRY,FOLK
midnight rendezvous|babys	POP,ROCK
midnight rider|gregg allman	POP,ROCK,RNB,COUNTRY,FOLK
midnight rocks|al stewart	POP,ROCK,FOLK
midnight train to georgia|gladys knight and the pips	POP,RNB,ELECTRONIC
midnight|coldplay	POP,ROCK
midnight|dennis yost and the classics iv	POP,ROCK,FOLK
midnight|logic	HIP_HOP
midnite maniac|krokus	ROCK,RNB,METAL
midwest swing|st lunatics	HIP_HOP
might be|dj luke nasty	HIP_HOP
mighty clouds of joy|b j thomas	POP,FOLK
mighty joe|shocking blue	POP,ROCK,FOLK
mighty mighty|earth wind and fire	RNB,ELECTRONIC
mighty o|outkast	HIP_HOP
migrate|mariah carey featuring t pain	POP,RNB,HIP_HOP
miles away|fotomaker	POP
miles away|winger	ROCK,METAL
military madness|graham nash	POP,ROCK,COUNTRY,FOLK
milkshake|kelis	POP,RNB
millennium|robbie williams	POP
million dollar bill|whitney houston	POP
million reasons|lady gaga	POP
millionaire|chris stapleton	COUNTRY
millionaire|dr hook	POP,ROCK,COUNTRY,FOLK
milord|bobby darin	POP,ROCK,RNB,JAZZ
mind excursion|trade winds	POP
mind playing tricks on me|geto boys	HIP_HOP,RNB,PUNK
mind reader|dustin lynch	COUNTRY
mine exclusively|olympics	RNB
mine for me|rod stewart	POP,ROCK
mine would be you|blake shelton	COUNTRY
mine|bazzi	POP
mine|taylor swift	POP
mini skirt minnie|wilson pickett	POP,ROCK,RNB,ELECTRONIC,FOLK
minotaur|dick hyman and his electric eclectics	POP,JAZZ
mint car|cure	ROCK,ELECTRONIC
minute by minute|doobie brothers	POP,ROCK,RNB,COUNTRY,FOLK
miracles|jefferson starship	POP,ROCK,COUNTRY,FOLK
miracles|stacy lattisaw	RNB,ELECTRONIC
miracle|whitney houston	POP
mirage|tommy james and the shondells	POP,ROCK,FOLK
mirror man|human league	POP,ROCK,ELECTRONIC
mirror mirror|diana ross	POP,RNB,ELECTRONIC
mirror mirror|m2m	POP
mirrors|justin timberlake	POP
misery business|paramore	POP,PUNK,EMO
misery|maroon 5	POP
misery|soul asylum	POP,ROCK
misfit|curiosity killed the cat	POP,ROCK,ELECTRONIC
misled|celine dion	POP
misled|kool and the gang	RNB,ELECTRONIC
miss america|mark lindsay	POP
miss broadway|belle epoque	EMO
miss independent|kelly clarkson	POP
miss independent|ne yo	POP,HIP_HOP,RNB
miss me baby|chris cagle	COUNTRY
miss me blind|culture club	POP,ROCK,ELECTRONIC
miss me|drake featuring lil wayne	POP,HIP_HOP
miss murder|afi	PUNK,EMO,METAL
miss sun|boz scaggs	POP,ROCK,COUNTRY,FOLK
miss you like crazy|natalie cole	POP,RNB,ELECTRONIC,JAZZ
miss you much|janet jackson	POP,RNB
miss you|rolling stones	ROCK,PUNK
missed opportunity|daryl hall john oates	POP,ROCK,FOLK
missing you now|michael bolton	POP,JAZZ
missing you|brooks and dunn	COUNTRY
missing you|case	POP,HIP_HOP,RNB
missing you|dan fogelberg	POP,ROCK,COUNTRY,FOLK
missing you|diana ross	POP,RNB,ELECTRONIC
missing you|john waite	POP,ROCK
missing you|steve perry	POP,ROCK
missing you|tina turner	POP,ELECTRONIC
missing|everything but the girl	POP,ELECTRONIC
mission impossible|lalo schifrin	POP,LATIN,SOUNDTRACK
missionary man|eurythmics	POP,ROCK,ELECTRONIC
mississippi cotton picking delta town|charley pride	COUNTRY
mississippi girl|faith hill	POP,COUNTRY
mississippi queen|mountain	ROCK,RNB
mississippi|john phillips	COUNTRY,FOLK
missunderstanding|al b sure	POP,RNB
mistaken identity|kim carnes	POP
mister magic|grover washington jr	RNB,JAZZ
mister sandman|emmylou harris	POP,ROCK,COUNTRY,FOLK
mistletoe|colbie caillat	POP
mistletoe|justin bieber	POP
misty blue|dorothy moore	RNB
misty blue|eddy arnold	COUNTRY
misty blue|joe simon	RNB
misty|groove holmes	RNB,JAZZ
misty|ray stevens	POP,COUNTRY
misty|vibrations	RNB
misunderstanding|genesis	POP,ROCK
mixed emotions|rolling stones	ROCK,PUNK
mixed up shook up girl|patty and the emblems	RNB
mjb da mvp|mary j blige featuring the game and 50 cent	POP,HIP_HOP,RNB
mmm mmm mmm mmm|crash test dummies	POP,ROCK
mmmbop|hanson	POP
mo bamba|sheck wes	HIP_HOP
moan and groan|mark morrison	RNB
mob ties|drake	POP,HIP_HOP
mockingbird|aretha franklin	RNB
mockingbird|eminem	HIP_HOP,RNB
mockingbird|rob thomas	POP,ROCK
modern day bonnie and clyde|travis tritt	COUNTRY
modern girl|sheena easton	POP,ROCK
modern slavery|huncho jack	POP,HIP_HOP
mohair sam|charlie rich	ROCK,COUNTRY
molly sixteen candles|sponge	POP,ROCK
moment i knew|taylor swift	POP
moments to remember|vogues	POP,ROCK,RNB,FOLK
moment|kenny g	JAZZ
monday monday|mamas and the papas	POP,ROCK,FOLK
monday morning church|alan jackson	COUNTRY
money bag|cardi b	POP,HIP_HOP
money changes everything|cyndi lauper	POP,ROCK,ELECTRONIC
money for nothing|dire straits	POP,ROCK
money honey|bay city rollers	POP
money in the bank|swizz beatz	HIP_HOP
money in the ghetto|too hort	HIP_HOP
money longer|lil uzi vert	HIP_HOP
money maker|ludacris featuring pharrell	POP,HIP_HOP
money money money|abba	POP
money runner|quincy jones	RNB,ELECTRONIC
moneytalks|ac dc	ROCK
money|cardi b	POP,HIP_HOP
money|flying lizards	POP,ELECTRONIC,PUNK
money|gladys knight and the pips	POP,RNB,ELECTRONIC
money|kingsmen	ROCK
money|pink floyd	ROCK
monkey time|tubes	POP,ROCK,ELECTRONIC
monsters and angels|voice of the beehive	POP
monster|imagine dragons	ROCK
monster|kanye west featuring jay z rick ross bon iver and nicki minaj	HIP_HOP,POP,ROCK,FOLK,CLASSICAL
monster|steppenwolf	POP,ROCK,RNB,FOLK
montego bay|bobby bloom	POP
monterey|eric burdon and the animals	ROCK,FOLK
mony mony|billy idol	POP,ROCK,ELECTRONIC
mony mony|tommy james and the shondells	POP,ROCK,FOLK
moody woman|jerry butler	POP,RNB,ELECTRONIC
moolah|young greatness	HIP_HOP
moonlight feels right|starbuck	POP
moonlight on water|laura branigan	POP,ROCK,ELECTRONIC
moonlight special|ray stevens	POP,COUNTRY
moonlight|xxxtentacion	HIP_HOP,EMO
more and more|captain hollywood project	POP,ELECTRONIC
more and more|carly simon	POP,FOLK
more and more|joe	POP,RNB
more girls like you|kip moore	COUNTRY
more i see you|chris montez	POP,ROCK,FOLK
more like her|miranda lambert	COUNTRY
more love|kim carnes	POP
more love|smokey robinson and the miracles	POP,ROCK,RNB
more than a feeling|boston	POP,ROCK
more than a woman|aaliyah	POP,HIP_HOP,RNB
more than a woman|tavares	RNB,ELECTRONIC
more than ever|nelson	ROCK,METAL
more than i can say|leo sayer	POP,ELECTRONIC,FOLK
more than i can stand|bobby womack	RNB,ELECTRONIC
more than miles|brantley gilbert	COUNTRY
more than physical|bananarama	POP,ROCK,ELECTRONIC
more than that|backstreet boys	POP
more than this|10 000 maniacs	POP,ELECTRONIC,FOLK
more than words|extreme	ROCK,METAL
more than words|frankie j	POP,RNB
more than you know|martika	POP,ROCK
more you do it the more i like it done to me|ronnie dyson	RNB
more you ignore me the closer i get|morrissey	ROCK,ELECTRONIC
more you live the more you love|a flock of seagulls	POP,ROCK,ELECTRONIC
more|trace adkins	COUNTRY
morning after|maureen mcgovern	POP
morning dance|spyro gyra	RNB,JAZZ
morning desire|kenny rogers	POP,COUNTRY
morning dew|lulu	POP,ROCK
morning has broken|cat stevens	POP,ROCK,FOLK
morning papers|prince and the new power generation	RNB
morning side of the mountain|donny and marie osmond	POP
morning train nine to five|sheena easton	POP,ROCK
morningtown ride|seekers	POP,ROCK,FOLK
morning|jim ed brown	COUNTRY
mosquito|doors	ROCK
most beautiful girl|charlie rich	ROCK,COUNTRY
most beautifullest thing in this world|keith murray	HIP_HOP,PUNK
most girls|hailee steinfeld	POP,ELECTRONIC
most girls|p nk	POP
most of all|b j thomas	POP,FOLK
most of all|jody watley	POP,RNB,ELECTRONIC
most people are good|luke bryan	COUNTRY
mother and child reunion|paul simon	POP,ROCK,FOLK
mother freedom|bread	POP,COUNTRY,FOLK
mother nature father time|brook benton	POP,ROCK,RNB
mother nature|temptations	RNB
mothers talk|tears for fears	POP,ROCK,ELECTRONIC
mother|barbra streisand	POP,ELECTRONIC,SOUNDTRACK
mother|danzig	ROCK,METAL
motion of love|gene loves jezebel	POP,ROCK,ELECTRONIC
motiv8|j cole	HIP_HOP
motorcycle patches|huncho jack	POP,HIP_HOP
motownphilly|boyz ii men	POP,RNB
mountain of love|johnny rivers	POP,ROCK,FOLK
mountain of love|ronnie dove	POP
mountains|lonestar	COUNTRY
mountains|prince and the revolution	RNB
mourn you til i join you|naughty by nature	HIP_HOP,PUNK
move along|all american rejects	POP,ROCK,PUNK
move any mountain|shamen	ELECTRONIC,PUNK
move away|culture club	POP,ROCK,ELECTRONIC
move it like this|k7	ELECTRONIC
move it to the rhythm|technotronic featuring ya kid k	POP,ELECTRONIC
move over|steppenwolf	POP,ROCK,RNB,FOLK
move right out|rick astley	POP,ROCK,ELECTRONIC
move shake drop|dj laz featuring flo rida and casely	HIP_HOP
move that body|nelly featuring t pain and akon	POP,HIP_HOP,RNB
move your boogie body|bar kays	POP,RNB,ELECTRONIC
moves|big sean	POP,HIP_HOP
move|luke bryan	COUNTRY
moving mountains|usher	POP,HIP_HOP,RNB
moving on up|m people	POP,ROCK,ELECTRONIC
moving to mars|coldplay	POP,ROCK
mozambique|bob dylan	POP,ROCK,FOLK
mr big stuff|jean knight	RNB
mr blue sky|electric light orchestra	POP,ROCK,FOLK
mr bojangles|jerry jeff walker	ROCK,COUNTRY,FOLK
mr bojangles|nitty gritty dirt band	POP,COUNTRY,FOLK
mr brightside|killers	ROCK
mr bus driver|bruce channel	ROCK
mr businessman|ray stevens	POP,COUNTRY
mr carter|lil wayne featuring jay z	POP,HIP_HOP
mr dieingly sad|critters	POP
mr dream merchant|jerry butler	POP,RNB,ELECTRONIC
mr farmer|seeds	POP,ROCK,PUNK,FOLK
mr ice cream man|master p	HIP_HOP
mr jones|mike jones	HIP_HOP
mr know it all|kelly clarkson	POP
mr limousine driver|grand funk railroad	POP,ROCK,RNB,FOLK
mr lonely|bobby vinton	POP,ROCK,RNB
mr magic man|wilson pickett	POP,ROCK,RNB,ELECTRONIC,FOLK
mr melody|natalie cole	POP,RNB,ELECTRONIC,JAZZ
mr misunderstood|eric church	COUNTRY
mr mom|lonestar	COUNTRY
mr natural|bee gees	POP,ELECTRONIC
mr pitiful|otis redding	RNB
mr pleasant|kinks	POP,ROCK,ELECTRONIC,PUNK,FOLK
mr rager|kid cudi	HIP_HOP
mr roboto|styx	POP,ROCK
mr saxobeat|alexandra stan	POP
mr spaceman|byrds	POP,ROCK,RNB,COUNTRY,FOLK
mr sun mr moon|paul revere and the raiders featuring mark lindsay	POP,ROCK,PUNK,FOLK
mr tambourine man|byrds	POP,ROCK,RNB,COUNTRY,FOLK
mr telephone man|new edition	POP,HIP_HOP,RNB
mr too damn good|gerald levert	RNB
mr vain|culture beat	POP,ELECTRONIC
mr wendal|arrested development	HIP_HOP
mrs officer|lil wayne featuring bobby valentino and kidd kidd	POP,HIP_HOP,RNB
mrs robinson|simon and garfunkel	POP,ROCK,FOLK
ms grace|tymes	POP,RNB
ms jackson|outkast	HIP_HOP
ms new booty|bubba sparxxx featuring ying yang twins and mr collipark	HIP_HOP,COUNTRY,POP
mud on the tires|brad paisley	COUNTRY
muddy mississippi line|bobby goldsboro	POP,ROCK,COUNTRY,FOLK
muddy river|johnny rivers	POP,ROCK,FOLK
murder she wrote|chaka demus and pliers	ROCK
muscles|diana ross	POP,RNB,ELECTRONIC
music box|eminem	HIP_HOP,RNB
music box|evelyn champagne king	RNB,ELECTRONIC
music eyes|heartsfield	ROCK
music from across the way|james last	POP
music in my bones|joe simon	RNB
music is love|david crosby	POP,ROCK,COUNTRY,FOLK
music is my hot hot sex|css	ROCK,ELECTRONIC,PUNK
music music music|happenings	POP,ROCK
music time|styx	POP,ROCK
music to watch girls by|andy williams	POP,JAZZ,CLASSICAL
music|erick sermon featuring marvin gaye	RNB,HIP_HOP,PUNK
music|john miles	POP
music|madonna	POP
muskrat love|america	POP,ROCK,COUNTRY,FOLK
muskrat love|captain and tennille	POP,ELECTRONIC,FOLK
must be love|james gang	POP,ROCK,RNB,COUNTRY,FOLK
must have been crazy|chicago	POP,ROCK,FOLK
must of got lost|j geils band	POP,ROCK,RNB,COUNTRY,FOLK
mustang sally|wilson pickett	POP,ROCK,RNB,ELECTRONIC,FOLK
my all|mariah carey	POP,RNB
my answer|jimmy mccracklin	RNB
my apocalypse|metallica	ROCK,METAL
my babe|ronnie dove	POP
my baby loves me|martha and the vandellas	POP,ROCK,RNB,ELECTRONIC
my baby must be a magician|marvelettes	POP,RNB
my baby you|marc anthony	LATIN
my baby|pretenders	POP,ROCK,ELECTRONIC,FOLK
my baby|temptations	RNB
my back pages|byrds	POP,ROCK,RNB,COUNTRY,FOLK
my band|d12	HIP_HOP,PUNK
my best days are ahead of me|danny gokey	POP
my best friend|tim mcgraw	COUNTRY
my blood|twenty one pilots	ROCK,PUNK
my body says yes|titiyo	POP,RNB
my body|lsg	RNB
my body|young the giant	POP,ROCK
my boy lollipop|millie small	ROCK
my boy|elvis presley	ROCK
my cherie amour|stevie wonder	RNB
my cherie|al martino	POP
my chick bad|ludacris featuring nicki minaj	POP,HIP_HOP
my church|maren morris	COUNTRY
my cup runneth over|ed ames	POP
my dawg|lil baby	HIP_HOP,POP
my elusive dreams|bobby vinton	POP,ROCK,RNB
my elusive dreams|charlie rich	ROCK,COUNTRY
my ever changing moods|style council	POP,ROCK,ELECTRONIC,PUNK
my everything|98 degrees	POP
my eyes adored you|frankie valli	POP,FOLK
my eyes get blurry|kenny nolan	POP
my favorite girl|dave hollister	POP,RNB
my favorite mistake|sheryl crow	POP,ROCK,FOLK
my favorite things|herb alpert and the tijuana brass	POP
my first day without her|dennis yost and the classics iv	POP,ROCK,FOLK
my first love|avant featuring keke wyatt	POP,HIP_HOP,RNB
my first night with you|mya	POP,HIP_HOP,RNB
my first night without you|cyndi lauper	POP,ROCK,ELECTRONIC
my forbidden lover|chic	RNB,ELECTRONIC
my friends over you|new found glory	POP,ROCK,PUNK,EMO
my front porch looking in|lonestar	COUNTRY
my generation|who	POP,ROCK,PUNK,FOLK
my girl gone gone gone|chilliwack	ROCK
my girl has gone|miracles	POP,ROCK,RNB
my girl hey girl|bobby vee	POP,ROCK,RNB,FOLK
my girl|dylan scott	COUNTRY
my girl|temptations	RNB
my guy|mary wells	POP,RNB
my guy|petula clark	POP,ROCK,FOLK
my guy|sister sledge	POP,RNB,ELECTRONIC
my happy ending|avril lavigne	POP
my heart belongs to me|barbra streisand	POP,ELECTRONIC,SOUNDTRACK
my heart belongs to only you|bobby vinton	POP,ROCK,RNB
my heart is lost to you|brooks and dunn	COUNTRY
my heart is yours|wilbert harrison	ROCK,RNB
my heart skips a beat|buck owens	COUNTRY,FOLK
my heroes have always been cowboys|willie nelson	COUNTRY,FOLK
my honey and me|luther ingram	RNB
my hood|young jeezy	HIP_HOP
my house|flo rida	POP,HIP_HOP,ELECTRONIC
my humps|black eyed peas	POP,HIP_HOP
my immortal|evanescence	ROCK,METAL
my kind of lady|supertramp featuring rick davies	POP,ROCK,FOLK
my kinda girl|babyface	POP,RNB
my kinda party|jason aldean	COUNTRY
my life would suck without you|kelly clarkson	POP
my life|billy joel	POP,ROCK,FOLK
my life|game featuring lil wayne	POP,HIP_HOP
my list|toby keith	COUNTRY
my little chickadee|foundations	POP,RNB,FOLK
my little girl|tim mcgraw	COUNTRY
my little red book|love	POP,ROCK,COUNTRY,ELECTRONIC,FOLK
my little secret|xscape	POP,HIP_HOP,RNB
my little town|simon and garfunkel	POP,ROCK,FOLK
my love forgive me amore scusami|robert goulet	POP
my love goes on and on|chris cagle	COUNTRY
my love is for real|paula abdul	POP
my love is like wo|mya	POP,HIP_HOP,RNB
my love is music|space	ELECTRONIC
my love is your love|whitney houston	POP
my love|dream featuring mariah carey	POP,HIP_HOP,RNB
my love|lionel richie	POP,RNB,ELECTRONIC
my love|little texas	COUNTRY
my love|margie joseph	RNB
my love|petula clark	POP,ROCK,FOLK
my main man|staple singers	RNB
my mammy|happenings	POP,ROCK
my man a sweet man|millie jackson	RNB
my man|barbra streisand	POP,ELECTRONIC,SOUNDTRACK
my maria|brooks and dunn	COUNTRY
my marie|engelbert humperdinck	POP
my melody of love|bobby vinton	POP,ROCK,RNB
my merry go round|johnny nash	POP
my mistake was to love you|diana ross and marvin gaye	RNB,POP,ELECTRONIC
my music|loggins and messina	POP,ROCK,COUNTRY,FOLK
my my my|johnny gill	RNB
my my my|troye sivan	POP
my name is not susan|whitney houston	POP
my name is prince|prince and the new power generation	RNB
my name is|eminem	HIP_HOP,RNB
my next thirty years|tim mcgraw	COUNTRY
my obsession|icehouse	POP,ROCK,ELECTRONIC
my oh my|slade	POP,ROCK,RNB
my oh my|wreckers	POP,COUNTRY
my old car|lee dorsey	ROCK,RNB
my old friend|tim mcgraw	COUNTRY
my old man|zac brown band	COUNTRY
my old school|steely dan	POP,ROCK,RNB,FOLK
my one temptation|mica paris	RNB
my own way to rock|burton cummings	ROCK,FOLK
my own worst enemy|lit	POP,ROCK,PUNK
my paradise|outfield	POP,ROCK
my prerogative|bobby brown	POP,HIP_HOP,RNB
my president|young jeezy featuring nas	HIP_HOP,PUNK
my pretending days are over|dells	RNB,ELECTRONIC
my pyt|wale	POP,HIP_HOP,RNB
my sacrifice|creed	POP,ROCK,HIP_HOP,METAL
my sharona|knack	POP,ROCK
my side of the bed|susanna hoffs	POP
my sister|reba mcentire	COUNTRY
my songs know what you did in the dark light em up|fall out boy	ROCK,PUNK,EMO
my song|aretha franklin	RNB
my special angel|vogues	POP,ROCK,RNB,FOLK
my special prayer|joe simon	RNB
my special prayer|percy sledge	POP,RNB
my sweet lady|john denver	POP,FOLK
my sweet lord|george harrison	POP,ROCK,FOLK
my sweet summer suite|love unlimited orchestra	RNB,ELECTRONIC
my thang|james brown	RNB
my toot toot|jean knight	RNB
my town my guy and me|lesley gore	POP,ROCK,RNB,FOLK
my town|michael stanley band	POP,ROCK
my town|montgomery gentry	COUNTRY
my uncle used to love me but she died|roger miller	COUNTRY,FOLK
my up and down|adina howard	POP,RNB
my way of life|frank sinatra	POP
my way|brook benton	POP,ROCK,RNB
my way|calvin harris	POP,ELECTRONIC
my way|elvis presley	ROCK
my way|frank sinatra	POP
my way|limp bizkit	ROCK,HIP_HOP,METAL
my way|usher	POP,HIP_HOP,RNB
my whole world ended the moment you left me|david ruffin	RNB,ELECTRONIC
my wish|rascal flatts	COUNTRY
my woman my woman my wife|marty robbins	COUNTRY
my world fell down|sagittarius	POP
my world is empty without you|jose feliciano	LATIN
my world is empty without you|supremes	POP,RNB,ELECTRONIC,FOLK
my world|bee gees	POP,ELECTRONIC
mysterious ways|u2	ROCK
mystery lady|billy ocean	POP,ROCK,RNB,ELECTRONIC
n 2 gether now|limp bizkit featuring method man	HIP_HOP,PUNK,ROCK,METAL
n dey say|nelly	POP,HIP_HOP
n e r v o u s|ian whitcomb	ROCK
n y you got me dancing|andrea true connection	ELECTRONIC
na na na na na na na na na na na na|my chemical romance	PUNK,EMO
na na|trey songz	POP,HIP_HOP,RNB
nada es para siempre|luis fonsi	POP,LATIN
nadine is it you|chuck berry	ROCK,RNB,FOLK
naggin|ying yang twins	POP,HIP_HOP
nail it to the wall|stacy lattisaw	RNB,ELECTRONIC
naked eye|luscious jackson	POP
naked|marques houston	POP,HIP_HOP,RNB
name of the game|abba	POP
name|goo goo dolls	POP,ROCK
nappy heads|fugees	HIP_HOP
narcos|migos	POP,HIP_HOP
nas is like|nas	HIP_HOP,PUNK
nastradamus|nas	HIP_HOP,PUNK
nasty freestyle|t wayne	HIP_HOP
nasty|janet jackson	POP,RNB
nathan jones|supremes	POP,RNB,ELECTRONIC,FOLK
native new yorker|odyssey	POP,ELECTRONIC
natural high|bloodstone	RNB
naturally|selena gomez and the scene	POP
natural|imagine dragons	ROCK
naughty girls need love too|samantha fox	POP,ELECTRONIC
naughty girl|beyonce	POP,RNB
naughty naughty|john parr	POP,ROCK
navy blue|diane renay	POP
nc 17|travis scott	POP,HIP_HOP
neanderthal man|hotlegs	POP
near you|boz scaggs	POP,ROCK,COUNTRY,FOLK
nearer to you|betty harris	RNB
need a boss|shareefa featuring ludacris	POP,HIP_HOP,RNB
need a little taste of love|doobie brothers	POP,ROCK,RNB,COUNTRY,FOLK
need to belong|jerry butler	POP,RNB,ELECTRONIC
need u bad|jazmine sullivan	POP,RNB
need you bad|ted nugent	ROCK,RNB,METAL
need you now|lady antebellum	POP,COUNTRY
need you tonight|inxs	POP,ROCK,RNB,ELECTRONIC
need your loving tonight|queen	JAZZ
needed me|rihanna	POP,RNB
needle in a haystack|velvelettes	POP,RNB
needles and pins|searchers	POP,ROCK,FOLK
needles and pins|smokie	POP
neighbor neighbor|jimmy hughes	RNB
neighbors know my name|trey songz	POP,HIP_HOP,RNB
neighbors|j cole	HIP_HOP
neither one of us wants to be the first to say goodbye|gladys knight and the pips	POP,RNB,ELECTRONIC
neon lights|demi lovato	POP
neon light|blake shelton	COUNTRY
neon nites|atlanta rhythm section	POP,ROCK,RNB,COUNTRY,FOLK
neon|chris young	COUNTRY
neutron dance|pointer sisters	POP,RNB,ELECTRONIC
neutron star collision love is forever|muse	ROCK
neva end|future	POP,HIP_HOP
neva eva|trillville	HIP_HOP
nevada fighter|michael nesmith and the first national band	POP,COUNTRY
never again|kelly clarkson	POP
never as good as the first time|sade	RNB
never be the same|camila cabello	POP
never be the same|christopher cross	POP,ROCK,RNB,ELECTRONIC,FOLK
never been any reason|head east	POP,ROCK,COUNTRY
never been kissed|sherrie austin	COUNTRY
never been to spain|three dog night	POP,ROCK,RNB,COUNTRY,FOLK
never can say goodbye|communards	POP,ROCK,ELECTRONIC
never can say goodbye|isaac hayes	RNB,ELECTRONIC
never can say goodbye|jackson 5	RNB
never comes the day|moody blues	POP,ROCK,FOLK
never die young|james taylor	POP,ROCK,FOLK
never enough|cure	HIP_HOP
never enough|loren allred	SOUNDTRACK
never enough|one direction	POP
never ever|all saints	POP,RNB,ELECTRONIC
never ever|ciara featuring young jeezy	HIP_HOP,POP,RNB
never get enough of your love|l t d	RNB,ELECTRONIC
never get enough of your love|oscar toney jr	RNB
never give up on a good thing|george benson	POP,RNB,ELECTRONIC,JAZZ
never give up|sammy hagar	POP,ROCK,METAL
never give you up|jerry butler	POP,RNB,ELECTRONIC
never gonna be alone|nickelback	ROCK,METAL
never gonna fall in love again|eric carmen	POP,ROCK,ELECTRONIC,FOLK
never gonna give you up|rick astley	POP,ROCK,ELECTRONIC
never gonna leave this bed|maroon 5	POP
never gonna let him know|debbie taylor	RNB
never gonna let you down|surface	POP,RNB
never gonna let you go|faith evans	POP,HIP_HOP,RNB
never gonna let you go|sergio mendes	LATIN
never grow up|taylor swift	POP
never had a dream come true|s club 7	POP,ELECTRONIC,SOUNDTRACK
never had a dream come true|stevie wonder	RNB
never had a lot to lose|cheap trick	POP,ROCK,ELECTRONIC,METAL
never keeping secrets|babyface	POP,RNB
never knew love like this before|stephanie mills	RNB,ELECTRONIC
never let her go|david gates	POP
never let her slip away|andrew gold	POP
never let me down again|depeche mode	POP,ROCK,ELECTRONIC
never let you go|bloodstone	RNB
never let you go|justin bieber	POP
never let you go|third eye blind	POP,ROCK,PUNK
never make a promise|dru hill	POP,HIP_HOP,RNB
never my love|5th dimension	POP,RNB,FOLK
never my love|addrisi brothers	POP
never my love|association	POP,ROCK,FOLK
never my love|blue swede	POP
never never gonna give ya up|barry white	POP,RNB,ELECTRONIC
never never gonna give you up|lisa stansfield	POP,RNB,ELECTRONIC
never never never grande grande grande|shirley bassey	POP,JAZZ
never say die give a little bit more|cliff richard	POP,ROCK
never say never|fray	POP,ROCK
never surrender|corey hart	POP,ROCK,ELECTRONIC
never tear us apart|inxs	POP,ROCK,RNB,ELECTRONIC
never there|cake	POP,ROCK
never too busy|kenny lattimore	RNB
never too late|three days grace	ROCK,PUNK,METAL
never too much|luther vandross	RNB
never trust a woman|b b king	ROCK,RNB
never wanted nothing more|kenny chesney	COUNTRY
nevermind|dennis lloyd	POP
never|amanda perez	POP,RNB
never|heart	POP,ROCK
never|jaheim	POP,RNB
new americana|halsey	POP
new attitude|patti labelle	RNB,ELECTRONIC
new day for you|basia	JAZZ
new day|patti labelle	RNB,ELECTRONIC
new divide|linkin park	ROCK,METAL
new frontier|donald fagen	POP,ROCK,JAZZ,FOLK
new girl in school|jan and dean	POP,ROCK,RNB,FOLK
new girl now|honeymoon suite	POP,ROCK,METAL
new god flow|pusha t kanye west	HIP_HOP
new man|ed sheeran	POP
new moon on monday|duran duran	POP,ROCK,ELECTRONIC
new orleans|neil diamond	POP,ROCK,FOLK
new patek|lil uzi vert	HIP_HOP
new pollution|beck	POP,ROCK,FOLK
new romantics|taylor swift	POP
new rules|dua lipa	POP
new sensation|inxs	POP,ROCK,RNB,ELECTRONIC
new slaves|kanye west	HIP_HOP
new song|howard jones	POP,ROCK,ELECTRONIC
new world man|rush	ROCK,METAL
new york groove|ace frehley	ROCK,METAL
new york minute|don henley	POP,ROCK,FOLK
new york|ja rule featuring fat joe and jadakiss	POP,HIP_HOP,PUNK,RNB
newsy neighbors|first choice	RNB,ELECTRONIC
next episode|dr dre featuring snoop dogg	HIP_HOP,RNB
next hundred years|al martino	POP
next love|deniece williams	RNB,ELECTRONIC
next to me|emeli sande	POP,RNB
next to you|mike jones	HIP_HOP
ni una sola palabra|paulina rubio	POP,LATIN
nice and slow|usher	POP,HIP_HOP,RNB
nice for what|drake	POP,HIP_HOP
nice girls|eye to eye	POP
nice girls|melissa manchester	POP
nice nice very nice|ambrosia	POP,ROCK,COUNTRY,FOLK
nice to be with you|gallery	POP
nice|carters	POP,RNB
nick of time|bonnie raitt	POP,ROCK,RNB,FOLK
nickel song|melanie	POP,FOLK
nickel song|new seekers featuring eve graham	POP
nico and the niners|twenty one pilots	ROCK,PUNK
night and day|bette midler	POP
night changes|one direction	POP
night chicago died|paper lace	POP
night in my veins|pretenders	POP,ROCK,ELECTRONIC,FOLK
night is still young|billy joel	POP,ROCK,FOLK
night is still young|nicki minaj	POP,HIP_HOP
night moves|bob seger	POP,ROCK,FOLK
night owls|little river band	POP,ROCK,COUNTRY,FOLK
night they drove old dixie down|joan baez	POP,FOLK
night time is the right time|rufus and carla	RNB
night time|strangeloves	ROCK
night train|jason aldean	COUNTRY
night walk|van mccoy	ELECTRONIC
night we met|lord huron	POP,FOLK
nightingale|carole king	POP,ROCK,FOLK
nightmares of the bottom|lil wayne	POP,HIP_HOP
nightmare|avenged sevenfold	ROCK,METAL
nights are forever without you|england dan and john ford coley	POP,FOLK
nights in white satin|moody blues	POP,ROCK,FOLK
nights on broadway|bee gees	POP,ELECTRONIC
nightshift|commodores	POP,RNB,ELECTRONIC
nights|frank ocean	POP,HIP_HOP,RNB
nightwalker|gino vannelli	POP,ROCK
night|animals	ROCK,RNB,PUNK,FOLK
nikes|frank ocean	POP,HIP_HOP,RNB
niki hoeky|p j proby	POP,ROCK
nikita|elton john	POP,ROCK
nine in the afternoon|panic at the disco	ROCK,PUNK,EMO,CLASSICAL
nine pound steel|joe simon	RNB
nite and day|al b sure	POP,RNB
nitty gritty|gladys knight and the pips	POP,RNB,ELECTRONIC
no air|jordin sparks duet with chris brown	POP,HIP_HOP,RNB
no arms can ever hold you|bachelors	POP,ROCK
no arms can ever hold you|bobby vinton	POP,ROCK,RNB
no better love|young gunz featuring rell	HIP_HOP
no big deal|love and rockets	POP,ROCK,ELECTRONIC,PUNK
no boundaries|adam lambert	POP
no boundaries|kris allen	POP,ROCK
no bystanders|travis scott	POP,HIP_HOP
no chance|moon martin	ROCK
no charge|melba montgomery	COUNTRY
no doubt about it|neal mccoy	COUNTRY
no excuses|meghan trainor	POP
no fair at all|association	POP,ROCK,FOLK
no fear|dej loaf	POP,HIP_HOP,RNB
no flex zone|rae sremmurd	POP,HIP_HOP
no flockin|kodak black	HIP_HOP
no fool no more|en vogue	POP,RNB
no frills love|jennifer holliday	RNB
no hurry|zac brown band	COUNTRY
no letting go|wayne wonder	ROCK,ELECTRONIC
no longer friends|bryson tiller	POP,HIP_HOP
no love at all|b j thomas	POP,FOLK
no love|august alsina	POP,HIP_HOP,RNB
no matter what sign you are|diana ross and the supremes	POP,RNB
no matter what|t i	POP,HIP_HOP
no me dejes de querer|gloria estefan	POP,LATIN
no me doy por vencido|luis fonsi	POP,LATIN
no mercy|ty herndon	COUNTRY
no mistakes|kanye west	HIP_HOP
no money|galantis	POP,ELECTRONIC
no more drama|mary j blige	POP,HIP_HOP,RNB
no more i love you s|annie lennox	POP,FOLK
no more lonely nights|paul mccartney	POP,ROCK,FOLK
no more mr nice guy|alice cooper	ROCK,RNB,PUNK,METAL
no more rain in this cloud|angie stone	RNB
no more rhyme|debbie gibson	POP
no more tears|ozzy osbourne	ROCK,METAL
no more words|berlin	POP,ROCK,ELECTRONIC
no more|ruff endz	RNB
no myth|michael penn	POP
no name|nf	HIP_HOP
no night so long|dionne warwick	POP,RNB,ELECTRONIC
no no joe|silver convention	ELECTRONIC
no not much|vogues	POP,ROCK,RNB,FOLK
no one better than you|petula clark	POP,ROCK,FOLK
no one can love you more than me|melissa manchester	POP
no one else on earth|wynonna	COUNTRY
no one in the world|anita baker	RNB,JAZZ
no one is to blame|howard jones	POP,ROCK,ELECTRONIC
no one knows|queens of the stone age	ROCK,RNB,METAL
no one like you|scorpions	ROCK,METAL
no one to depend on|santana	ROCK,RNB
no one|alicia keys	POP,RNB
no ordinary love|sade	RNB
no parking on the dance floor|midnight star	RNB,ELECTRONIC
no particular place to go|chuck berry	ROCK,RNB,FOLK
no pity in the naked city|jackie wilson	POP,ROCK,RNB
no place that far|sara evans	COUNTRY
no problem|lil scrappy	HIP_HOP
no promises|a boogie wit da hoodie	HIP_HOP
no rain|blind melon	POP,ROCK,METAL
no role modelz|j cole	HIP_HOP
no roots|alice merton	ROCK
no sad songs|joe simon	RNB
no sad song|helen reddy	POP,FOLK
no scrubs|tlc	POP,HIP_HOP,RNB
no shoes no shirt no problems|kenny chesney	COUNTRY
no sleep leak|lil uzi vert	HIP_HOP
no sleep|wiz khalifa	POP,HIP_HOP
no smoke|youngboy never broke again	HIP_HOP
no son of mine|genesis	POP,ROCK
no souvenirs|melissa etheridge	POP,ROCK,FOLK
no such thing as a broken heart|old dominion	COUNTRY
no such thing|john mayer	POP,FOLK
no sunshine|kid frost	HIP_HOP
no surprise|daughtry	POP,ROCK,METAL
no tears left to cry|ariana grande	POP
no tell lover|chicago	POP,ROCK,FOLK
no time for talk|christopher cross	POP,ROCK,RNB,ELECTRONIC,FOLK
no time like the right time|blues project	ROCK
no time|guess who	POP,ROCK,RNB,COUNTRY,FOLK
no type|rae sremmurd	POP,HIP_HOP
no way out|jefferson starship	POP,ROCK,COUNTRY,FOLK
nobody but me|blake shelton	COUNTRY
nobody but me|human beinz	ROCK
nobody but you babe|clarence reid	RNB
nobody does it better|carly simon	POP,FOLK
nobody does it better|nate dogg featuring warren g	HIP_HOP,RNB
nobody else but you|trey songz	POP,HIP_HOP,RNB
nobody else|tyrese	POP,HIP_HOP,RNB
nobody i know|peter and gordon	POP,ROCK,RNB,FOLK
nobody knows|tony rich project	RNB
nobody love|tori kelly	POP
nobody s fool theme from caddyshack ii|kenny loggins	POP,ROCK
nobody to blame|chris stapleton	COUNTRY
nobody told me|john lennon	POP,ROCK,FOLK
nobody wants to be lonely|ricky martin duet with christina aguilera	POP,LATIN
nobody wins in this war|mitch malloy	ROCK
nobody wins|brenda lee	POP,ROCK,COUNTRY,JAZZ
nobody|doobie brothers	POP,ROCK,RNB,COUNTRY,FOLK
noise|kenny chesney	COUNTRY
none of ur friends business|ginuwine	POP,HIP_HOP,RNB
none of your business|salt n pepa	POP,HIP_HOP,ELECTRONIC
nonstop|drake	POP,HIP_HOP
nookie|limp bizkit	ROCK,HIP_HOP,METAL
normal|eminem	HIP_HOP,RNB
not a bad thing|justin timberlake	POP
not a day goes by|lonestar	COUNTRY
not a dry eye in the house|meat loaf	POP,ROCK
not afraid anymore|halsey	POP
not afraid|eminem	HIP_HOP,RNB
not enough indians|dean martin	POP,JAZZ
not enough love in the world|don henley	POP,ROCK,FOLK
not enough time|inxs	POP,ROCK,RNB,ELECTRONIC
not enough|van halen	ROCK,METAL
not fade away|rolling stones	ROCK,PUNK
not like the movies|katy perry	POP
not meant to be|theory of a deadman	ROCK,HIP_HOP,METAL
not myself tonight|christina aguilera	POP
not nice|partynextdoor	POP,HIP_HOP,RNB
not on the outside|moments	RNB,ELECTRONIC
not on your love|jeff carson	COUNTRY
not over you|gavin degraw	POP
not ready to make nice|dixie chicks	COUNTRY
not responsible|tom jones	POP,ROCK
not so sweet martha lorraine|country joe and the fish	ROCK,RNB,COUNTRY,FOLK
not the only one|bonnie raitt	POP,ROCK,RNB,FOLK
not today|mary j blige featuring eve	POP,HIP_HOP,RNB
note to god|charice	POP
note|daryle singletary	COUNTRY
nothin that compares 2 u|jacksons	RNB,ELECTRONIC
nothing as it seems|pearl jam	ROCK
nothing broken but my heart|celine dion	POP
nothing but a breeze|jesse winchester	ROCK,COUNTRY,FOLK
nothing but a heartache|flirtations	RNB
nothing but heartaches|supremes	POP,RNB,ELECTRONIC,FOLK
nothing can stop me|gene chandler	POP,RNB
nothing can take the place of you|brook benton	POP,ROCK,RNB
nothing else matters|metallica	ROCK,METAL
nothing ever goes as planned|styx	POP,ROCK
nothing from nothing|billy preston	RNB
nothing in common|thompson twins	POP,ROCK,ELECTRONIC
nothing in this world|keke wyatt featuring avant	POP,HIP_HOP,RNB
nothing left to lose|mat kearney	POP,ROCK
nothing on but the radio|gary allan	COUNTRY
nothing really matters|madonna	POP
nothing takes the place of you|toussaint mccall	RNB
nothing to hide|tommy james	POP
nothing without love|nate ruess	CLASSICAL
nothing without you|weeknd	POP,HIP_HOP,RNB
nothings into somethings|drake	POP,HIP_HOP
nothing|script	POP,ROCK
notice me|nb ridaz featuring angelina	HIP_HOP
noticed|lil mosey	HIP_HOP
notion|kings of leon	ROCK
notorious|duran duran	POP,ROCK,ELECTRONIC
notorious|loverboy	POP,ROCK,METAL
novacane|frank ocean	POP,HIP_HOP,RNB
now and forever you and me|anne murray	POP,COUNTRY,FOLK
now and forever|drake	POP,HIP_HOP
now and forever|richard marx	POP,ROCK
now i know|jack jones	POP,JAZZ
now or never|halsey	POP
now run and tell that|denise lasalle	RNB
now that i found you|terri clark	COUNTRY
now that we found love|heavy d and the boyz	POP,HIP_HOP,RNB,ELECTRONIC,PUNK
now that we found love|third world	ROCK
nowhere man|beatles	ROCK
nowhere to go|melissa etheridge	POP,ROCK,FOLK
nowhere to run|martha and the vandellas	POP,ROCK,RNB,ELECTRONIC
nowhere to run|santana	ROCK,RNB
no|meghan trainor	POP
nude|radiohead	ROCK
numb encore|jay z linkin park	ROCK,METAL,HIP_HOP
number one spot|ludacris	POP,HIP_HOP
number one|eloise laws	RNB
number one|r kelly featuring keri hilson	POP,HIP_HOP,RNB
numb|linkin park	ROCK,METAL
numb|usher	POP,HIP_HOP,RNB
numb|xxxtentacion	HIP_HOP,EMO
nutbush city limits|bob seger	POP,ROCK,FOLK
nutbush city limits|ike and tina turner	POP,RNB
nuthin but a g thang|dr dre	JAZZ
o h i o|ohio players	RNB,ELECTRONIC
o o i love you|dells	RNB,ELECTRONIC
o p p|naughty by nature	HIP_HOP,PUNK
oak tree|morris day	RNB,ELECTRONIC
ob la di ob la da|arthur conley	POP,RNB
object of my desire|starpoint	RNB,ELECTRONIC
objection tango|shakira	POP,LATIN
obsessed|mariah carey	POP,RNB
obsession|animotion	POP,ROCK,ELECTRONIC
obvious child|paul simon	POP,ROCK,FOLK
ocean avenue|yellowcard	POP,ROCK,PUNK,EMO
ocean eyes|billie eilish	POP
ode to billie joe|bobbie gentry	POP,COUNTRY,FOLK
off on your own girl|al b sure	POP,RNB
off the hook|jody watley	POP,RNB,ELECTRONIC
off the wall|michael jackson	POP
officially missing you|tamia	POP,RNB
often|weeknd	POP,HIP_HOP,RNB
oh babe what would you say|hurricane smith	POP
oh carolina|shaggy	POP,HIP_HOP
oh daddy|adrian belew	ROCK,JAZZ
oh father|madonna	POP
oh girl|chi lites	RNB,ELECTRONIC
oh girl|paul young	POP,ROCK,ELECTRONIC
oh happy day|glen campbell	POP,COUNTRY,FOLK
oh honey|delegation	RNB,ELECTRONIC
oh how happy|blinky and edwin starr	RNB
oh how it hurts|barbara mason	RNB
oh la de da|staple singers	RNB
oh lord why lord|los pop tops	LATIN
oh love|green day	ROCK,PUNK
oh me oh my dreams in my arms|al green	RNB
oh my my|monkees	POP,ROCK,FOLK
oh my my|ringo starr	POP,ROCK,FOLK
oh no not my baby|maxine brown	POP,RNB
oh no not my baby|rod stewart	POP,ROCK
oh no|commodores	POP,RNB,ELECTRONIC
oh people|patti labelle	RNB,ELECTRONIC
oh pretty woman|roy orbison and the candy men	POP,ROCK,FOLK
oh santa|mariah carey	POP,RNB
oh sheila|ready for the world	POP,RNB,ELECTRONIC
oh sherrie|steve perry	POP,ROCK
oh singer|jeannie c riley	COUNTRY
oh very young|cat stevens	POP,ROCK,FOLK
oh what a day|dells	RNB,ELECTRONIC
oh what a night for dancing|barry white	POP,RNB,ELECTRONIC
oh what a night|dells	RNB,ELECTRONIC
oh yeah|big tymers featuring tateeze boo and gotti	HIP_HOP
oh yeah|shadows of knight	POP,ROCK,PUNK
oh yeah|yello	POP,ROCK,ELECTRONIC
ohio|crosby stills nash and young	POP,ROCK,RNB,FOLK
okie from muskogee|merle haggard and the strangers	COUNTRY
oklahoma|billy gilman	COUNTRY
okolona river bottom band|bobbie gentry	POP,COUNTRY,FOLK
okra|tyler the creator	HIP_HOP
old apartment|barenaked ladies	POP,ROCK
old days|chicago	POP,ROCK,FOLK
old fashion love|commodores	POP,RNB,ELECTRONIC
old fashioned love|smokey robinson	RNB,ELECTRONIC
old man down the road|john fogerty	POP,ROCK,RNB
old man|neil young	POP,ROCK,FOLK
old songs|barry manilow	POP,RNB,ELECTRONIC
old time rock and roll|bob seger and the silver bullet band	POP,ROCK,FOLK
old to the new|nice and smooth	HIP_HOP,PUNK
olena|don nix	RNB
olivia|one direction	POP
omaha|moby grape	ROCK,COUNTRY,FOLK
on a carousel|hollies	POP,ROCK,FOLK
on a clear day you can see forever|johnny mathis	POP,JAZZ
on a night like this|bob dylan	POP,ROCK,FOLK
on a night like this|trick pony	COUNTRY
on a saturday night|eddie floyd	RNB
on a sunday afternoon|lighter shade of brown	HIP_HOP
on and on and on|abba	POP
on and on|erykah badu	POP,HIP_HOP,RNB
on and on|gladys knight and the pips	POP,RNB,ELECTRONIC
on and on|shyheim	PUNK
on and on|stephen bishop	POP,COUNTRY,FOLK
on bended knee|boyz ii men	POP,RNB
on broadway|george benson	POP,RNB,ELECTRONIC,JAZZ
on fire|lil wayne	POP,HIP_HOP
on fire|lloyd banks	HIP_HOP,PUNK
on my mind|ellie goulding	POP,ELECTRONIC
on my own|samantha barks	SOUNDTRACK
on point|house of pain	HIP_HOP,PUNK
on the border|al stewart	POP,ROCK,FOLK
on the dark side|john cafferty and the beaver brown band	ROCK
on the dock of the bay|dells	RNB,ELECTRONIC
on the down low|brian mcknight	POP,RNB
on the hotline|pretty ricky	POP,HIP_HOP,RNB
on the line|tangier	ROCK,METAL
on the loose|saga	ROCK
on the radio|donna summer	POP,RNB,ELECTRONIC
on the regular|meek mill	POP,HIP_HOP
on the road again|canned heat	POP,ROCK,RNB,FOLK
on the road again|willie nelson	COUNTRY,FOLK
on the shelf|donny and marie osmond	POP
on the street where you live|andy williams	POP,JAZZ,CLASSICAL
on the way down|ryan cabrera	POP
on the way home|buffalo springfield	POP,ROCK,RNB,COUNTRY,FOLK
on the way to the sky|neil diamond	POP,ROCK,FOLK
on the wings of love|jeffrey osborne	RNB,ELECTRONIC
on this side of goodbye|righteous brothers	POP,ROCK,RNB,FOLK
on top of the world|imagine dragons	ROCK
once a fool|kiki dee	POP
once an addict interlude|j cole	HIP_HOP
once bitten twice shy|great white	ROCK,METAL
once in a lifetime|keith urban	COUNTRY
once in a lifetime|talking heads	ROCK,RNB,ELECTRONIC,PUNK
once you get started|rufus featuring chaka khan	POP,RNB,ELECTRONIC
once you hit the road|dionne warwick	POP,RNB,ELECTRONIC
one and only man|steve winwood	POP,ROCK,ELECTRONIC,FOLK
one and only|chesney hawkes	POP
one bad apple|osmonds	POP
one beautiful day|ecstasy passion and pain	ELECTRONIC
one boy one girl|collin raye	COUNTRY
one by one|blues magoos	POP,ROCK,PUNK
one by one|cher	POP,SOUNDTRACK
one call away|charlie puth	POP
one call away|chingy featuring j weav	POP,HIP_HOP,RNB,SOUNDTRACK
one day in your life|michael jackson	POP
one fine day|carole king	POP,ROCK,FOLK
one fine day|rita coolidge	POP,FOLK
one fine morning|lighthouse	ROCK
one foot back in your door|roman holliday	ROCK
one foot|walk the moon	POP,ROCK
one for the mockingbird|cutting crew	POP,ROCK,ELECTRONIC
one for the money|horace brown	RNB
one girl|garnet mimms	RNB
one good reason|paul carrack	POP
one good woman|peter cetera	POP
one heartbeat|smokey robinson	RNB,ELECTRONIC
one hell of a woman|mac davis	POP,COUNTRY
one hell of an amen|brantley gilbert	COUNTRY
one hit to the body|rolling stones	ROCK,PUNK
one honest heart|reba	COUNTRY
one i gave my heart to|aaliyah	POP,HIP_HOP,RNB
one i love|r e m	POP,ROCK
one in a million you|larry graham	RNB,ELECTRONIC
one in a million|ne yo	POP,HIP_HOP,RNB
one in a million|romantics	POP,ROCK,ELECTRONIC
one in a million|trixter	ROCK,METAL
one in every crowd|montgomery gentry	COUNTRY
one last breath|creed	POP,ROCK,HIP_HOP,METAL
one last cry|brian mcknight	POP,RNB
one last kiss|j geils band	POP,ROCK,RNB,COUNTRY,FOLK
one last time|ariana grande	POP
one last time|glen campbell	POP,COUNTRY,FOLK
one less bell to answer|5th dimension	POP,RNB,FOLK
one less lonely girl|justin bieber	POP
one less set of footsteps|jim croce	POP,ROCK,FOLK
one lonely night|reo speedwagon	POP,ROCK,FOLK
one love in my lifetime|diana ross	POP,RNB,ELECTRONIC
one lover at a time|atlantic starr	RNB,ELECTRONIC
one man band|leo sayer	POP,ELECTRONIC,FOLK
one man band|three dog night	POP,ROCK,RNB,COUNTRY,FOLK
one man parade|james taylor	POP,ROCK,FOLK
one mic|nas	HIP_HOP,PUNK
one moment in time|whitney houston	POP
one more chance|diana ross	POP,RNB,ELECTRONIC
one more chance|michael jackson	POP
one more day|diamond rio	COUNTRY
one more day|new edition	POP,HIP_HOP,RNB
one more heartache|marvin gaye	RNB
one more mountain to climb|ronnie dove	POP
one more night|amber	ELECTRONIC
one more night|maroon 5	POP
one more night|phil collins	POP
one more tear|raindrops	POP
one more time|daft punk	ELECTRONIC
one more time|real mccoy	POP,ELECTRONIC
one more try|george michael	POP,ELECTRONIC
one more try|kristine w	ELECTRONIC
one night affair|jerry butler	POP,RNB,ELECTRONIC
one night at a time|george strait	COUNTRY
one night in bangkok|murray head	POP
one night love affair|bryan adams	POP,ROCK,FOLK
one number away|luke combs	COUNTRY
one of a kind love affair|spinners	RNB,ELECTRONIC
one of the boys|mott the hoople	POP,ROCK,RNB,PUNK,FOLK
one of the living|tina turner	POP,ELECTRONIC
one of these days|tim mcgraw	COUNTRY
one of those days|whitney houston	POP
one of those nights|tim mcgraw	COUNTRY
one of us|joan osborne	POP,FOLK
one on one|daryl hall john oates	POP,ROCK,FOLK
one on the right is on the left|johnny cash	COUNTRY
one piece at a time|johnny cash and the tennessee three	COUNTRY
one piece topless bathing suit|rip chords	ROCK
one step at a time|jordin sparks	POP,HIP_HOP,RNB
one step at a time|maxine brown	POP,RNB
one step closer|doobie brothers	POP,ROCK,RNB,COUNTRY,FOLK
one step closer|linkin park	ROCK,METAL
one step up|bruce springsteen	POP,ROCK,FOLK
one tear|eddie kendricks	RNB,ELECTRONIC
one that got away|jake owen	COUNTRY
one that got away|katy perry	POP
one that really matters|survivor	POP,ROCK
one that you love|air supply	POP
one thing leads to another|fixx	POP,ROCK,ELECTRONIC
one thing|finger eleven	POP
one thing|inxs	POP,ROCK,RNB,ELECTRONIC
one thing|one direction	POP
one time|justin bieber	POP
one to one|carole king	POP,ROCK,FOLK
one toke over the line|brewer and shipley	POP,COUNTRY,FOLK
one too many mornings|beau brummels	POP,ROCK,COUNTRY,FOLK
one track mind|knickerbockers	POP,ROCK
one two three|ramsey lewis	RNB,JAZZ
one voice|billy gilman	COUNTRY
one way love|drifters	POP,ROCK,RNB,FOLK
one way or another teenage kicks|one direction	POP
one way or another|blondie	POP,ROCK,ELECTRONIC
one way out|allman brothers band	POP,ROCK,RNB,COUNTRY,FOLK
one week|barenaked ladies	POP,ROCK
one wing in the fire|trent tomlinson	COUNTRY
one wish|ray j	RNB
one woman man|dave hollister	POP,RNB
one woman|jade	POP,RNB
one you love|glenn frey	POP,ROCK,FOLK
one you love|paulina rubio	POP,LATIN
one|backstreet boys	POP
one|chainsmokers	POP,ELECTRONIC
one|creed	POP,ROCK,HIP_HOP,METAL
one|ed sheeran	POP
one|elton john	POP,ROCK
one|gary allan	COUNTRY
one|mary j blige featuring drake	ROCK,POP,HIP_HOP,RNB
one|metallica	ROCK,METAL
one|three dog night	POP,ROCK,RNB,COUNTRY,FOLK
one|u2	ROCK
online|brad paisley	COUNTRY
only a memory|smithereens	POP,ROCK,ELECTRONIC
only difference between martyrdom and suicide is press coverage|panic at the disco	ROCK,PUNK,EMO,CLASSICAL
only exception|paramore	POP,PUNK,EMO
only for love|limahl	POP,ROCK
only girl in the world|rihanna	POP,RNB
only god knows why|kid rock	ROCK,METAL
only happy when it rains|garbage	POP,ROCK,ELECTRONIC
only in america|brooks and dunn	COUNTRY
only in my dreams|debbie gibson	POP
only in your heart|america	POP,ROCK,COUNTRY,FOLK
only lonely|bon jovi	ROCK,METAL
only love can break a heart|bobby vinton	POP,ROCK,RNB
only love can break a heart|margaret whiting	POP,JAZZ
only love can break your heart|neil young	POP,ROCK,FOLK
only love can break your heart|st etienne	POP,ROCK,ELECTRONIC,CLASSICAL
only love is real|carole king	POP,ROCK,FOLK
only love the ballad of sleeping beauty|sophie b hawkins	POP
only one love in my life|ronnie milsap	COUNTRY
only one road|celine dion	POP
only one you|t g sheppard	COUNTRY
only prettier|miranda lambert	COUNTRY
only sixteen|dr hook	POP,ROCK,COUNTRY,FOLK
only the good die young|billy joel	POP,ROCK,FOLK
only the lonely|motels	POP,ROCK,ELECTRONIC
only the lonely|sonny james	POP,COUNTRY
only the lucky|walter egan	POP
only the strong survive|jerry butler	POP,RNB,ELECTRONIC
only the young|journey	POP,ROCK
only thing that looks good on me is you|bryan adams	POP,ROCK,FOLK
only those in love|baby washington	RNB
only time will tell|asia	POP,ROCK
only time will tell|nelson	ROCK,METAL
only wanna be with you|hootie and the blowfish	POP,ROCK
only when i lose myself|depeche mode	POP,ROCK,ELECTRONIC
only when you leave|spandau ballet	POP,ROCK,ELECTRONIC
only yesterday|carpenters	POP,FOLK
only you know and i know|dave mason	POP,ROCK,RNB,COUNTRY,FOLK
only you know and i know|delaney and bonnie	ROCK,RNB,COUNTRY
only you|commodores	POP,RNB,ELECTRONIC
only you|loleatta holloway and bunny sigler	RNB,ELECTRONIC
only|nine inch nails	ROCK,ELECTRONIC,PUNK,METAL
oo wee baby i love you|fred hughes	RNB
oogum boogum song|brenton wood	RNB
ooh aah just a little bit|gina g	POP,ELECTRONIC
ooh baby baby|linda ronstadt	POP,ROCK,COUNTRY,FOLK
ooh baby|bo diddley	ROCK,RNB
ooh baby|mario	POP,HIP_HOP,RNB
ooh boy|rose royce	RNB,ELECTRONIC
ooh la la|rod stewart	POP,ROCK
ooh ooh song|pat benatar	POP,ROCK,ELECTRONIC
ooh poo pah doo|ike and tina turner	POP,RNB
ooh|mary j blige	POP,HIP_HOP,RNB
ooo baby baby|miracles	POP,ROCK,RNB
ooo la la la|teena marie	RNB,ELECTRONIC
ooops up|snap	POP,ELECTRONIC
ooouuu|young m a	HIP_HOP
oops i did it again|britney spears	POP
oops oh my|tweet	POP,RNB
open arms|journey	POP,ROCK
open letter to a landlord|living colour	ROCK,HIP_HOP,RNB,METAL
open letter|lil wayne	POP,HIP_HOP
open my heart|yolanda adams	RNB
open safe|lil wayne	POP,HIP_HOP
open the door song for judith|judy collins	POP,FOLK
open the door to your heart|darrell banks	RNB
open up the door let the good times in|dean martin	POP,JAZZ
open your heart|madonna	POP
open|smokey robinson	RNB,ELECTRONIC
operator|brenda holloway	POP,RNB
operator|manhattan transfer	POP,JAZZ
operator|midnight star	RNB,ELECTRONIC
ophelia|band	POP,ROCK,RNB,COUNTRY,FOLK
ophelia|lumineers	POP,ROCK,FOLK
opposite of adults|chiddy bang	HIP_HOP
opposites attract|paula abdul duet with the wild pair	POP
orange blossom special|johnny cash	COUNTRY
ordinary day|vanessa carlton	POP,ROCK
ordinary girl|hannah montana	POP
ordinary life|chad brock	COUNTRY
ordinary life|weeknd	POP,HIP_HOP,RNB
ordinary love|u2	ROCK
ordinary people|john legend	POP,RNB
ordinary world|duran duran	POP,ROCK,ELECTRONIC
original fire|audioslave	ROCK,METAL
original prankster|offspring	ROCK,PUNK,METAL,HIP_HOP
original sin|inxs	POP,ROCK,RNB,ELECTRONIC
other guy|little river band	POP,ROCK,COUNTRY,FOLK
other side of life|moody blues	POP,ROCK,FOLK
other side of the door|taylor swift	POP
other side of this life|peter paul and mary	POP,FOLK
other side|aerosmith	ROCK
other side|jason derulo	POP,HIP_HOP
other woman|ray parker jr	RNB,ELECTRONIC
otherside|post malone	POP,HIP_HOP
otherside|red hot chili peppers	ROCK,RNB,METAL
otw|dj luke nasty	HIP_HOP
oui|jeremih	POP,HIP_HOP,RNB
our day will come|frankie valli	POP,FOLK
our everlasting love|ruby and the romantics	RNB
our house|crosby stills nash and young	POP,ROCK,RNB,FOLK
our house|madness	ELECTRONIC,PUNK
our kind of love|lady antebellum	POP,COUNTRY
our love|natalie cole	POP,RNB,ELECTRONIC,JAZZ
our night|shaun cassidy	POP
our song|jack jones	POP,JAZZ
our song|taylor swift	POP
our winter love|lettermen	POP
our world|blue mink	POP
our world|johnny tillotson	POP,ROCK,RNB
ours|taylor swift	POP
out and about|tommy boyce and bobby hart	POP
out here on my own|irene cara	POP,ELECTRONIC
out in the country|three dog night	POP,ROCK,RNB,COUNTRY,FOLK
out in the streets|shangri las	POP
out last night|kenny chesney	COUNTRY
out of left field|percy sledge	POP,RNB
out of limits|marketts	ROCK
out of mind out of sight|models	ROCK
out of my head|fastball	POP,ROCK
out of sight out of mind|little anthony and the imperials	POP,ROCK,RNB
out of tears|rolling stones	ROCK,PUNK
out of the blue|debbie gibson	POP
out of the blue|tommy james and the shondells	POP,ROCK,FOLK
out of the woods|taylor swift	POP
out of this world|chiffons	POP,ROCK,RNB,FOLK
out of time|rolling stones	ROCK,PUNK
out of work|gary u s bonds	RNB
outa space|billy preston	RNB
outlaw man|david blue	FOLK
outlaw|50 cent	HIP_HOP
outlaw|war	RNB
outrageous|britney spears	POP
outside my window|stevie wonder	RNB
outside the gates of heaven|lou christie	POP,ROCK,FOLK
outside today|youngboy never broke again	HIP_HOP
outside woman|bloodstone	RNB
outsiders|eric church	COUNTRY
outsider|a perfect circle	ROCK,HIP_HOP,METAL
outstanding|gap band	RNB,ELECTRONIC
outta control|50 cent	HIP_HOP
outta my head|craig campbell	COUNTRY
outta my system|bow wow featuring t pain and johnta austin	POP,HIP_HOP,RNB
outta your mind|lil jon featuring lmfao	POP,HIP_HOP
over it|katharine mcphee	POP
over my head cable car|fray	POP,ROCK
over my head|fleetwood mac	POP,ROCK
over my head|toni basil	POP
over now|post malone	POP,HIP_HOP
over under sideways down|yardbirds	ROCK,RNB,FOLK
over you|daughtry	POP,ROCK,METAL
over you|gary puckett and the union gap	POP,ROCK,FOLK
over you|miranda lambert	COUNTRY
over you|roxy music	POP,ROCK,ELECTRONIC,PUNK
overcome|creed	POP,ROCK,HIP_HOP,METAL
overdose|youngboy never broke again	HIP_HOP
overjoyed|stevie wonder	RNB
overkill|men at work	POP,ROCK,ELECTRONIC
overnight celebrity|twista	POP,HIP_HOP
overnight|logic	HIP_HOP
over|blake shelton	COUNTRY
over|drake	POP,HIP_HOP
owe me|big sean	POP,HIP_HOP
own it|drake	POP,HIP_HOP
owner of a lonely heart|yes	ROCK,JAZZ
oye como va|santana	ROCK,RNB
oye mi canto|n o r e featuring daddy yankee nina sky gem star and big mato	POP,RNB,HIP_HOP,LATIN,PUNK
o|omarion	POP,HIP_HOP,RNB
p i m p|50 cent	HIP_HOP
p y t pretty young thing|michael jackson	POP
pain gets a little deeper|darrow fletcher	RNB
pain in my heart|otis redding	RNB
paint it black|rolling stones	ROCK,PUNK
paint me a birmingham|tracy lawrence	COUNTRY
painted moon|silencers	ROCK
painted picture|commodores	POP,RNB,ELECTRONIC
painter|lou christie	POP,ROCK,FOLK
pain|jimmy eat world	POP,ROCK,PUNK
pain|three days grace	ROCK,PUNK,METAL
paloma blanca|george baker selection	POP
pamela|toto	POP,ROCK
panama|van halen	ROCK,METAL
panda|desiigner	HIP_HOP
panic switch|silversun pickups	POP,ROCK,PUNK,METAL
papa was too|joe tex	RNB
paparazzi|lady gaga	POP
paparazzi|xzibit	HIP_HOP,RNB,PUNK
paper cup|5th dimension	POP,RNB,FOLK
paper doll|john mayer	POP,FOLK
paper in fire|john mellencamp	POP,ROCK,FOLK
paper mache|dionne warwick	POP,RNB,ELECTRONIC
paper planes|m i a	POP,ELECTRONIC
paper roses|marie osmond	POP
paper sun|traffic featuring stevie winwood	POP,ROCK,RNB,COUNTRY,FOLK
paper tiger|sue thompson	POP,ROCK
paperback writer|beatles	POP
papers|usher	POP,HIP_HOP,RNB
paper|queen latifah featuring apache	POP,HIP_HOP,SOUNDTRACK
papi|jennifer lopez	POP,HIP_HOP,RNB
parachute|chris stapleton	COUNTRY
paradise by the dashboard light|meat loaf	POP,ROCK
paradise|coldplay	POP,ROCK
paradise|ll cool j featuring amerie	POP,HIP_HOP,RNB,PUNK
paradise|sade	RNB
paralyzer|finger eleven	ROCK,HIP_HOP,METAL
paramedic|sob x rbe	HIP_HOP
paranoid|black sabbath	ROCK,METAL
paranoid|jonas brothers	POP
paranoid|post malone	POP,HIP_HOP
paris|chainsmokers	POP,ELECTRONIC
parking lot party|lee brice	COUNTRY
part ii|method man and redman	HIP_HOP,PUNK
part of me part of you|glenn frey	POP,ROCK,FOLK
part of me|katy perry	POP
part of the plan|dan fogelberg	POP,ROCK,COUNTRY,FOLK
part time lover|stevie wonder	RNB
part time love|ann peebles	RNB
part time love|elton john	POP,ROCK
part time love|gladys knight and the pips	POP,RNB,ELECTRONIC
partition|beyonce	POP,RNB
party in the u s a|miley cyrus	POP
party lights|natalie cole	POP,RNB,ELECTRONIC,JAZZ
party line|andrea true connection	ELECTRONIC
party monster|weeknd	POP,HIP_HOP,RNB
party on fifth ave|mac miller	HIP_HOP
party people|nelly featuring fergie	POP,HIP_HOP
party up up in here|dmx	HIP_HOP,PUNK
partyman|prince	RNB
party|van mccoy	ELECTRONIC
pass me by|peggy lee	POP,JAZZ
pass that dutch|missy elliott	POP,HIP_HOP,RNB
pass the apple eve|b j thomas	POP,FOLK
passionate kisses|mary chapin carpenter	POP,COUNTRY,FOLK
passionfruit|drake	POP,HIP_HOP
passion|rod stewart	POP,ROCK
past present and future|shangri las	POP
pata pata|miriam makeba	POP,JAZZ
patch of blue|frankie valli and the 4 seasons	POP,ROCK,RNB,FOLK
patches|clarence carter	RNB
patty cake|kodak black	HIP_HOP
pause|pitbull	POP,HIP_HOP,LATIN
pay the devil ooo baby ooo|knack	POP,ROCK
pay you back with interest|hollies	POP,ROCK,FOLK
payback part i|james brown	RNB
paying the cost to be the boss|b b king	ROCK,RNB,PUNK
paying the price of love|bee gees	POP,ELECTRONIC
peace brother peace|bill medley	POP
peace in our time|eddie money	POP,ROCK,COUNTRY,FOLK
peace of mind|boston	POP,ROCK
peace of mind|nancy wilson	POP,RNB,JAZZ
peace train|cat stevens	POP,ROCK,FOLK
peace will come according to plan|melanie	POP,FOLK
peaceful|helen reddy	POP,FOLK
peacekeeper|fleetwood mac	POP,ROCK
peacemaker|albert hammond	POP
peaches and cream|112	POP,HIP_HOP,RNB
peaches|presidents of the united states of america	POP,ROCK,METAL
peak|drake	POP,HIP_HOP
pearl time|andre williams	ROCK,PUNK
pearl|tommy roe	POP,ROCK,FOLK
peek a boo|new vaudeville band	ROCK
peek a boo|siouxsie and the banshees	POP,ROCK,ELECTRONIC,PUNK
peg|steely dan	POP,ROCK,RNB,FOLK
penetration|pyramids	ROCK
penny arcade|cyrkle	POP,ROCK,FOLK
penny lane|beatles	POP
penny lover|lionel richie	POP,RNB,ELECTRONIC
people are crazy|billy currington	COUNTRY
people are people|depeche mode	POP,ROCK,ELECTRONIC
people are strange|doors	ROCK
people everyday|arrested development	HIP_HOP
people get ready|impressions	POP,RNB
people get ready|jeff beck and rod stewart	POP,ROCK,RNB,JAZZ
people got to be free|rascals	POP
people gotta move|gino vannelli	POP,ROCK
people in love|10cc	POP,ROCK,ELECTRONIC,FOLK
people in me|music machine	ROCK
people like us|kelly clarkson	POP
people like you|eddie fisher	POP
people make the world go round|stylistics	POP,RNB,ELECTRONIC
people of the south wind|kansas	POP,ROCK
people say|dixie cups	POP
people sure act funny|arthur conley	POP,RNB
people|barbra streisand	POP,ELECTRONIC,SOUNDTRACK
people|nat king cole	POP,JAZZ
people|tymes	POP,RNB
perdidos|monchy and alexandra	LATIN
perfect combination|stacy lattisaw and johnny gill	RNB,ELECTRONIC
perfect illusion|lady gaga	POP
perfect situation|weezer	POP,ROCK,PUNK
perfect storm|brad paisley	COUNTRY
perfect strangers|lil wayne	POP,HIP_HOP
perfect way|scritti politti	POP,ROCK,ELECTRONIC
perfect world|huey lewis and the news	POP,ROCK,ELECTRONIC,FOLK
perfect|ed sheeran	POP
perfect|fairground attraction	POP
perfect|one direction	POP
perfect|sara evans	COUNTRY
perfect|simple plan	POP,ROCK,PUNK
perfect|smashing pumpkins	POP,ROCK,METAL
perfume|britney spears	POP
permanent|david cook	POP
personal jesus|depeche mode	POP,ROCK,ELECTRONIC
personally|karla bonoff	POP,FOLK
pete davidson|ariana grande	POP
peter gunn|art of noise featuring duane eddy	POP,ROCK,RNB
peter pan|kelsea ballerini	POP,COUNTRY
pets|porno for pyros	ROCK,METAL
petticoat white summer sky blue|bobby vinton	POP,ROCK,RNB
phantom limb|shins	POP,ROCK,FOLK,CLASSICAL
phenomenal|eminem	HIP_HOP,RNB
phenomenon|ll cool j	POP,HIP_HOP,RNB,PUNK
philadelphia|b b king	ROCK,RNB
philly dog|herbie mann	RNB,JAZZ,LATIN
philly dog|mar keys	RNB,FOLK
phoenix|fall out boy	ROCK,PUNK,EMO
photograph|def leppard	ROCK,METAL
photograph|ed sheeran	POP
photograph|j cole	HIP_HOP
photograph|nickelback	ROCK,METAL
photograph|ringo starr	POP,ROCK,FOLK
physical funk|domino	RNB
physical|olivia newton john	POP,ELECTRONIC,SOUNDTRACK
piano in the dark|brenda russell featuring joe esposito	JAZZ
piano man|billy joel	POP,ROCK,FOLK
pick up the pieces|awb	RNB,ELECTRONIC,JAZZ
pick up the pieces|carla thomas	RNB
pickup man|joe diffie	COUNTRY
picture to burn|taylor swift	POP
pictures of lily|who	POP,ROCK,PUNK,FOLK
pictures of matchstick men|status quo	POP,ROCK,RNB
pictures of you|cure	ROCK,ELECTRONIC
pictures of you|last goodnight	POP
piece by piece|kelly clarkson	POP
piece by piece|tubes	POP,ROCK,ELECTRONIC
piece of me|britney spears	POP
piece of my heart|big brother and the holding company	ROCK,RNB,FOLK
piece of my heart|erma franklin	RNB
piece of my heart|sammy hagar	POP,ROCK,METAL
pieces of april|three dog night	POP,ROCK,RNB,COUNTRY,FOLK
pieces of me|ashlee simpson	POP
pied piper|crispian st peters	POP,ROCK
piggy bank|50 cent	HIP_HOP
pillowtalk|zayn	POP
pills n potions|nicki minaj	POP,HIP_HOP
pill|loretta lynn	COUNTRY,FOLK
pimp juice|nelly	POP,HIP_HOP
pimp of the year|dru down	HIP_HOP,RNB
pin the tail on the donkey|newcomers	RNB
pinball wizard see me feel me|new seekers	POP
pinball wizard|who	POP,ROCK,PUNK,FOLK
pinch me|barenaked ladies	POP,ROCK
pink cadillac|natalie cole	POP,RNB,ELECTRONIC,JAZZ
pink cashmere|prince	RNB
pink houses|john mellencamp	POP,ROCK,FOLK
pink panther theme|henry mancini and his orchestra	POP,SOUNDTRACK
pink white|frank ocean	POP,HIP_HOP,RNB
pink|aerosmith	ROCK
pipe dream|blues magoos	POP,ROCK,PUNK
pirate flag|kenny chesney	COUNTRY
place in this world|michael w smith	ROCK
plain jane|sammy hagar	POP,ROCK,METAL
plan|g eazy	POP,HIP_HOP
plastic man|sonny and cher	POP,ROCK,FOLK
plastic man|temptations	RNB
play it again|luke bryan	COUNTRY
play me|neil diamond	POP,ROCK,FOLK
play on love|jefferson starship	POP,ROCK,COUNTRY,FOLK
play something country|brooks and dunn	COUNTRY
play something sweet brickyard blues|three dog night	POP,ROCK,RNB,COUNTRY,FOLK
play that funky music|vanilla ice	HIP_HOP,ELECTRONIC
play that funky music|wild cherry	RNB,ELECTRONIC
play that song|train	POP
play the game tonight|kansas	POP,ROCK
play with fire|rolling stones	ROCK,PUNK
playa cardz right|keyshia cole featuring 2pac	POP,HIP_HOP,RNB
playboy|gene and debbe	POP
playground|another bad creation	POP,RNB
play|david banner	HIP_HOP
play|jennifer lopez	POP,HIP_HOP,RNB
pleasant valley sunday|monkees	POP,ROCK,FOLK
please be the one|karla bonoff	POP,FOLK
please daddy|john denver	POP,FOLK
please forgive me|bryan adams	POP,ROCK,FOLK
please let me wonder|beach boys	POP,ROCK,FOLK,CLASSICAL
please love me forever|bobby vinton	POP,ROCK,RNB
please mr please|olivia newton john	POP,ELECTRONIC,SOUNDTRACK
please mr postman|carpenters	POP,FOLK
please mr sun|vogues	POP,ROCK,RNB,FOLK
please pardon me you remind me of a friend|rufus featuring chaka khan	POP,RNB,ELECTRONIC
please please please|james brown and the famous flames	RNB
please remember me|tim mcgraw	COUNTRY
please return your love to me|temptations	RNB
please|frank ifield	POP,ROCK,COUNTRY
pleasure and pain|divinyls	POP,ROCK,ELECTRONIC
pleasure principle|janet jackson	POP,RNB
pleasure|soup dragons	ROCK
plug walk|rich the kid	HIP_HOP
po pimp|do or die featuring twista	HIP_HOP
pocketful of sunshine|natasha bedingfield	POP
poetry man|phoebe snow	RNB,FOLK
point it out|smokey robinson and the miracles	POP,ROCK,RNB
point of know return|kansas	POP,ROCK
point of no return|expose	POP
poison arrow|abc	POP,ROCK,ELECTRONIC
poison|alice cooper	ROCK,RNB,PUNK,METAL
poison|bell biv devoe	POP,HIP_HOP,RNB
poker face|lady gaga	POP
policy of truth|depeche mode	POP,ROCK,ELECTRONIC
politics of dancing|re flex	POP
polk salad annie|tony joe white	POP,ROCK,RNB,COUNTRY,FOLK
pom poms|jonas brothers	POP
pompeii|bastille	POP,ROCK,ELECTRONIC
pon de replay|rihanna	POP,RNB
pon de river pon de bank|elephant man	ELECTRONIC
pontoon|little big town	COUNTRY
pony|ginuwine	POP,HIP_HOP,RNB
pool of bad luck|joe simon	RNB
poor georgie|mc lyte	POP,HIP_HOP,RNB,ELECTRONIC,PUNK
poor poor pitiful me|linda ronstadt	POP,ROCK,COUNTRY,FOLK
poor side of town|al wilson	RNB
poor side of town|johnny rivers	POP,ROCK,FOLK
pop a top|alan jackson	COUNTRY
pop goes the weasel|3rd bass	HIP_HOP,ELECTRONIC,PUNK
pop goes the world|men without hats	POP,ROCK,ELECTRONIC
pop life|prince and the revolution	RNB
pop lock and drop it|huey	HIP_HOP
pop muzik|m	POP,ROCK
pop singer|john mellencamp	POP,ROCK,FOLK
pop song 89|r e m	POP,ROCK
pop that coochie|2 live crew	HIP_HOP,ELECTRONIC
pop that thang|isley brothers	RNB,ELECTRONIC
pop ya collar|usher	POP,HIP_HOP,RNB
popcorn|james brown	RNB
popsicle toes|michael franks	POP,RNB,JAZZ
popsicles and icicles|murmaids	POP
popsicle|jan and dean	POP,ROCK,RNB,FOLK
pork and beans|weezer	POP,ROCK,PUNK
porn star dancing|my darkest days featuring zakk wylde	METAL,ROCK,HIP_HOP
portrait he knew|kansas	POP,ROCK
portrait of my love|tokens	POP,RNB
positively 4th street|bob dylan	POP,ROCK,FOLK
posse on broadway|sir mix a lot	HIP_HOP,ELECTRONIC
possession obsession|daryl hall john oates	POP,ROCK,FOLK
possession|bad english	ROCK,METAL
possession|sarah mclachlan	POP,ROCK,FOLK
postcard from jamaica|sopwith camel	ROCK
postcard from paris|band perry	COUNTRY
potential breakup song|aly and aj	POP
pound the alarm|nicki minaj	POP,HIP_HOP
pour it up|rihanna	POP,RNB
pour me|trick pony	COUNTRY
pour some sugar on me|def leppard	ROCK,METAL
pouring water on a drowning man|james carr	RNB
poverty|bobby bland	RNB
powder blue mercedes queen|raiders	POP,ROCK,PUNK,FOLK
power of good bye|madonna	POP
power of love love power|luther vandross	RNB
power of love you are my lady|air supply	POP
power of love|celine dion	POP
power of love|deee lite	ELECTRONIC
power of love|huey lewis and the news	POP,ROCK,ELECTRONIC,FOLK
power of love|jennifer rush	POP
power of love|joe simon	RNB
power of love|laura branigan	POP,ROCK,ELECTRONIC
power play|molly hatchet	POP,ROCK,RNB,COUNTRY
power to the people|john lennon plastic ono band yoko ono plastic ono band	POP,ROCK,FOLK
powerful thing|trisha yearwood	COUNTRY
power|kanye west	HIP_HOP
power|snap	POP,ELECTRONIC
power|temptations	RNB
practice what you preach|barry white	POP,RNB,ELECTRONIC
praise you|fatboy slim	ELECTRONIC
pray for you|jaron and the long road to love	COUNTRY
pray you catch me|beyonce	POP,RNB
prayer for the dying|seal	POP,RNB
prayer|disturbed	ROCK,METAL
praying for time|george michael	POP,ELECTRONIC
praying to a new god|wang chung	POP,ROCK,ELECTRONIC
praying|kesha	POP,HIP_HOP
pray|justin bieber	POP
prblms|6lack	POP,HIP_HOP,RNB
preach|youngboy never broke again	HIP_HOP
precious declaration|collective soul	POP,ROCK,METAL
precious love|bob welch	POP,ROCK,COUNTRY,FOLK
precious love|jody watley	POP,RNB,ELECTRONIC
precious precious|jackie moore	RNB,ELECTRONIC
precious to me|phil seymour	POP,ROCK
precious|depeche mode	POP,ROCK,ELECTRONIC
presence of love|alarm	POP,ROCK,ELECTRONIC
president carter|lil wayne	POP,HIP_HOP
presidential|youngbloodz	HIP_HOP
pressure|billy joel	POP,ROCK,FOLK
pretender|foo fighters	ROCK,METAL
pretender|jackson browne	POP,ROCK,COUNTRY,FOLK
pretending|eric clapton	POP,ROCK,RNB
pretty as you feel|jefferson airplane	ROCK,RNB,FOLK
pretty ballerina|left banke	POP,ROCK,FOLK,CLASSICAL
pretty boys and pretty girls|book of love	POP,ROCK,ELECTRONIC
pretty flamingo|manfred mann	POP,ROCK,RNB,FOLK
pretty fly for a white guy|offspring	ROCK,PUNK,METAL
pretty girl rock|keri hilson	POP,HIP_HOP,RNB
pretty girls|melissa manchester	POP
pretty girl|jon b	POP,HIP_HOP,RNB
pretty in pink|psychedelic furs	POP,ROCK,ELECTRONIC,PUNK
pretty lady|lighthouse	ROCK
pretty paper|roy orbison	POP,ROCK,FOLK
pretty vegas|inxs	POP,ROCK,RNB,ELECTRONIC
pretty wings|maxwell	POP,RNB
pretzel logic|steely dan	POP,ROCK,RNB,FOLK
price of love|bad english	ROCK,METAL
price to play|staind	ROCK,HIP_HOP,METAL
price|solomon burke	RNB,JAZZ
pride and passion|john cafferty and the beaver brown band	ROCK
pride in the name of love|u2	ROCK
pride|kendrick lamar	HIP_HOP
primal scream|motley crue	ROCK,METAL
prime time|alan parsons project	POP,ROCK
princess in rags|gene pitney	POP,ROCK,FOLK
prisoner of your love|player	POP
prisoner|howard jones	POP,ROCK,ELECTRONIC
privacy|chris brown	POP,HIP_HOP,RNB
private eyes|daryl hall john oates	POP,ROCK
private idaho|b 52s	POP,ROCK,ELECTRONIC,PUNK
privilege|weeknd	POP,HIP_HOP,RNB
problems|lil wayne	POP,HIP_HOP
prom queen|lil wayne featuring shanell aka snl	POP,HIP_HOP
promise her anything|tom jones	POP,ROCK
promise of a new day|paula abdul	POP
promised land|chuck berry	ROCK,RNB,FOLK
promised land|elvis presley	ROCK
promises broken|soul asylum	POP,ROCK
promises in the dark|pat benatar	POP,ROCK,ELECTRONIC
promises promises|dionne warwick	POP,RNB,ELECTRONIC
promises promises|naked eyes	POP,ROCK,ELECTRONIC
promises|barbra streisand	POP,ELECTRONIC,SOUNDTRACK
promises|nero	ELECTRONIC
promise|ciara	POP,HIP_HOP,RNB
promise|jagged edge	POP,HIP_HOP,RNB
promise|when in rome	POP,ROCK,ELECTRONIC
propuesta indecente|romeo santos	LATIN
proud mary|creedence clearwater revival	ROCK
proud mary|ike and tina turner	POP,RNB
proud mary|solomon burke	RNB,JAZZ
proud of the house we built|brooks and dunn	COUNTRY
proud one|frankie valli	POP,FOLK
proud one|osmonds	POP
prove it all night|bruce springsteen	POP,ROCK,FOLK
prove me wrong|david pack	POP
prove your love|taylor dayne	POP,ELECTRONIC
psychedelic shack|temptations	RNB
psycho killer|talking heads	ROCK,RNB,ELECTRONIC,PUNK
psychobabble|alan parsons project	POP,ROCK
psychotic reaction|count five	ROCK,PUNK
psycho|puddle of mudd	POP,ROCK,HIP_HOP,PUNK,METAL
pt 2|kanye west	HIP_HOP
pucker up buttercup|jr walker and the all stars	POP,RNB
pull over|trina	POP,HIP_HOP,RNB
pull up|mr vegas	POP,ELECTRONIC
pump it up|joe budden	HIP_HOP,PUNK
pump it|black eyed peas	POP,HIP_HOP
pump up the jam|technotronic featuring felly	POP,ELECTRONIC
pumped up kicks|foster the people	POP,ROCK
punks jump up to get beat down|brand nubian	HIP_HOP,PUNK
puppet man|5th dimension	POP,RNB,FOLK
puppet on a string|elvis presley with the jordanaires	ROCK
puppy love|barbara lewis	POP,RNB
puppy love|donny osmond	POP,SOUNDTRACK
puppy love|lil bow wow featuring jagged edge	POP,HIP_HOP,RNB
pure cocaine|lil baby	HIP_HOP
pure|lightning seeds	POP,ROCK,ELECTRONIC
purple haze|dion	POP,ROCK,RNB
purple haze|jimi hendrix experience	ROCK,RNB
purple hills|d12	HIP_HOP,PUNK
purple rain|prince and the revolution	RNB
purpose|justin bieber	POP
pursuit of happiness nightmare|kid cudi featuring mgmt and ratatat	HIP_HOP,POP,ROCK,ELECTRONIC
push it to the limit|corbin bleu	POP
push it|garbage	POP,ROCK,ELECTRONIC
push it|rick ross	HIP_HOP
push it|salt n pepa	POP,HIP_HOP,ELECTRONIC
pusher love girl|justin timberlake	POP
put a girl in it|brooks and dunn	COUNTRY
put a little love away|emotions	POP,RNB,ELECTRONIC
put a little love in your heart|annie lennox and al green	POP,FOLK,RNB
put a little love in your heart|jackie deshannon	POP,ROCK,FOLK
put away your love|alessi	POP
put it where you want it|crusaders	RNB,JAZZ
put me down|donell jones	POP,HIP_HOP,RNB
put on|young jeezy featuring kanye west	HIP_HOP
put that woman first|jaheim	POP,RNB
put you in a song|keith urban	COUNTRY
put your hand in mine|tracy byrd	COUNTRY
put your head on my shoulder|lettermen	POP
put your records on|corinne bailey rae	POP,RNB
put yourself in my place|elgins	POP,RNB
quality time|hi five	POP,RNB
que hiciste|jennifer lopez	POP,HIP_HOP,RNB
que te quiero|katrina and the waves	POP
queen of clubs|kc and the sunshine band	POP,RNB,ELECTRONIC
queen of hearts|juice newton	POP,COUNTRY
queen of my soul|average white band	RNB,ELECTRONIC,JAZZ
queen of the broken hearts|loverboy	POP,ROCK,METAL
queen of the house|jody miller	COUNTRY
questions 67 and 68|chicago	POP,ROCK,FOLK
questions|bang	RNB
questions|chris brown	POP,HIP_HOP,RNB
question|moody blues	POP,ROCK,FOLK
quickie|miguel	POP,HIP_HOP,RNB
quicksand|martha and the vandellas	POP,ROCK,RNB,ELECTRONIC
quiet storm|smokey robinson	RNB,ELECTRONIC
quit playing games with my heart|backstreet boys	POP
r e m|ariana grande	POP
r i p screw|travis scott	POP,HIP_HOP
race among the ruins|gordon lightfoot	POP,ROCK,COUNTRY,FOLK
race is on|george jones	COUNTRY
race is on|jack jones	POP,JAZZ
race|tay k	HIP_HOP
race|wiz khalifa	POP,HIP_HOP
rack city|tyga	POP,HIP_HOP
racks blue|future	POP,HIP_HOP
radar love|golden earring	POP,ROCK
radar love|white lion	ROCK,METAL
radar|britney spears	POP
radio free europe|r e m	POP,ROCK
radio romance|tiffany	POP
radioactive|gene simmons	ROCK,METAL
radioactive|imagine dragons	ROCK
radioactive|kings of leon	ROCK
radio|darius rucker	POP,COUNTRY
rag doll|aerosmith	ROCK
raging fire|phillip phillips	POP
rain dance|guess who	POP,ROCK,RNB,COUNTRY,FOLK
rain forest|paul hardcastle	JAZZ
rain in my heart|frank sinatra	POP
rain in the summertime|alarm	POP,ROCK,ELECTRONIC
rain is a good thing|luke bryan	COUNTRY
rain on me|ashanti	POP,HIP_HOP,RNB
rain on the scarecrow|john mellencamp	POP,ROCK,FOLK
rain the park and other things|cowsills	POP,ROCK,FOLK
rainbow|marmalade	POP,ROCK,FOLK
raining in my heart|leo sayer	POP,ELECTRONIC,FOLK
raining on sunday|keith urban	COUNTRY
rains came|sir douglas quintet	POP,ROCK,COUNTRY
rainy day people|gordon lightfoot	POP,ROCK,COUNTRY,FOLK
rainy day women 12 and 35|bob dylan	POP,ROCK,FOLK
rainy days and mondays|carpenters	POP,FOLK
rainy dayz|mary j blige featuring ja rule	POP,HIP_HOP,RNB
rainy jane|davy jones	POP
rain|creed	POP,ROCK,HIP_HOP,METAL
rain|dragon	ROCK
rain|jose feliciano	LATIN
rain|madonna	POP
rain|swv	POP,HIP_HOP,RNB
raise up|petey pablo	POP,HIP_HOP
raise your glass|p nk	POP
raise your hand|eddie floyd	RNB
raised on robbery|joni mitchell	POP,ROCK,FOLK
rakata|wisin and yandel	HIP_HOP,LATIN
rambler|molly hatchet	POP,ROCK,RNB,COUNTRY
ramblin man|allman brothers band	POP,ROCK,RNB,COUNTRY,FOLK
random|g eazy	POP,HIP_HOP
rap devil|machine gun kelly	HIP_HOP
rap god|eminem	HIP_HOP,RNB
rap song|t pain featuring rick ross	HIP_HOP,POP,RNB
rapper|jaggerz	POP
rapture|blondie	POP,ROCK,ELECTRONIC
raspberry beret|prince and the revolution	RNB
ratchet happy birthday|drake	POP,HIP_HOP
rattlesnake|ohio players	RNB,ELECTRONIC
ray of light|madonna	POP
re arranged|limp bizkit	ROCK,HIP_HOP,METAL
reach for it|george duke	RNB,JAZZ
reach for the sky|firehouse	ROCK,METAL
reach out for me|dionne warwick	POP,RNB,ELECTRONIC
reach out of the darkness|friend and lover	POP
reach out|merrilee rush	POP
reaching for the world|harold melvin and the blue notes	RNB,ELECTRONIC
reach|orleans	POP,ROCK,COUNTRY,FOLK
reaction to action|foreigner	POP,ROCK
read my mind|killers	ROCK
read your mind|avant	POP,HIP_HOP,RNB
ready for it|taylor swift	POP
ready for the times to get better|crystal gayle	POP,COUNTRY
ready for whatever|t i	POP,HIP_HOP
ready or not|after 7	RNB
ready or not|bridgit mendler	POP
ready or not|helen reddy	POP,FOLK
ready or not|lou gramm	POP,ROCK
ready set roll|chase rice	COUNTRY
ready to go|republica	POP
ready to love again|lady antebellum	POP,COUNTRY
ready to run|dixie chicks	COUNTRY
ready to run|one direction	POP
ready to take a chance again|barry manilow	POP,RNB,ELECTRONIC
ready|cat stevens	POP,ROCK,FOLK
real end|rickie lee jones	POP,ROCK,COUNTRY,FOLK
real friends|kanye west	HIP_HOP
real good man|tim mcgraw	COUNTRY
real hip hop|das efx	HIP_HOP,PUNK
real humdinger|j j barnes	RNB
real life|jake owen	COUNTRY
real life|weeknd	POP,HIP_HOP,RNB
real live woman|trisha yearwood	COUNTRY
real love|bob seger and the silver bullet band	POP,ROCK,FOLK
real love|doobie brothers	POP,ROCK,RNB,COUNTRY,FOLK
real love|jody watley	POP,RNB,ELECTRONIC
real love|mary j blige	POP,HIP_HOP,RNB
real love|skyy	RNB,ELECTRONIC
real love|slaughter	ROCK,METAL
real man|todd rundgren	POP,ROCK,RNB,COUNTRY,FOLK
real me|who	POP,ROCK,PUNK,FOLK
real real real|jesus jones	POP
real slim shady|eminem	HIP_HOP,RNB
real thing|bo bice	POP
real thing|brothers johnson	RNB,ELECTRONIC
real world|matchbox 20	POP,ROCK
reality|james brown	RNB
reality|kenny chesney	COUNTRY
realize|colbie caillat	POP
really doe|ice cube	HIP_HOP,RNB,PUNK
really really|kevin gates	HIP_HOP
reap the wild wind|ultravox	POP,ROCK,ELECTRONIC
reason to believe|rod stewart	POP,ROCK
reason to be|kansas	POP,ROCK
reason to live|kiss	ROCK,METAL
reason|hoobastank	POP,ROCK,HIP_HOP,PUNK,METAL
rebel rebel|david bowie	ROCK,ELECTRONIC,PUNK
rebel yell|billy idol	POP,ROCK,ELECTRONIC
rebels are we|chic	RNB,ELECTRONIC
rebels|tom petty and the heartbreakers	POP,ROCK,FOLK
rebirth of slick cool like dat|digable planets	HIP_HOP,PUNK
reborn|kids see ghosts	HIP_HOP
reconsider me|johnny adams	RNB
reconsider me|narvel felts	COUNTRY
record baby i love you|ben e king	POP,ROCK,RNB
record year|eric church	COUNTRY
recover your soul|elton john	POP,ROCK
recovery|fontella bass	POP,RNB
recovery|justin bieber	POP
red dirt road|brooks and dunn	COUNTRY
red hot|herb alpert	POP,JAZZ
red hot|sam the sham and the pharaohs	POP,ROCK,PUNK,FOLK
red light special|tlc	POP,HIP_HOP,RNB
red lights|tiesto	POP,ELECTRONIC
red light|linda clifford	ELECTRONIC
red nose|sage the gemini	POP,HIP_HOP
red opps|21 savage	HIP_HOP
red red wine|neil diamond	POP,ROCK,FOLK
red red wine|vic dana	POP
red roses for a blue lady|vic dana	POP
red roses for a blue lady|wayne newton	POP
red rubber ball|cyrkle	POP,ROCK,FOLK
red solo cup|toby keith	COUNTRY
redbone|childish gambino	POP,HIP_HOP
redemption|drake	POP,HIP_HOP
redneck crazy|tyler farr	COUNTRY
redneck friend|jackson browne	POP,ROCK,COUNTRY,FOLK
redneck woman|gretchen wilson	COUNTRY
redneck yacht club|craig morgan	COUNTRY
redwood tree|van morrison	POP,ROCK,FOLK
red|chevelle	ROCK,HIP_HOP,METAL
red|taylor swift	POP
reflections|diana ross and the supremes	POP,RNB
reflektor|arcade fire	POP,ROCK,ELECTRONIC,PUNK,FOLK,CLASSICAL
reflex|duran duran	POP,ROCK,ELECTRONIC
refugee|tom petty and the heartbreakers	POP,ROCK,FOLK
regret in your tears|nicki minaj	POP,HIP_HOP
regret|letoya featuring ludacris	POP,RNB,HIP_HOP
regret|new order	POP,ROCK,ELECTRONIC,PUNK
rehab|amy winehouse	RNB
rehab|rihanna	POP,RNB
relax|frankie goes to hollywood	POP,ROCK,ELECTRONIC
relay|who	POP,ROCK,PUNK,FOLK
release me|esther phillips little esther	RNB
release me|johnny adams	RNB
release me|wilson phillips	POP
release|timbaland featuring justin timberlake	POP,HIP_HOP,RNB
remedy for a broken heart why am i so in love|xxxtentacion	HIP_HOP,EMO
remedy|adele	POP,RNB
remedy|black crowes	POP,ROCK,RNB
remedy|seether	ROCK,HIP_HOP,METAL
remember christmas|nilsson	POP,ROCK,FOLK
remember me|diana ross	POP,RNB,ELECTRONIC
remember me|rita pavone	POP
remember me|willie nelson	COUNTRY,FOLK
remember the days of the old schoolyard|cat stevens	POP,ROCK,FOLK
remember the time|michael jackson	POP
remember walking in the sand|aerosmith	ROCK
remember when|alan jackson	COUNTRY
remember when|color me badd	POP,RNB
remember when|wayne newton	POP
reminder|weeknd	POP,HIP_HOP,RNB
reminisce|mary j blige	POP,HIP_HOP,RNB
reminiscing|little river band	POP,ROCK,COUNTRY,FOLK
remote control|reddings	RNB,ELECTRONIC
renee|lost boyz	POP,HIP_HOP,PUNK
renegades|x ambassadors	POP,ROCK
renegade|michael murphey	COUNTRY
renegade|styx	POP,ROCK
rent money|future	POP,HIP_HOP
repetition|information society	POP,ROCK,ELECTRONIC
replay|iyaz	POP,HIP_HOP
replay|zendaya	POP
requiem for the masses|association	POP,ROCK,FOLK
rescue me|fontella bass	POP,RNB
rescue me|madonna	POP
rescue me|melissa manchester	POP
reservations for two|dionne and kashif	POP,RNB,ELECTRONIC
respect the game|meek mill	POP,HIP_HOP
respect yourself|bruce willis	SOUNDTRACK
respect yourself|staple singers	RNB
respect|aretha franklin	RNB
respect|otis redding	RNB
respect|rationals	ROCK
rest in peace|extreme	ROCK,METAL
rest in pieces|saliva	ROCK,HIP_HOP,METAL
rest of mine|trace adkins	COUNTRY
restless heart|john waite	POP,ROCK
restless heart|peter cetera	POP
restless|starpoint	RNB,ELECTRONIC
return of the mack|mark morrison	RNB
return of the red baron|royal guardsmen	POP
return to innocence|enigma	ELECTRONIC
reunited|peaches and herb	RNB,ELECTRONIC
revenge|xxxtentacion	HIP_HOP,EMO
reverse cowgirl|t pain	POP,HIP_HOP,RNB
revolution kind|sonny	POP,ROCK,FOLK
revolution|beatles	ROCK
rewind|rascal flatts	COUNTRY
rgf island|fetty wap	POP,HIP_HOP
rhapsody in blue|deodato	RNB,JAZZ,LATIN
rhapsody in the rain|lou christie	POP,ROCK,FOLK
rhapsody in white|love unlimited orchestra	RNB,ELECTRONIC
rhinestone cowboy|glen campbell	POP,COUNTRY,FOLK
rhumba girl|nicolette larson	POP
rhyme tyme people|kool and the gang	RNB,ELECTRONIC
rhythm divine|enrique iglesias	POP,LATIN
rhythm is a dancer|snap	POP,ELECTRONIC
rhythm is gonna get you|gloria estefan and miami sound machine	POP
rhythm nation|janet jackson	POP,RNB
rhythm of love|dj company	ELECTRONIC
rhythm of love|scorpions	ROCK,METAL
rhythm of love|yes	ROCK,JAZZ
rhythm of my heart|rod stewart	POP,ROCK
rhythm of the night|corona	POP,ELECTRONIC
rhythm of the night|debarge	RNB,ELECTRONIC
rhythm|major lance	POP,RNB
ribbon in the sky|stevie wonder	RNB
rice is nice|lemon pipers	POP,ROCK,FOLK
rich and sad|post malone	POP,HIP_HOP
rich ex|future	POP,HIP_HOP
rich girl|daryl hall john oates	POP,ROCK,FOLK
rich|maren morris	COUNTRY
ricky|weird al yankovic	POP,ROCK
rico suave|gerardo	POP
riddler from batman forever|method man	HIP_HOP,PUNK
riddle|en vogue	POP,RNB
riddle|five for fighting	POP,ROCK
ride a white swan|tyrannosaurus rex	ROCK,RNB,ELECTRONIC,PUNK,FOLK
ride for you|danity kane	POP,RNB
ride like the wind|christopher cross	POP,ROCK,RNB,ELECTRONIC,FOLK
ride my see saw|moody blues	POP,ROCK,FOLK
ride the tiger|jefferson starship	POP,ROCK,COUNTRY,FOLK
ride the wild surf|jan and dean	POP,ROCK,RNB,FOLK
ride the wind|poison	ROCK,METAL
ride wit u|joe featuring g unit	POP,RNB,HIP_HOP,PUNK
ride with me|steppenwolf	POP,ROCK,RNB,FOLK
ride your pony|lee dorsey	ROCK,RNB
riders on the storm|doors	ROCK
ride|ace hood featuring trey songz	POP,HIP_HOP,RNB
ride|ciara featuring ludacris	POP,HIP_HOP,RNB
ride|martina mcbride	COUNTRY
ride|somo	POP,RNB
ride|twenty one pilots	ROCK,PUNK
riding with private malone|david ball	COUNTRY
right above it|lil wayne featuring drake	POP,HIP_HOP
right back where we started from|maxine nightingale	POP
right back where we started from|sinitta	POP
right before your eyes|america	POP,ROCK,COUNTRY,FOLK
right beside you|sophie b hawkins	POP
right by your side|eurythmics	POP,ROCK,ELECTRONIC
right down the line|gerry rafferty	POP,ROCK,COUNTRY,FOLK
right hand|drake	POP,HIP_HOP
right here departed|brandy	POP,HIP_HOP,RNB
right here right now|jesus jones	POP
right here waiting|richard marx	POP,ROCK
right here|staind	ROCK,HIP_HOP,METAL
right here|swv	POP,HIP_HOP,RNB
right kinda lover|patti labelle	RNB,ELECTRONIC
right next door because of me|robert cray band	RNB
right next to me|whistle	HIP_HOP,ELECTRONIC
right now and not later|shangri las	POP
right now na na na|akon	POP,HIP_HOP
right now|al b sure	POP,RNB
right now|van halen	ROCK,METAL
right on the money|alan jackson	COUNTRY
right on the tip of my tongue|brenda and the tabulations	RNB
right or wrong|ronnie dove	POP
right place wrong time|dr john	ROCK,RNB,FOLK
right round|flo rida	POP,HIP_HOP,ELECTRONIC
right stuff|vanessa williams	RNB
right thing to do|carly simon	POP,FOLK
right thing|simply red	POP,ROCK,RNB,ELECTRONIC
right thru me|nicki minaj	POP,HIP_HOP
right thurr|chingy	POP,HIP_HOP,RNB
right time of the night|jennifer warnes	POP,FOLK
right where i need to be|gary allan	COUNTRY
riki tiki tavi|donovan	POP,ROCK,PUNK,FOLK
ring dang doo|sam the sham and the pharaohs	POP,ROCK,PUNK,FOLK
ring my bell|anita ward	ELECTRONIC
ring the alarm|beyonce	POP,RNB
ring the living bell|melanie	POP,FOLK
ringer|eminem	HIP_HOP,RNB
ringo|lorne greene	COUNTRY
rings|lobo	POP,FOLK
rip off|laura lee	RNB
riptide|vance joy	POP,ROCK,FOLK
rise above this|seether	ROCK,HIP_HOP,METAL
rise to it|kiss	ROCK,METAL
rise|herb alpert	POP,JAZZ
rise|katy perry	POP
rising|bruce springsteen	POP,ROCK,FOLK
ritual|dan reed network	RNB
ritzy mambo|salsoul orchestra	RNB,ELECTRONIC
river bank|brad paisley	COUNTRY
river deep mountain high|ike and tina turner featuring tina	POP,RNB
river is wide|grass roots	POP,ROCK,RNB,COUNTRY,FOLK
river of dreams|billy joel	POP,ROCK,FOLK
river of love|george strait	COUNTRY
rivers of babylon|boney m	POP,ELECTRONIC
river|good charlotte featuring m shadows and synyster gates	POP,ROCK,PUNK,METAL
river|joe simon	RNB
river|sarah mclachlan	POP,ROCK,FOLK
road less traveled|lauren alaina	COUNTRY
road runner|gants	ROCK
roam|b 52s	POP,ROCK,ELECTRONIC,PUNK
roar|katy perry	POP
rock a lott|aretha franklin	RNB
rock and a hard place|rolling stones	ROCK,PUNK
rock and roll all nite live|kiss	ROCK,METAL
rock and roll all nite|kiss	ROCK,METAL
rock and roll dreams come through|meat loaf	POP,ROCK
rock and roll girls|john fogerty	POP,ROCK,RNB
rock and roll heaven|righteous brothers	POP,ROCK,RNB,FOLK
rock and roll hoochie koo|rick derringer	ROCK,RNB
rock and roll is dead|lenny kravitz	POP,ROCK
rock and roll love letter|bay city rollers	POP
rock and roll lullaby|b j thomas	POP,FOLK
rock and roll music|beach boys	POP,ROCK,FOLK,CLASSICAL
rock and roll never forgets|bob seger	POP,ROCK,FOLK
rock and roll runaway|ace	POP
rock around the clock|bill haley and his comets	POP,ROCK,RNB
rock creek park|blackbyrds	RNB,ELECTRONIC
rock island line|johnny cash	COUNTRY
rock lobster|b 52s	POP,ROCK,ELECTRONIC,PUNK
rock me baby|b b king	ROCK,RNB,POP
rock me baby|david cassidy	POP
rock me gently|andy kim	POP
rock me on the water|jackson browne	POP,ROCK,COUNTRY,FOLK
rock me on the water|linda ronstadt	POP,ROCK,COUNTRY,FOLK
rock me tonight|freddie jackson	RNB,ELECTRONIC
rock me tonite|billy squier	POP,ROCK,METAL
rock me|great white	ROCK,METAL
rock me|one direction	POP
rock me|steppenwolf	POP,ROCK,RNB,FOLK
rock my world little country girl|brooks and dunn	COUNTRY
rock n roll|avril lavigne	POP
rock of ages|def leppard	ROCK,METAL
rock of life|rick springfield	POP,ROCK,ELECTRONIC
rock on|david essex	POP,ROCK
rock show|blink 182	PUNK
rock steady|aretha franklin	RNB
rock steady|whispers	ROCK,RNB,ELECTRONIC
rock that body|black eyed peas	POP,HIP_HOP
rock the boat|aaliyah	POP,HIP_HOP,RNB
rock the boat|hues corporation	ELECTRONIC
rock the casbah|clash	ROCK,ELECTRONIC,PUNK
rock the night|europe	ROCK,METAL
rock this town|stray cats	ROCK
rock wit u awww baby|ashanti	POP,HIP_HOP,RNB
rock with you|michael jackson	POP
rock yo hips|crime mob featuring lil scrappy	POP,HIP_HOP
rock you baby|toby keith	COUNTRY
rock you like a hurricane|scorpions	ROCK,METAL
rock your baby|george mccrae	RNB,ELECTRONIC
rock your body|justin timberlake	POP
rockafeller skank|fatboy slim	ELECTRONIC
rockaway beach|ramones	ROCK,PUNK
rocket 2 u|jets	POP,RNB
rocket man|elton john	COUNTRY
rocket ride|kiss	ROCK,METAL
rocket|def leppard	ROCK,METAL
rockit|herbie hancock	RNB,JAZZ
rockstar 101|rihanna featuring slash	ROCK,POP,RNB
rockstar|nickelback	ROCK,METAL
rocky ii disco|maynard ferguson	JAZZ
rocky mountain high|john denver	POP,FOLK
rocky mountain music|eddie rabbitt	POP,COUNTRY
rocky mountain way|joe walsh	POP,ROCK,RNB,COUNTRY,FOLK
rock|plies	HIP_HOP
rodeo|juvenile	POP,HIP_HOP
roger that|young money	POP,HIP_HOP
roland the roadie and gertrude the groupie|dr hook and the medicine show	POP,ROCK,COUNTRY,FOLK
rolene|moon martin	ROCK
rolex|ayo and teo	HIP_HOP
roll me away|bob seger and the silver bullet band	POP,ROCK,FOLK
roll on down the highway|bachman turner overdrive	POP,ROCK,RNB,COUNTRY,FOLK
roll over beethoven|electric light orchestra	POP,ROCK,FOLK
roll to me|del amitri	POP,ROCK
roll up|wiz khalifa	POP,HIP_HOP
roll with it|easton corbin	COUNTRY
roll with it|steve winwood	POP,ROCK,ELECTRONIC,FOLK
roll with me|montgomery gentry	COUNTRY
roll with the changes|reo speedwagon	POP,ROCK,FOLK
roller coaster|justin bieber	POP
roller coaster|luke bryan	COUNTRY
rollercoaster|b witched	POP,ELECTRONIC
roller|april wine	POP,ROCK,COUNTRY
rolling down a mountainside|main ingredient	RNB,ELECTRONIC
rolling in the deep|adele	POP,RNB
roman in moscow|nicki minaj	POP,HIP_HOP
romantic|karyn white	RNB
rompe|daddy yankee	POP,HIP_HOP,LATIN
ronan|taylor swift	POP
roni|bobby brown	POP,HIP_HOP,RNB
room full of roses|mickey gilley	COUNTRY
rooms on fire|stevie nicks	POP,ROCK
roosevelt and ira lee night of the mossacin|tony joe white	POP,ROCK,RNB,COUNTRY,FOLK
roots|imagine dragons	ROCK
rooty toot toot|john mellencamp	POP,ROCK,FOLK
rope|foo fighters	ROCK,METAL
rosa parks|outkast	HIP_HOP
rosanna|toto	POP,ROCK
rose bouquet|phil vassar	COUNTRY
rose garden|lynn anderson	COUNTRY
rose of cimarron|poco	POP,ROCK,COUNTRY,FOLK
rosealia|better than ezra	POP,ROCK
roses|outkast	HIP_HOP
rose|bette midler	POP
rotation|herb alpert	POP,JAZZ
rough and ready|trace adkins	COUNTRY
rough boys|pete townshend	POP,ROCK,PUNK,FOLK
rough boy|zz top	ROCK,RNB,METAL
round and round|ratt	ROCK,METAL
round and round|selena gomez and the scene	POP
round and round|twinz	HIP_HOP,RNB
round every corner|petula clark	POP,ROCK,FOLK
round here buzz|eric church	COUNTRY
round here|florida georgia line	COUNTRY
roundabout|yes	ROCK,JAZZ
route 101|herb alpert	POP,JAZZ
route 66|manhattan transfer	POP,JAZZ
roxanne roxanne|utfo	HIP_HOP,ELECTRONIC
roxanne|police	POP,ROCK,ELECTRONIC
roxy roller|sweeney todd featuring bryan guy adams	ROCK
royals|lorde	POP
rub you the right way|johnny gill	RNB
rubber band man|t i	POP,HIP_HOP
rubber biscuit|blues brothers	RNB
rubber bullets|10cc	POP,ROCK,ELECTRONIC,FOLK
rubberband girl|kate bush	POP,ROCK,ELECTRONIC,FOLK,CLASSICAL
rubberband man|spinners	RNB,ELECTRONIC
rubbin off the paint|ybn nahmir	HIP_HOP
ruby tuesday|melanie	POP,FOLK
ruby tuesday|rolling stones	ROCK,PUNK
rude boy|rihanna	POP,RNB
rude|magic	POP
rudolph the red nosed reindeer|gene autry	POP,COUNTRY
ruffneck|mc lyte	POP,HIP_HOP,RNB,ELECTRONIC,PUNK
rules of love|orlons	POP,RNB
rumbleseat|john mellencamp	POP,ROCK,FOLK
rumors|syndicate of sound	ROCK
rumour has it|adele	POP,RNB
rumour has it|donna summer	POP,RNB,ELECTRONIC
rump shaker|wreckx n effect	HIP_HOP,RNB
run around|blues traveler	POP,ROCK,RNB
run away child running wild|temptations	SOUNDTRACK
run away|real mccoy	POP,ELECTRONIC
run baby run back into my arms|newbeats	RNB
run for home|lindisfarne	POP,ROCK,FOLK
run for the roses|dan fogelberg	POP,ROCK,COUNTRY,FOLK
run home girl|sad cafe	POP
run it|chris brown	POP,HIP_HOP,RNB
run like hell|pink floyd	ROCK
run me dry|bryson tiller	POP,HIP_HOP
run run look and see|brian hyland	POP,ROCK,RNB,FOLK
run run run|supremes	POP,RNB,ELECTRONIC,FOLK
run the world girls|beyonce	POP,RNB
run to me|bee gees	POP,ELECTRONIC
run to me|savoy brown	ROCK,RNB,COUNTRY,FOLK
run to paradise|choirboys	ROCK
run to you|bryan adams	POP,ROCK,FOLK
run to you|whitney houston	POP
run woman run|tammy wynette	COUNTRY
runaround sue|leif garrett	POP
runaway baby|bruno mars	POP
runaway love|linda clifford	ELECTRONIC
runaway love|ludacris featuring mary j blige	POP,HIP_HOP,RNB
runaway rita|leif garrett	POP
runaway train|soul asylum	POP,ROCK
runaways|killers	ROCK
runaway|bon jovi	ROCK,METAL
runaway|corrs	POP,ROCK
runaway|jefferson starship	POP,ROCK,COUNTRY,FOLK
runaway|nb ridaz featuring angelina	HIP_HOP
running away|hoobastank	POP,ROCK,HIP_HOP,PUNK,METAL
running back to you|vanessa williams	RNB
running back|eddie money	POP,ROCK,COUNTRY,FOLK
running bear|sonny james	POP,COUNTRY
running on empty|jackson browne	POP,ROCK,COUNTRY,FOLK
running with the night|lionel richie	POP,RNB,ELECTRONIC
running|no doubt	POP,ROCK
run|collective soul	POP,ROCK,METAL
run|george strait	COUNTRY
run|leona lewis	POP,RNB
rush hour|jane wiedlin	POP
rush rush|paula abdul	POP
rush|big audio	POP,ROCK,ELECTRONIC,PUNK
rush|luther vandross	RNB
russian roulette|rihanna	POP,RNB
russians|sting	POP,ROCK
s e x|lyfe jennings	POP,HIP_HOP,RNB
s o s|abba	POP
s o s|jonas brothers	POP
s y s l j f m the letter song|joe tex	RNB
sacrifice|elton john	POP,ROCK
sad but true|metallica	ROCK,METAL
sad eyes|robert john	POP
sad girl|intruders	RNB,ELECTRONIC
sad hearts|four tops	POP,RNB,ELECTRONIC,FOLK
sad sad girl|barbara mason	RNB
sad songs say so much|elton john	POP,ROCK
sad tomorrows|trini lopez	POP,ROCK
sadie|spinners	RNB,ELECTRONIC
sad|xxxtentacion	HIP_HOP,EMO
safe and sound|capital cities	POP,ROCK,ELECTRONIC
safe and sound|fontella bass	POP,RNB
safe in my garden|mamas and the papas	POP,ROCK,FOLK
safe sound|dj quik	POP,HIP_HOP,RNB,PUNK
safety dance|men without hats	POP,ROCK,ELECTRONIC
saginaw michigan|lefty frizzell	COUNTRY,FOLK
said i loved you but i lied|michael bolton	POP
sail around the world|david gates	POP
sail away|temptations	RNB
sail on sailor|beach boys	POP,ROCK,FOLK,CLASSICAL
sail on|commodores	POP,RNB,ELECTRONIC
sailing|christopher cross	POP,ROCK,RNB,ELECTRONIC,FOLK
sailing|rod stewart	POP,ROCK
sailor boy|chiffons	POP,ROCK,RNB,FOLK
sail|awolnation	POP,ROCK
saint of me|rolling stones	ROCK,PUNK
saint|huncho jack	POP,HIP_HOP
sally was a good old girl|trini lopez	POP,ROCK
salsoul hustle|salsoul orchestra	RNB,ELECTRONIC
salt shaker|ying yang twins featuring lil jon and the east side boyz	HIP_HOP,POP
sam you made the pants too long|barbra streisand	POP,ELECTRONIC,SOUNDTRACK
same damn time|future	POP,HIP_HOP
same love that made me laugh|bill withers	RNB
same old lang syne|dan fogelberg	POP,ROCK,COUNTRY,FOLK
same old love|selena gomez	POP
same ole love 365 days a year|anita baker	RNB,JAZZ
san bernadino|christie	POP
san franciscan nights|eric burdon and the animals	ROCK,FOLK
san francisco be sure to wear flowers in your hair|scott mckenzie	POP,FOLK
san francisco girls return of the native|fever tree	ROCK
san francisco is a lonely town|joe simon	RNB
sanctify yourself|simple minds	POP,ROCK,ELECTRONIC
sandcastles|beyonce	POP,RNB
sandstorm|darude	POP,ELECTRONIC
sandy|hollies	POP,ROCK,FOLK
sandy|ronny and the daytonas	POP,ROCK
sangria wine|pharrell williams x camila cabello	POP,HIP_HOP
sangria|blake shelton	COUNTRY
santa claus boogie|tractors	COUNTRY
santa tell me|ariana grande	POP
sara smile|daryl hall john oates	POP,ROCK,FOLK
sara|bill champlin	POP
sara|fleetwood mac	POP,ROCK
sara|starship	POP,ROCK,ELECTRONIC
satellite|hooters	POP,ROCK
satin pillows|bobby vinton	POP,ROCK,RNB
satin sheets|bellamy brothers	COUNTRY
satin sheets|jeanne pruett	COUNTRY
satin soul|love unlimited orchestra	RNB,ELECTRONIC
satisfaction guaranteed or take your love back|harold melvin and the blue notes	RNB,ELECTRONIC
satisfaction|eve	POP,HIP_HOP,RNB
satisfaction|smokey robinson and the miracles	POP,ROCK,RNB
satisfied man|molly hatchet	POP,ROCK,RNB,COUNTRY
satisfied|richard marx	POP,ROCK
saturday in the park|chicago	POP,ROCK,FOLK
saturday night at the movies|drifters	POP,ROCK,RNB,FOLK
saturday night special|lynyrd skynyrd	POP,ROCK,RNB,COUNTRY
saturday night sunday morning|thelma houston	RNB,ELECTRONIC
saturday night|bay city rollers	POP
saturday nite|earth wind and fire	RNB,ELECTRONIC
saturday oooh ooooh|ludacris featuring sleepy brown	POP,HIP_HOP,RNB
sauce it up|lil uzi vert	HIP_HOP
sausalito is the place to go|ohio express	POP,FOLK
save a horse ride a cowboy|big and rich	COUNTRY
save a prayer|duran duran	POP,ROCK,ELECTRONIC
save it for a rainy day|kenny chesney	COUNTRY
save it for a rainy day|stephen bishop	POP,COUNTRY,FOLK
save me san francisco|train	POP
save me|dave mason	POP,ROCK,RNB,COUNTRY,FOLK
save me|fleetwood mac	POP,ROCK
save me|lisa fischer	RNB
save me|shinedown	ROCK,HIP_HOP,METAL
save me|xxxtentacion	HIP_HOP,EMO
save room|john legend	POP,RNB
save the best for last|vanessa williams	RNB
save the country|5th dimension	POP,RNB,FOLK
save the last dance for me|dolly parton	COUNTRY
save the last dance for me|michael buble	POP
save the overtime for me|gladys knight and the pips	POP,RNB,ELECTRONIC
save tonight|eagle eye cherry	POP
save up all your tears|cher	POP,SOUNDTRACK
save your heart for me|gary lewis and the playboys	POP,ROCK,FOLK
save your kisses for me|brotherhood of man	POP
save your love|bad boys blue	POP,ELECTRONIC
save your love|great white	ROCK,METAL
save your sugar for me|tony joe white	POP,ROCK,RNB,COUNTRY,FOLK
saved by zero|fixx	POP,ROCK,ELECTRONIC
saving all my love for you|whitney houston	POP
saving grace|tom petty	POP,ROCK,FOLK
saw a new morning|bee gees	POP,ELECTRONIC
say amen saturday night|panic at the disco	ROCK,PUNK,EMO,CLASSICAL
say goodbye to hollywood|billy joel	POP,ROCK,FOLK
say goodbye to little jo|steve forbert	POP,ROCK,COUNTRY,FOLK
say goodbye|chris brown	POP,HIP_HOP,RNB
say i am what i am|tommy james and the shondells	POP,ROCK,FOLK
say i yi yi|ying yang twins	POP,HIP_HOP
say if you feel alright|crystal waters	ELECTRONIC
say it again|santana	ROCK,RNB
say it right|nelly furtado	POP,LATIN
say it|tory lanez	POP,HIP_HOP
say it|voices of theory	POP
say i|christina milian featuring young jeezy	HIP_HOP,POP,RNB
say maybe|neil diamond	POP,ROCK,FOLK
say ok|vanessa hudgens	POP,SOUNDTRACK
say something|a great big world and christina aguilera	POP,ROCK
say what|jesse winchester	ROCK,COUNTRY,FOLK
say yes|floetry	POP,HIP_HOP,RNB
say you do|dierks bentley	COUNTRY
say you love me|fleetwood mac	POP,ROCK
say you love me|impressions	POP,RNB
say you really want me|kim wilde	POP,ROCK,ELECTRONIC
say you say me|lionel richie	POP,RNB,ELECTRONIC
say you will|foreigner	POP,ROCK
say you|ronnie dove	POP
say|john mayer	POP,FOLK
scar tissue|red hot chili peppers	ROCK,RNB,METAL
scarborough fair canticle|simon and garfunkel	POP,ROCK,FOLK
scared to be lonely|martin garrix and dua lipa	POP,ELECTRONIC
scarlet fever|kenny rogers	POP,COUNTRY
scars to your beautiful|alessia cara	POP,RNB
scars|papa roach	ROCK,HIP_HOP,PUNK,METAL
scary kisses|voice of the beehive	POP
scary monsters and nice sprites|skrillex	ELECTRONIC
scatman ski ba bop ba dop bop|scatman john	POP,ELECTRONIC
scenario|a tribe called quest	HIP_HOP,PUNK
scent of attraction|patra duet with aaron hall	RNB
schism|tool	ROCK,METAL
school boy crush|awb	RNB,ELECTRONIC,JAZZ
scientific love|midnight star	RNB,ELECTRONIC
scott mescudi vs the world|kid cudi featuring cee lo	HIP_HOP
scratch|crusaders	RNB,JAZZ
scream and shout|will i am and britney spears	POP,HIP_HOP
screaming night hog|steppenwolf	POP,ROCK,RNB,FOLK
scream|usher	POP,HIP_HOP,RNB
se la|lionel richie	POP,RNB,ELECTRONIC
sea of love|del shannon	POP,ROCK,RNB,FOLK
seal our fate|gloria estefan	POP,LATIN
sealed with a kiss|bobby vinton	POP,ROCK,RNB
sealed with a kiss|gary lewis and the playboys	POP,ROCK,FOLK
search is over|survivor	POP,ROCK
searching for my love|bobby moore and the rhythm aces	RNB
seashores of old mexico|george strait	COUNTRY
season of the witch pt 1|vanilla fudge	ROCK,RNB
seasons change|expose	POP
seasons in the sun|terry jacks	POP
seasons of the heart|john denver	POP,FOLK
seasons|grace slick	ROCK
seattle|perry como	POP,JAZZ
second avenue|garfunkel	POP,FOLK
second chance|shinedown	ROCK,HIP_HOP,METAL
second hand rose|barbra streisand	POP,ELECTRONIC,SOUNDTRACK
second time around|shalamar	RNB,ELECTRONIC
secret agent man|ventures	ROCK
secret garden|bruce springsteen	POP,ROCK,FOLK
secret journey|police	POP,ROCK,ELECTRONIC
secret lovers|atlantic starr	RNB,ELECTRONIC
secret love|freddy fender	POP,COUNTRY
secret love|richard groove holmes	RNB,JAZZ
secret of life|faith hill	POP,COUNTRY
secret of my success|night ranger	POP,ROCK,METAL
secret rendezvous|karyn white	RNB
secret separation|fixx	POP,ROCK,ELECTRONIC
secretary|betty wright	RNB
secretly|lettermen	POP
secrets|onerepublic	POP,ROCK,HIP_HOP
secrets|weeknd	POP,HIP_HOP,RNB
secret|heart	POP,ROCK
secret|madonna	POP
secret|orchestral manoeuvres in the dark	POP,ROCK,ELECTRONIC
security|etta james	POP,RNB,JAZZ
security|otis redding	RNB
seduced|leon redbone	JAZZ,FOLK
see me feel me|who	POP,ROCK,PUNK,FOLK
see no more|joe jonas	POP
see ruby fall|johnny cash	COUNTRY
see saw|aretha franklin	RNB
see see rider|eric burdon and the animals	ROCK,FOLK
see the funny little clown|bobby goldsboro	POP,ROCK,COUNTRY,FOLK
see the lights|simple minds	POP,ROCK,ELECTRONIC
see you again|carrie underwood	POP,COUNTRY
see you at the go go|dobie gray	RNB
see you in my nightmares|kanye west featuring lil wayne	POP,HIP_HOP
see you in september|happenings	POP,ROCK
see you tonight|scotty mccreery	COUNTRY
see you when i git there|lou rawls	POP,RNB,ELECTRONIC,JAZZ
seeing is believing|mike the mechanics	POP,ROCK,ELECTRONIC
seeker|who	POP,ROCK,PUNK,FOLK
seems like i gotta do wrong|whispers	ROCK,RNB,ELECTRONIC
see|rascals	POP
self care|mac miller	HIP_HOP
self control|laura branigan	POP,ROCK,ELECTRONIC
self made|bryson tiller	POP,HIP_HOP
selfie|chainsmokers	POP,ELECTRONIC
selfish one|jackie ross	RNB
selfish|pnb rock	POP,HIP_HOP
selfish|slum village featuring kanye west and john legend	POP,RNB,HIP_HOP
selling the drama|live	POP,ROCK,METAL
semi charmed life|third eye blind	POP,ROCK,PUNK
send a little love my way|anne murray	POP,COUNTRY,FOLK
send her my love|journey	POP,ROCK
send in the clowns|judy collins	POP,FOLK
send me a lover|taylor dayne	POP,ELECTRONIC
send me an angel|real life	POP,ROCK,ELECTRONIC
send me an angel|scorpions	ROCK,METAL
send me on my way|rusted root	ROCK
send me the pillow you dream on|dean martin	POP,JAZZ
send my baby back|freddie hughes	RNB
send my love to your new lover|adele	POP,RNB
send one your love|stevie wonder	POP,RNB
send the pain below|chevelle	ROCK,HIP_HOP,METAL
sending my love|zhane	POP,RNB
senorita|justin timberlake	POP
sensitive kind|santana	ROCK,RNB
sensitivity|ralph tresvant	RNB
sensual seduction|snoop dogg	HIP_HOP,RNB
sentimental lady|bob welch	POP,ROCK,COUNTRY,FOLK
sentimental street|night ranger	POP,ROCK,METAL
sentimental|deborah cox	POP,RNB,ELECTRONIC
sentimental|kenny g	JAZZ
separate ways worlds apart|journey	POP,ROCK
separate ways|elvis presley	ROCK
separated|avant	POP,HIP_HOP,RNB
september|daughtry	POP,ROCK,METAL
september|earth wind and fire	RNB,ELECTRONIC
sequel|harry chapin	POP,FOLK
serpentine fire|earth wind and fire	RNB,ELECTRONIC
set fire to the rain|adele	POP,RNB
set it off|juvenile	POP,HIP_HOP
set me free|kinks	POP,ROCK,ELECTRONIC,PUNK,FOLK
set the fire to the third bar|snow patrol featuring martha wainwright	POP,ROCK,FOLK
set u free|planet soul	ELECTRONIC
set you free this time|byrds	POP,ROCK,RNB,COUNTRY,FOLK
set you free|3oh 3	POP,HIP_HOP,PUNK
setting sun|chemical brothers	ELECTRONIC
settle down|no doubt	POP,ROCK
settle for a slowdown|dierks bentley	COUNTRY
seven bridges road|eagles	COUNTRY
seven letters|ben e king	POP,ROCK,RNB
seven lonely nights|four tops	POP,RNB,ELECTRONIC,FOLK
seven nation army|white stripes	ROCK,RNB,PUNK
seven year ache|rosanne cash	POP,ROCK,COUNTRY,FOLK
seven years|impressions	POP,RNB
seventeen forever|metro station	POP,PUNK,EMO
seventeen|winger	ROCK,METAL
seventh son|johnny rivers	POP,ROCK,FOLK
sex and candy|marcy playground	POP,ROCK
sex as a weapon|pat benatar	POP,ROCK,ELECTRONIC
sex machine part i|james brown	RNB
sex on fire|kings of leon	ROCK
sex room|ludacris featuring trey songz	POP,HIP_HOP,RNB
sex therapy|robin thicke	POP,RNB
sex with me|rihanna	POP,RNB
sexual healing|marvin gaye	RNB
sexual li da di|amber	ELECTRONIC
sexy and i know it|lmfao	POP,HIP_HOP
sexy eyes|dr hook	POP,ROCK,COUNTRY,FOLK
sexy girl|glenn frey	POP,ROCK,FOLK
sexy ida part 1|ike and tina turner	POP,RNB
sexy love|ne yo	POP,HIP_HOP,RNB
sexy mama|moments	RNB,ELECTRONIC
sexy movimiento|wisin and yandel	HIP_HOP,LATIN
sexy sexy sexy|james brown	RNB
sexy|mfsb	RNB,ELECTRONIC
sha la la make me happy|al green	RNB
sha la la|manfred mann	POP,ROCK,RNB,FOLK
sha la la|shirelles	POP,ROCK,RNB
shackles praise you|mary mary	RNB
shades of cool|lana del rey	POP
shadow days|john mayer	POP,FOLK
shadow of the day|linkin park	ROCK,METAL
shadowplay|killers	ROCK
shadows in the moonlight|anne murray	POP,COUNTRY,FOLK
shadows of the night|pat benatar	POP,ROCK,ELECTRONIC
shadow|ashlee simpson	POP
shake a tail feather|james and bobby purify	RNB
shake and dance with me|confunkshun	RNB,ELECTRONIC
shake and fingerpop|jr walker and the all stars	POP,RNB
shake hands and come out crying|newbeats	RNB
shake it off|mariah carey	POP,RNB
shake it off|taylor swift	POP
shake it out|florence the machine	POP,CLASSICAL
shake it up tonight|cheryl lynn	RNB,ELECTRONIC
shake it up|bad company	POP,ROCK,RNB,FOLK
shake it up|cars	POP,ROCK,ELECTRONIC,FOLK
shake it well|dramatics	RNB,ELECTRONIC
shake it|ian matthews	POP
shake it|metro station	POP,PUNK,EMO
shake me down|cage the elephant	POP,ROCK,PUNK
shake off the demon|brewer and shipley	POP,COUNTRY,FOLK
shake rattle and roll|arthur conley	POP,RNB
shake shake shake shake your booty|kc and the sunshine band	POP,RNB,ELECTRONIC
shake that|eminem featuring nate dogg	HIP_HOP,RNB
shake up christmas|train	POP
shake ya ass|mystikal	HIP_HOP
shake your body down to the ground|jacksons	RNB,ELECTRONIC
shake your bon bon|ricky martin	POP,LATIN
shake your groove thing|peaches and herb	RNB,ELECTRONIC
shake your love|debbie gibson	POP
shake your rump to the funk|bar kays	POP,RNB,ELECTRONIC
shakedown cruise|jay ferguson	POP
shaker song|spyro gyra	RNB,JAZZ
shakey ground|phoebe snow	RNB,FOLK
shakey ground|temptations	RNB
shake|jesse mccartney	POP
shake|otis redding	RNB,FOLK
shake|sam cooke	POP,ROCK,RNB
shaky shaky|daddy yankee	POP,HIP_HOP,LATIN
shambala|three dog night	POP,ROCK,RNB,COUNTRY,FOLK
shame on me|chuck jackson	RNB
shame on the moon|bob seger and the silver bullet band	POP,ROCK,FOLK
shameless|weeknd	POP,HIP_HOP,RNB
shame|evelyn champagne king	RNB,ELECTRONIC
shame|motels	POP,ROCK,ELECTRONIC
shandi|kiss	ROCK,METAL
shanghai breezes|john denver	POP,FOLK
shangri la|lettermen	POP
shangri la|vic dana	POP
shape of my heart|backstreet boys	POP
shape of things to come|max frost and the troopers	ROCK
shape of you|ed sheeran	POP
shapes of things|yardbirds	ROCK,RNB,FOLK
share the land|guess who	POP,ROCK,RNB,COUNTRY,FOLK
share your love with me|aretha franklin	RNB
share your love with me|bobby bland	RNB
share your love with me|kenny rogers	POP,COUNTRY
sharing the night together|dr hook	POP,ROCK,COUNTRY,FOLK
sharing you|mitty collier	RNB
shark in the water|v v brown	POP,RNB
sharp dressed man|zz top	ROCK,RNB,METAL
shattered dreams|johnny hates jazz	POP,ROCK,ELECTRONIC
shattered glass|britney spears	POP
shattered glass|laura branigan	POP,ROCK,ELECTRONIC
shattered turn the car around|o a r	POP
shawty is a 10|dream	POP,HIP_HOP,RNB
she believes in me|kenny rogers	POP,COUNTRY
she blew a good thing|poets	ROCK,RNB
she blinded me with science|thomas dolby	POP,ROCK,ELECTRONIC,PUNK
she bop|cyndi lauper	POP,ROCK,ELECTRONIC
she came in through the bathroom window|joe cocker	POP,ROCK,RNB,FOLK
she did it|eric carmen	POP,ROCK,ELECTRONIC,FOLK
she drives me crazy|fine young cannibals	POP,ROCK,ELECTRONIC
she got it|2 pistols featuring t pain and tay dizm	HIP_HOP,POP,RNB
she got the best of me|luke combs	COUNTRY
she got the goldmine i got the shaft|jerry reed	COUNTRY
she hates me|puddle of mudd	POP,ROCK,HIP_HOP,PUNK,METAL
she is love|parachute	POP,ROCK,PUNK
she let herself go|george strait	COUNTRY
she lets her hair down early in the morning|gene pitney	POP,ROCK,FOLK
she looks so perfect|5 seconds of summer	POP
she loves me not|papa roach	ROCK,HIP_HOP,PUNK,METAL
she loves my car|ronnie milsap	COUNTRY
she never cried in front of me|toby keith	COUNTRY
she only smokes when she drinks|joe nichols	COUNTRY
she said yes|wilson pickett	POP,ROCK,RNB,ELECTRONIC,FOLK
she shot a hole in my soul|clifford curry	RNB
she talks to angels|black crowes	POP,ROCK,RNB
she thinks she needs me|andy griggs	COUNTRY
she twerkin|ca h out	HIP_HOP
she understands me|johnny tillotson	POP,ROCK,RNB
she wants to dance with me|rick astley	POP,ROCK,ELECTRONIC
she was hot|rolling stones	ROCK,PUNK
she was|mark chesnutt	COUNTRY
she will be loved|maroon 5	POP
she wolf|shakira	POP,LATIN
she works hard for the money|donna summer	POP,RNB,ELECTRONIC
sheena is a punk rocker|ramones	ROCK,PUNK
shelter me|cinderella	ROCK,METAL
shelter me|joe cocker	POP,ROCK,RNB,FOLK
shelter of your arms|sammy davis jr	POP,JAZZ
shelter|lone justice	ROCK,COUNTRY,PUNK
sherry|robert john	POP
she|tommy james and the shondells	POP,ROCK,FOLK
shilo|neil diamond	POP,ROCK,FOLK
shimmer|fuel	ROCK
shimmy shimmy|orlons	POP,RNB
shine a little love|electric light orchestra	POP,ROCK,FOLK
shine on|george duke	RNB,JAZZ
shine on|ryan cabrera	POP
shine|collective soul	POP,ROCK,METAL
shining star|earth wind and fire	RNB,ELECTRONIC
shining star|manhattans	RNB,ELECTRONIC
shiny happy people|r e m	POP,ROCK
ship to shore|chris de burgh	POP
ships in the night|mat kearney	POP,ROCK
ships|barry manilow	POP,RNB,ELECTRONIC
shock of the lightning|oasis	POP,ROCK
shock the monkey|peter gabriel	POP,ROCK
shock|motels	POP,ROCK,ELECTRONIC
shoe shoe shine|dynamic superiors	RNB
shoeshine boy|eddie kendricks	RNB,ELECTRONIC
shoo be doo be doo da day|stevie wonder	RNB
shook ones part ii|mobb deep	HIP_HOP,PUNK
shoop|salt n pepa	POP,HIP_HOP,ELECTRONIC
shoot for the moon|poco	POP,ROCK,COUNTRY,FOLK
shoot me with your love|tasha thomas	ELECTRONIC
shoot your shot|jr walker and the all stars	POP,RNB
shooting shark|blue oyster cult	POP,ROCK,RNB,METAL
shooting star|dollar	POP,ROCK,ELECTRONIC
shop around|captain and tennille	POP,ELECTRONIC,FOLK
short people|randy newman	FOLK,SOUNDTRACK
shortie like mine|bow wow featuring chris brown and johnta austin	POP,HIP_HOP,RNB
shorty wanna ride|young buck	HIP_HOP,PUNK
shot for me|drake	POP,HIP_HOP
shot in the dark|ozzy osbourne	ROCK,METAL
shot of poison|lita ford	ROCK,METAL
shotgun rider|tim mcgraw	COUNTRY
shotgun shuffle|sunshine band	POP,RNB,ELECTRONIC
shotgun|jr walker and the all stars	POP,RNB
shots|imagine dragons	ROCK
shots|lmfao featuring lil jon	POP,HIP_HOP
should i do it|pointer sisters	POP,RNB,ELECTRONIC
shoulda let you go|keyshia cole introducing amina	POP,HIP_HOP,RNB
shout it out loud|kiss	ROCK,METAL
shout out to my ex|little mix	POP
shout|tears for fears	POP,ROCK,ELECTRONIC
show and tell|al wilson	RNB
show biz kids|steely dan	POP,ROCK,RNB,FOLK
show business|lou rawls	POP,RNB,ELECTRONIC,JAZZ
show goes on|lupe fiasco	HIP_HOP
show me how to live|audioslave	ROCK,METAL
show me how|emotions	POP,RNB,ELECTRONIC
show me love|robin s	LATIN,ELECTRONIC
show me the meaning of being lonely|backstreet boys	POP
show me the money|petey pablo	POP,HIP_HOP
show me the way|peter frampton	POP,ROCK,RNB,COUNTRY,FOLK
show me the way|regina belle	RNB,ELECTRONIC
show me the way|styx	POP,ROCK
show me|howard hewett	RNB,ELECTRONIC
show me|joe tex	RNB
show me|pretenders	POP,ROCK,ELECTRONIC,FOLK
show must go on|three dog night	POP,ROCK,RNB,COUNTRY,FOLK
show stopper|danity kane	POP,RNB
show you the way to go|jacksons	RNB,ELECTRONIC
showdown|electric light orchestra	POP,ROCK,FOLK
shower me with your love|surface	POP,RNB
shower the people|james taylor	POP,ROCK,FOLK
shower|becky g	POP,HIP_HOP,LATIN
shut it down|pitbull featuring akon	POP,HIP_HOP,LATIN
shut up and dance|walk the moon	POP,ROCK
shut up and drive|rihanna	POP,RNB
shut up and kiss me|mary chapin carpenter	POP,COUNTRY,FOLK
shut up and let me go|ting tings	POP,ELECTRONIC,PUNK
shut up|simple plan	POP,ROCK,PUNK
sick boy|chainsmokers	POP,ELECTRONIC
sick of being lonely|field mob	POP,HIP_HOP
sick of myself|matthew sweet	POP,ROCK,COUNTRY
sicko mode|travis scott	POP,HIP_HOP
side by side|earth wind and fire	RNB,ELECTRONIC
sideshow|blue magic	RNB,ELECTRONIC
sideways|dierks bentley	COUNTRY
sign of fire|fixx	POP,ROCK,ELECTRONIC
sign of the gypsy queen|april wine	POP,ROCK,COUNTRY
sign of the times|harry styles	POP
signal fire|snow patrol	POP,ROCK
signs|drake	POP,HIP_HOP
signs|five man electrical band	ROCK
signs|snoop dogg featuring charlie wilson and justin timberlake	HIP_HOP,RNB,POP
signs|tesla	ROCK,METAL
sign|ace of base	POP,ELECTRONIC
silence is golden|tremeloes	POP,ROCK,FOLK
silent all these years|tori amos	POP,ROCK,FOLK
silent lucidity|queensryche	ROCK,METAL
silent prayer|shanice	RNB,POP
silhouette|kenny g	JAZZ
silly ho|tlc	POP,HIP_HOP,RNB
silly little girl|tams	RNB
silly love songs|wings	POP,ROCK,FOLK
silly milly|blue swede	POP
silly silly fool|dusty springfield	POP,ROCK,RNB,FOLK
silly|deniece williams	RNB,ELECTRONIC
silver bird|mark lindsay	POP
silver dreams|babys	POP,ROCK
silver lady|david soul	POP
silver lining|player	POP
silver moon|michael nesmith and the first national band	POP,COUNTRY
silver star|4 seasons	POP,ROCK,RNB,FOLK
silver threads and golden needles|jody miller	COUNTRY
silver threads and golden needles|linda ronstadt	POP,ROCK,COUNTRY,FOLK
silver thunderbird|marc cohn	POP,FOLK
similar features|melissa etheridge	POP,ROCK,FOLK
simon says|1910 fruitgum co	POP,ROCK,FOLK
simon says|pharoahe monch	HIP_HOP,PUNK
simpel gimpel|horst jankowski	POP
simple kind of life|no doubt	POP,ROCK
simple life|carolyn dawn johnson	COUNTRY
simple life|elton john	POP,ROCK
simple song of freedom|tim hardin	POP,COUNTRY,FOLK
simple|florida georgia line	COUNTRY
simple|johnny mathis	POP,JAZZ
simply irresistible|robert palmer	POP,ROCK,ELECTRONIC,FOLK
since i fell for you|charlie rich	ROCK,COUNTRY
since i fell for you|laura lee	RNB
since i found a new love|little johnny taylor	RNB
since i lost my baby|temptations	RNB
since i met you baby|freddy fender	POP,COUNTRY
since i met you baby|sonny james	POP,COUNTRY
since u been gone|kelly clarkson	POP
since you been gone|head east	POP,ROCK,COUNTRY
since you been gone|rainbow	ROCK,METAL
since you showed me how to be happy|jackie wilson	POP,ROCK,RNB
sincerely|4 seasons	POP,ROCK,RNB,FOLK
sincerely|paul anka	POP,ROCK
sing a simple song|sly and the family stone	POP,ROCK,RNB,ELECTRONIC,FOLK
sing a simple song|west street mob	HIP_HOP,ELECTRONIC
sing a song for freedom|frijid pink	ROCK,RNB
sing a song|earth wind and fire	RNB,ELECTRONIC
sing along with me|tommy roe	POP,ROCK,FOLK
sing for the day|styx	POP,ROCK
sing for the moment|eminem	HIP_HOP,RNB
sing high sing low|anne murray	POP,COUNTRY,FOLK
sing me away|night ranger	POP,ROCK,METAL
singing my song|tammy wynette	COUNTRY
single for the rest of my life|isyss	POP
single girl|sandy posey	POP,ROCK
single ladies put a ring on it|beyonce	POP,RNB
single white female|chely wright	COUNTRY
singles you up|jordan davis	COUNTRY
single|natasha bedingfield	POP
sing|carpenters	POP,FOLK
sing|ed sheeran	POP
sing|my chemical romance	PUNK,EMO
sinner man|sarah dash	ELECTRONIC
sinner man|trini lopez	POP,ROCK
sir duke|stevie wonder	RNB
sirens|pearl jam	ROCK
sister christian|night ranger	POP,ROCK,METAL
sister golden hair|america	POP,ROCK,COUNTRY,FOLK
sisters of the moon|fleetwood mac	POP,ROCK,ELECTRONIC,FOLK,CLASSICAL
sit down i think i love you|mojo men	ROCK
sit next to me|foster the people	POP,ROCK
sit still look pretty|daya	POP,ELECTRONIC
sit with the guru|strawberry alarm clock	POP,ROCK,FOLK
sit yourself down|stephen stills	POP,ROCK,RNB,COUNTRY,FOLK
sitting at the wheel|moody blues	POP,ROCK,FOLK
sitting home|total	POP,HIP_HOP,RNB
sitting in the park|billy stewart	RNB
sitting waiting wishing|jack johnson	POP
sitting|cat stevens	POP,ROCK,FOLK
situation|yaz	POP,ROCK,ELECTRONIC
six feet deep|geto boys	HIP_HOP,RNB,PUNK
six feet under|weeknd	POP,HIP_HOP,RNB
six man band|association	POP,ROCK,FOLK
six pack summer|phil vassar	COUNTRY
six white horses|tommy cash	COUNTRY
sixteen tons|tom jones	POP,ROCK
sixteen|thomas rhett	COUNTRY
size matters someday|joe nichols	COUNTRY
sk8er boi|avril lavigne	POP
skateaway|dire straits	POP,ROCK
skeletons|stevie wonder	RNB
skeletons|travis scott	POP,HIP_HOP
skepta interlude|drake	POP,HIP_HOP
skin deep|cher	POP,SOUNDTRACK
skin tight|ohio players	RNB,ELECTRONIC
skin trade|duran duran	POP,ROCK,ELECTRONIC
skinny legs and all|joe tex	RNB
skip a rope|henson cargill	COUNTRY
sky high|jigsaw	POP
skybird|neil diamond	POP,ROCK,FOLK
skybird|tony orlando and dawn	POP
skyscraper|demi lovato	POP
slaughter on tenth avenue|ventures	ROCK
slave to the rhythm|michael jackson	POP
sledgehammer|fifth harmony	POP
sledgehammer|peter gabriel	POP,ROCK
sleep on it|danity kane	POP,RNB
sleep without you|brett young	COUNTRY
sleeping bag|zz top	ROCK,RNB,METAL
sleeping in my car|roxette	POP
sleeping satellite|tasmin archer	POP
sleeping with a friend|neon trees	POP,ROCK,PUNK
sleeping with the lights on|curtis stigers	JAZZ
sleeping with you|firehouse	ROCK,METAL
sleepwalker|kinks	POP,ROCK,ELECTRONIC,PUNK,FOLK
sleepwalker|wallflowers	POP,ROCK
sleepwalk|larry carlton	RNB,JAZZ
sleigh ride|ronettes	POP,ROCK,RNB
slide|goo goo dolls	POP,ROCK
slide|slave	RNB,ELECTRONIC
slip away|clarence carter	RNB
slipped tripped and fell in love|clarence carter	RNB
slippery when wet|commodores	POP,RNB,ELECTRONIC
slipping away|dave edmunds	POP,ROCK,RNB
slither|velvet revolver	ROCK,METAL
sloop john b|beach boys	POP,ROCK,FOLK,CLASSICAL
slow and easy|zapp and roger	POP,HIP_HOP,RNB,ELECTRONIC
slow down|beatles	POP,ROCK,ELECTRONIC
slow down|bobby valentino	POP,HIP_HOP,RNB
slow down|selena gomez	POP
slow drag|intruders	RNB,ELECTRONIC
slow hands|niall horan	POP
slow hand|pointer sisters	POP,RNB,ELECTRONIC
slow jams|quincy jones feat babyface and tamia with portrai	POP,RNB,ELECTRONIC
slow jamz|twista featuring kanye west and jamie foxx	HIP_HOP,POP,RNB
slow me down|sara evans	COUNTRY
slow motion|color me badd	POP,RNB
slow motion|juvenile featuring soulja slim	HIP_HOP,POP
slow motion|trey songz	POP,HIP_HOP,RNB
slow ride|foghat	POP,ROCK,RNB,COUNTRY
slow|kylie minogue	POP,ELECTRONIC
smack my bitch up|prodigy	ELECTRONIC,PUNK
small paradise|john cougar	POP,ROCK,FOLK
small town boy|dustin lynch	COUNTRY
small town girl|john cafferty and the beaver brown band	ROCK
small town southern man|alan jackson	COUNTRY
small town usa|justin moore	COUNTRY
small town|john mellencamp	POP,ROCK,FOLK
smarty pants|first choice	RNB,ELECTRONIC
smells like nirvana|weird al yankovic	POP,ROCK
smells like teen spirit|nirvana	ROCK
smile back|mac miller	HIP_HOP
smile has left your eyes|asia	POP,ROCK
smile|avril lavigne	POP
smile|betty everett and jerry butler	POP,RNB,ELECTRONIC
smile|lily allen	POP
smile|lonestar	COUNTRY
smile|scarface featuring 2pac and johnny p	HIP_HOP,PUNK,RNB
smile|uncle kracker	POP,ROCK,COUNTRY
smile|vitamin c featuring lady saw	POP
smiling faces sometimes|undisputed truth	RNB,ELECTRONIC
smoke a little smoke|eric church	COUNTRY
smoke break|carrie underwood	POP,COUNTRY
smoke from a distant fire|sanford townsend band	POP
smoke on the water|deep purple	ROCK,RNB,METAL
smoke rings in the dark|gary allan	COUNTRY
smoke smoke smoke that cigarette|commander cody	COUNTRY
smoke|a thousand horses	COUNTRY
smoking gun|robert cray band	RNB
smoky mountain rain|ronnie milsap	COUNTRY
smooth criminal|alien ant farm	POP,ROCK,HIP_HOP,PUNK,METAL
smooth criminal|michael jackson	POP
smooth operator|sade	RNB
smooth up|bulletboys	ROCK,METAL
smooth|florida georgia line	COUNTRY
snake eyes|alan parsons project	POP,ROCK
snake|al wilson	RNB
snap backs and tattoos|driicky graham	HIP_HOP
snap shot|slave	RNB,ELECTRONIC
snap yo fingers|lil jon featuring e 40 and sean paul of the youngbloodz	POP,HIP_HOP
snap your fingers|barbara lewis	POP,RNB
snapback|old dominion	COUNTRY
snapshot|rupaul	POP,ELECTRONIC
snatching it back|clarence carter	RNB
sneaky snake|tom t hall	COUNTRY,FOLK
snoopy for president|royal guardsmen	POP
snoopy vs the red baron|royal guardsmen	POP
snow flake|jim reeves	POP,ROCK,COUNTRY
snow hey oh|red hot chili peppers	ROCK,RNB,METAL
snowbird|anne murray	POP,COUNTRY,FOLK
so alive|love and rockets	POP,ROCK,ELECTRONIC,PUNK
so alone|men at large	RNB
so anxious|ginuwine	POP,HIP_HOP,RNB
so close|daryl hall john oates	POP,ROCK,FOLK
so close|diana ross	POP,RNB,ELECTRONIC
so close|dina carroll	ELECTRONIC
so cold|breaking benjamin	ROCK,HIP_HOP,PUNK,METAL
so emotional|whitney houston	POP
so excited|b b king	ROCK,RNB
so far away|dire straits	POP,ROCK
so far away|staind	ROCK,HIP_HOP,METAL
so fine|sean paul	POP,ELECTRONIC
so fly|nb ridaz featuring gemini	HIP_HOP
so fresh so clean|outkast	HIP_HOP
so gone|monica	POP,HIP_HOP,RNB
so good so right|brenda russell	JAZZ
so good together|andy kim	POP
so good|b o b	POP,HIP_HOP
so good|davina	ELECTRONIC
so hard|pet shop boys	POP,ROCK,ELECTRONIC
so help me girl|gary barlow	POP
so help me girl|joe diffie	COUNTRY
so high rock me baby and roll me away|dave mason	POP,ROCK,RNB,COUNTRY,FOLK
so i can love you|emotions	POP,RNB,ELECTRONIC
so in love|curtis mayfield	RNB,ELECTRONIC
so in love|orchestral manoeuvres in the dark	POP,ROCK,ELECTRONIC
so in to you|atlanta rhythm section	POP,ROCK,RNB,COUNTRY,FOLK
so into you|tamia	POP,RNB
so long babe|nancy sinatra	POP,FOLK
so long dearie|louis armstrong	POP,JAZZ
so long dixie|blood sweat and tears	POP,ROCK,RNB,COUNTRY,FOLK
so long|firefall	POP,ROCK,COUNTRY,FOLK
so many tears|2pac	HIP_HOP,RNB
so much in love|all 4 one	POP,RNB
so much in love|timothy b schmit	POP
so much love|ben e king	POP,ROCK,RNB
so much love|faith hope and charity	ELECTRONIC
so much more|fat joe	POP,HIP_HOP,PUNK
so sad the song|gladys knight and the pips	RNB
so seductive|tony yayo featuring 50 cent	HIP_HOP
so sick|ne yo	POP,HIP_HOP,RNB
so small|carrie underwood	POP,COUNTRY
so the story goes|living in a box	POP,ROCK,ELECTRONIC
so very hard to go|tower of power	RNB,JAZZ
so what the fuss|stevie wonder	RNB
so what|field mob featuring ciara	POP,HIP_HOP,RNB
so what|p nk	POP
so wrong|patrick simmons	POP
so yesterday|hilary duff	POP
so you win again|hot chocolate	POP,RNB,ELECTRONIC
soak up the sun|sheryl crow	POP,ROCK,FOLK
sobeautiful|musiq soulchild	POP,HIP_HOP,RNB
sober|demi lovato	POP
sober|p nk	POP
soft and wet|prince	RNB
softly as i leave you|frank sinatra	POP
sold me down the river|alarm	POP,ROCK,ELECTRONIC
soldier of love|sade	RNB
sole sole sole|siw malmkvist umberto marcato	POP
solid|ashford and simpson	RNB,ELECTRONIC
solitaire|carpenters	POP,FOLK
solitaire|clay aiken	POP
solitaire|laura branigan	POP,ROCK,ELECTRONIC
solitary man|neil diamond	POP,ROCK,FOLK
solitude standing|suzanne vega	POP,ROCK,FOLK
solitude|edwin mccain	POP
solo|frank ocean	POP,HIP_HOP,RNB
solo|iyaz	POP,HIP_HOP
solsbury hill|peter gabriel	POP,ROCK
some beach|blake shelton	COUNTRY
some changes are for good|dionne warwick	POP,RNB,ELECTRONIC
some days are diamonds some days are stone|john denver	POP,FOLK
some days you gotta dance|dixie chicks	COUNTRY
some enchanted evening|jay and the americans	POP,ROCK,RNB,FOLK
some guys have all the luck|persuaders	RNB
some guys have all the luck|rod stewart	POP,ROCK
some kind of friend|barry manilow	POP,RNB,ELECTRONIC
some kind of lover|jody watley	POP,RNB,ELECTRONIC
some kind of wonderful|grand funk	POP,ROCK,RNB,FOLK
some kind of wonderful|soul brothers six	RNB
some like it hot|power station	POP,ROCK,ELECTRONIC
some nights|fun	POP,ROCK,HIP_HOP,CLASSICAL
some people change|montgomery gentry	COUNTRY
some people|belouis some	POP,ROCK,ELECTRONIC
some people|paul young	POP,ROCK,ELECTRONIC
some things are better left unsaid|daryl hall john oates	POP,ROCK,FOLK
some things never change|tim mcgraw	COUNTRY
some things you never get used to|diana ross and the supremes	POP,RNB
some velvet morning|nancy sinatra and lee hazlewood	POP,FOLK,ROCK,COUNTRY,CLASSICAL
somebody cares|tommy james and the shondells	POP,ROCK,FOLK
somebody else will|justin moore	COUNTRY
somebody help me|spencer davis group	POP,ROCK,RNB,PUNK,FOLK
somebody like me|eddy arnold	COUNTRY
somebody like you|keith urban	COUNTRY
somebody like you|robbie nevil	POP
somebody love me|michael w smith	ROCK
somebody loves you|delfonics	RNB,ELECTRONIC
somebody loves you|whispers	ROCK,RNB,ELECTRONIC
somebody new|chuck jackson	RNB
somebody save me|cinderella	ROCK,METAL
somebody somewhere needs you|darrell banks	RNB
somebody somewhere|platinum blonde	ROCK
somebody special|rod stewart	POP,ROCK
somebody stole my dog|rufus thomas	RNB
somebody to love|george michael and queen	ROCK,POP,ELECTRONIC
somebody to love|jefferson airplane	ROCK,RNB,FOLK
somebody to love|justin bieber featuring usher	POP
somebody told me|killers	ROCK
somebody|bridgit mendler	POP
somebody|bryan adams	POP,ROCK,FOLK
somebody|reba mcentire	COUNTRY
someday man|monkees	POP,ROCK,FOLK
someday never comes|creedence clearwater revival	ROCK
someday someway|marshall crenshaw	POP,ROCK,COUNTRY,FOLK
someday someway|robert gordon	ROCK
someday soon|judy collins	POP,FOLK
someday|glass tiger	POP,ROCK
someday|mariah carey	POP,RNB
someday|nickelback	ROCK,METAL
someday|rob thomas	POP,ROCK
someday|sugar ray	POP,ROCK,PUNK,METAL
someone belonging to someone|bee gees	POP,ELECTRONIC
someone could lose a heart tonight|eddie rabbitt	POP,COUNTRY
someone else calling you baby|luke bryan	COUNTRY
someone else|miley cyrus	POP
someone is watching|solomon burke	RNB,JAZZ
someone like you|adele	POP,RNB
someone like you|daryl hall	POP
someone like you|michael stanley band	POP,ROCK
someone saved my life tonight|elton john	POP,ROCK
someone someone|brian poole and the tremeloes	ROCK
someone that i used to love|natalie cole	POP,RNB,ELECTRONIC,JAZZ
someone to call my lover|janet	POP,RNB
someone to hold|trey lorenz	RNB
someone to lay down beside me|linda ronstadt	POP,ROCK,COUNTRY,FOLK
someone to love you|ruff endz	RNB
someone you used to know|collin raye	COUNTRY
someone|el debarge	RNB
someone|rembrandts	POP
somethin tells me|bryson tiller	POP,HIP_HOP
something about the sunshine|christopher wilde and anna margaret	POP
something about you|four tops	POP,RNB,ELECTRONIC,FOLK
something about you|level 42	POP,ROCK,RNB,ELECTRONIC
something big|shawn mendes	POP
something good is going to happen to you|carla thomas	RNB
something good|utah saints	ELECTRONIC,PUNK
something got me started|simply red	POP,ROCK,RNB,ELECTRONIC
something happened on the way to heaven|deborah cox	POP,RNB,ELECTRONIC
something he can feel|aretha franklin	RNB
something in my house|dead or alive	POP,ROCK,ELECTRONIC
something in the air|thunderclap newman	POP
something in the water|carrie underwood	POP,COUNTRY
something in the way you move|ellie goulding	POP,ELECTRONIC
something in your eyes|bell biv devoe	POP,HIP_HOP,RNB
something in your mouth|nickelback	ROCK,METAL
something just like this|chainsmokers and coldplay	POP,ELECTRONIC,ROCK
something like that|tim mcgraw	COUNTRY
something more|sugarland	POP,COUNTRY
something real inside me inside you|mr mister	POP,ROCK,ELECTRONIC
something so strong|crowded house	POP,ROCK,ELECTRONIC
something that we do|clint black	COUNTRY
something to be proud of|montgomery gentry	COUNTRY
something to do with my hands|thomas rhett	COUNTRY
something to talk about|bonnie raitt	POP,ROCK,RNB,FOLK
something you got|chuck jackson and maxine brown	RNB,POP
something you got|ramsey lewis trio	RNB
something|lasgo	POP,ELECTRONIC
something|shirley bassey	POP,JAZZ
sometimes a fantasy|billy joel	POP,ROCK,FOLK
sometimes always|jesus and mary chain	POP,ROCK,ELECTRONIC,PUNK
sometimes i wish i were a boy|lesley gore	POP,ROCK,RNB,FOLK
sometimes i wonder|major lance	POP,RNB
sometimes she cries|warrant	ROCK,METAL
sometimes when we touch|dan hill	POP
sometimes|brand new heavies	JAZZ
sometimes|britney spears	POP
somewhere between love and tomorrow|roy clark	COUNTRY
somewhere down the road|barry manilow	POP,RNB,ELECTRONIC
somewhere else|toby keith	COUNTRY
somewhere i belong|linkin park	ROCK,METAL
somewhere in america|survivor	POP,ROCK
somewhere in my car|keith urban	COUNTRY
somewhere in the night|barry manilow	POP,RNB,ELECTRONIC
somewhere in the night|helen reddy	POP,FOLK
somewhere in your heart|frank sinatra	POP
somewhere on a beach|dierks bentley	COUNTRY
somewhere only we know|keane	POP,ROCK
somewhere out there|our lady peace	POP,ROCK,METAL
somewhere with you|kenny chesney	COUNTRY
somewhere|barbra streisand	POP,ELECTRONIC,SOUNDTRACK
somewhere|len barry	RNB
somewhere|p j proby	POP,ROCK
somewhere|tymes	POP,RNB
son of a preacher man|dusty springfield	POP,ROCK,RNB,FOLK
son of my father|chicory	POP,ROCK
son of my father|giorgio	ELECTRONIC
son of rebel rouser|duane eddy	POP,ROCK,RNB
son of sagittarius|eddie kendricks	RNB,ELECTRONIC
son of shaft|bar kays	POP,RNB,ELECTRONIC
song about a girl|eric paslay	COUNTRY
song for another time|old dominion	COUNTRY
song for the lonely|cher	POP,SOUNDTRACK
song on the radio|al stewart	POP,ROCK,FOLK
song remembers when|trisha yearwood	COUNTRY
song seller|raiders	POP,ROCK,PUNK,FOLK,ELECTRONIC
song sung blue|neil diamond	POP,ROCK,FOLK
songbird|barbra streisand	POP,ELECTRONIC,SOUNDTRACK
songbird|kenny g	JAZZ
songs about me|trace adkins	COUNTRY
songs about rain|gary allan	COUNTRY
soon as i get home|faith evans	POP,HIP_HOP,RNB
sooner or later|breaking benjamin	ROCK,HIP_HOP,PUNK,METAL
sooner or later|grass roots	POP,ROCK,RNB,COUNTRY,FOLK
sooner or later|michelle branch	POP
soothe me|sam and dave	POP,RNB
sophisticated cissy|meters	RNB
sorry 2004|ruben studdard	RNB
sorry blame it on me|akon	POP,HIP_HOP
sorry for party rocking|lmfao	POP,HIP_HOP
sorry not sorry|bryson tiller	POP,HIP_HOP
sorry not sorry|demi lovato	POP
sorry seems to be the hardest word|elton john	POP,ROCK
sorry suzanne|hollies	POP,ROCK,FOLK
sorry|beyonce	POP,RNB
sorry|buckcherry	ROCK,METAL
sorry|justin bieber	POP
sorry|madonna	POP
sos|rihanna	POP,RNB
soul dance number three|wilson pickett	POP,ROCK,RNB,ELECTRONIC,FOLK
soul deep|box tops	POP,ROCK,FOLK
soul experience|iron butterfly	ROCK,RNB,FOLK
soul finger|bar kays	POP,RNB,ELECTRONIC
soul food|goodie mob	HIP_HOP,PUNK
soul inspiration|anita baker	RNB,JAZZ
soul makossa|manu dibango	POP
soul man|ramsey lewis	RNB,JAZZ
soul man|sam and dave	POP,RNB
soul meets body|death cab for cutie	POP,ROCK,FOLK
soul provider|michael bolton	POP
soul serenade|king curtis	RNB,JAZZ
soul serenade|willie mitchell	RNB
soul shake|delaney and bonnie and friends	ROCK,RNB,COUNTRY
soul sista|bilal	RNB
soul sister brown sugar|sam and dave	POP,RNB
soul survivor|young jeezy featuring akon	POP,HIP_HOP
soul time|shirley ellis	RNB
soul train|classics iv	POP,ROCK,FOLK
soulful strut|young holt unlimited	RNB
souljas|master p	HIP_HOP
soulmate|natasha bedingfield	POP
souls|rick springfield	POP,ROCK,ELECTRONIC
soulville|aretha franklin	RNB
sound and vision|david bowie	ROCK,ELECTRONIC,PUNK
sound asleep|turtles	POP,ROCK,FOLK
sound of da police|krs one	HIP_HOP,PUNK
sound of goodbye|crystal gayle	POP,COUNTRY
sound of love|five americans	POP,ROCK
sound of madness|shinedown	ROCK,HIP_HOP,METAL
sound of my tears|deborah cox	POP,RNB,ELECTRONIC
sound of silence|disturbed	ROCK,METAL
sound of your voice|38 special	POP,ROCK,COUNTRY,FOLK
soup for one|chic	RNB,ELECTRONIC
sour girl|stone temple pilots	POP,ROCK,METAL
sour suite|guess who	POP,ROCK,RNB,COUNTRY,FOLK
southbound train|graham nash and david crosby	POP,ROCK,COUNTRY,FOLK
southern comfort zone|brad paisley	COUNTRY
southern cross|crosby stills and nash	POP,ROCK,RNB,COUNTRY,FOLK
southern girl|tim mcgraw	COUNTRY
southern hospitality|ludacris	POP,HIP_HOP
southern nights|glen campbell	POP,COUNTRY,FOLK
southern voice|tim mcgraw	COUNTRY
southernplayalisticadillacmuzik|outkast	HIP_HOP
southside|lil baby	HIP_HOP
southside|lloyd featuring ashanti	POP,HIP_HOP,RNB
souvenirs|voyage	ELECTRONIC
sowing the seeds of love|tears for fears	POP,ROCK,ELECTRONIC
space age love song|a flock of seagulls	POP,ROCK,ELECTRONIC
space age whiz kids|joe walsh	POP,ROCK,RNB,COUNTRY,FOLK
space between|dave matthews band	POP,ROCK
space oddity|david bowie	ROCK,ELECTRONIC,PUNK
space race|billy preston	RNB
spaceman|killers	ROCK
spaceman|nilsson	POP,ROCK,FOLK
spaceship superstar|prism	ROCK
spanish eddie|laura branigan	POP,ROCK,ELECTRONIC
spanish eyes|al martino	POP
spanish flea|herb alpert and the tijuana brass	POP
spanish guitar|toni braxton	POP,RNB
spanish harlem|aretha franklin	RNB
spanish harlem|king curtis	RNB,JAZZ
spanish nights and you|connie francis	POP,ROCK,RNB
sparkle and shine|clique	ROCK
sparks fly|taylor swift	POP
sparks|hilary duff	POP
spark|tori amos	POP,ROCK,FOLK
speak her name|walter jackson	RNB
speak now|taylor swift	POP
speak softly love|al martino	POP
speak to the sky|rick springfield	POP,ROCK,ELECTRONIC
speak|godsmack	ROCK,HIP_HOP,METAL
special lady|ray goodman and brown	RNB
special occasion|smokey robinson and the miracles	POP,ROCK,RNB
special way|kool and the gang	RNB,ELECTRONIC
special|garbage	POP,ROCK,ELECTRONIC
speechless|dan shay	COUNTRY
speechless|lady gaga	POP
speed of sound|coldplay	POP,ROCK
speed|montgomery gentry	COUNTRY
spend my life with you|eric benet featuring tamia	RNB,POP
spend my life|slaughter	ROCK,METAL
spend the night in love|4 seasons	POP,ROCK,RNB,FOLK
spending my time|roxette	POP
spice up your life|spice girls	POP
spiders and snakes|jim stafford	POP
spill the wine|eric burdon and war	ROCK,RNB
spill the wine|isley brothers	RNB,ELECTRONIC
spin spin sugar|sneaker pimps	ELECTRONIC
spinning around i must be falling in love|main ingredient	RNB,ELECTRONIC
spinning wheel|blood sweat and tears	POP,ROCK,RNB,COUNTRY,FOLK
spinout|elvis presley with the jordanaires	ROCK
spin|lifehouse	POP,ROCK,METAL
spirit in the sky|norman greenbaum	ROCK,FOLK
spirit of radio|rush	ROCK,METAL
spirits in the material world|police	POP,ROCK,ELECTRONIC
splash waterfalls|ludacris	POP,HIP_HOP
spooky|atlanta rhythm section	POP,ROCK,RNB,COUNTRY,FOLK
spooky|classics iv	POP,ROCK,FOLK
spotlight|jennifer hudson	POP,RNB
springsteen|eric church	COUNTRY
square biz|teena marie	RNB,ELECTRONIC
squeeze box|who	POP,ROCK,PUNK,FOLK
squeeze her tease her but love her|jackie wilson	POP,ROCK,RNB
st charles|jefferson starship	POP,ROCK,COUNTRY,FOLK
st louis|easybeats	POP,ROCK,PUNK,FOLK
stages|zz top	ROCK,RNB,METAL
stagger lee|tommy roe	POP,ROCK,FOLK
stand back|fabulous thunderbirds	ROCK,RNB,COUNTRY
stand back|stevie nicks	POP,ROCK
stand beside me|jo dee messina	COUNTRY
stand by me|ben e king	POP,ROCK,RNB
stand by me|david and jimmy ruffin	POP,RNB,ELECTRONIC
stand by me|earl grant	POP
stand by me|mickey gilley	COUNTRY
stand by me|spyder turner	RNB
stand by my woman|lenny kravitz	POP,ROCK
stand by your man|candi staton	RNB,ELECTRONIC
stand by your man|tammy wynette	COUNTRY
stand by you|rachel platten	POP
stand by|roman holliday	ROCK
stand or fall|fixx	POP,ROCK,ELECTRONIC
stand tall|burton cummings	ROCK,FOLK
stand up kick love into motion|def leppard	ROCK,METAL
stand up|david lee roth	ROCK,METAL
stand up|ludacris featuring shawnna	POP,HIP_HOP
stand up|underworld	ELECTRONIC
standing at the end of the line|lobo	POP,FOLK
standing in for jody|johnnie taylor the soul philosopher	RNB
standing in the shadows of love|four tops	POP,RNB,ELECTRONIC,FOLK
standing still|jewel	POP,ROCK,PUNK,FOLK
stand|poison	ROCK,METAL
stand|r e m	POP,ROCK
stand|rascal flatts	COUNTRY
stand|sly and the family stone	POP,ROCK,RNB,ELECTRONIC,FOLK
stanky legg|gs boyz	HIP_HOP
stan|eminem featuring dido	POP,HIP_HOP,RNB
star baby|guess who	POP,ROCK,RNB,COUNTRY,FOLK
star love|cheryl lynn	RNB,ELECTRONIC
star of the show|thomas rhett	COUNTRY
star on a tv show|stylistics	POP,RNB,ELECTRONIC
stargazing|travis scott	POP,HIP_HOP
staring at the sky|xxxtentacion	HIP_HOP,EMO
staring at the sun|u2	ROCK
starry eyes|records	POP,ROCK
stars are blind|paris hilton	POP
starships|nicki minaj	POP,HIP_HOP
starstruck|christopher wilde	POP
stars|grace potter and the nocturnals	POP,RNB
stars|simply red	POP,ROCK,RNB,ELECTRONIC
stars|switchfoot	POP,ROCK
start the car|jude cole	POP
start the commotion|wiseguys	HIP_HOP,ELECTRONIC
started from the bottom|drake	POP,HIP_HOP
starting all over again|mel and tim	RNB
starting over again|dolly parton	COUNTRY
star|earth wind and fire	RNB,ELECTRONIC
star|stealers wheel	POP,ROCK,FOLK
state of grace|taylor swift	POP
state of independence|donna summer	POP,RNB,ELECTRONIC
state of shock|jacksons	RNB,ELECTRONIC
state of the heart|rick springfield	POP,ROCK,ELECTRONIC
stay a little longer|brothers osborne	ROCK,COUNTRY
stay and love me all summer|brian hyland	POP,ROCK,RNB,FOLK
stay awake|ronnie laws	RNB,JAZZ
stay away from me|sylvers	RNB,ELECTRONIC
stay away from my baby|ted taylor	RNB
stay awhile|bells	ROCK
stay awhile|dusty springfield	POP,ROCK,RNB,FOLK
stay faraway so close|u2	ROCK
stay gone|jimmy wayne	COUNTRY
stay in my corner|dells	RNB,ELECTRONIC
stay or let it go|brian mcknight	POP,RNB
stay real|erick sermon	HIP_HOP,PUNK
stay stay stay|taylor swift	POP
stay the night|chicago	POP,ROCK,FOLK
stay the night|james blunt	POP
stay together young lovers|brenda and the tabulations	RNB
stay with me tonight|jeffrey osborne	RNB,ELECTRONIC
stay with me|faces	POP,ROCK,RNB,COUNTRY,PUNK,FOLK
stay with me|frank sinatra	POP
stay with me|sam smith	POP
stay with you|goo goo dolls	POP,ROCK
staying together|debbie gibson	POP
staying with it|firefall	POP,ROCK,COUNTRY,FOLK
stays in mexico|toby keith	COUNTRY
stay|4 seasons	POP,ROCK,RNB,FOLK
stay|eternal	POP,ELECTRONIC
stay|florida georgia line	COUNTRY
stay|jodeci	POP,HIP_HOP,RNB
stay|miley cyrus	POP
stay|post malone	POP,HIP_HOP
stay|rufus chaka khan	POP,RNB,ELECTRONIC
stay|sugarland	POP,COUNTRY
steady as she goes|raconteurs	ROCK,RNB
steal away|jimmy hughes	RNB
steal away|johnnie taylor	RNB
steal away|robbie dupree	POP
steal my girl|one direction	POP
steal my sunshine|len	POP
stealing cinderella|chuck wicks	COUNTRY
steamy windows|tina turner	POP,ELECTRONIC
steam|peter gabriel	POP,ROCK
steam|ty herndon	COUNTRY
steelo|702	POP,HIP_HOP,RNB
step by step|eddie rabbitt	POP,COUNTRY
step by step|joe simon	RNB
step by step|new kids on the block	POP
step on|happy mondays	POP,ROCK,ELECTRONIC
step out|mamas and the papas	POP,ROCK,FOLK
stepping stone|eminem	HIP_HOP,RNB
stereotomy|alan parsons project	POP,ROCK
steve mcqueen|sheryl crow	POP,ROCK,FOLK
stewball|peter paul and mary	POP,FOLK
stick around|julian lennon	POP
stick talk|future	POP,HIP_HOP
stick up|honey cone	RNB
stickwitu|pussycat dolls	POP,HIP_HOP,RNB
still a g thang|snoop dogg	HIP_HOP,RNB
still a thrill|jody watley	POP,RNB,ELECTRONIC
still crazy after all these years|paul simon	POP,ROCK,FOLK
still d r e|dr dre featuring snoop dogg	HIP_HOP,RNB
still fly|big tymers	HIP_HOP
still frame|trapt	ROCK,HIP_HOP,METAL
still got the blues|gary moore	ROCK,RNB
still here|drake	POP,HIP_HOP
still in love|teena marie featuring baby	RNB,ELECTRONIC
still in my heart|tracie spencer	RNB
still in saigon|charlie daniels band	ROCK,COUNTRY
still into you|paramore	POP,PUNK,EMO
still loving you|scorpions	ROCK,METAL
still of the night|whitesnake	ROCK,RNB,METAL
still on your side|bbmak	POP
still right here in my heart|pure prairie league	POP,ROCK,COUNTRY,FOLK
still taking chances|michael murphey	COUNTRY
still the one|orleans	POP,ROCK,COUNTRY,FOLK
still the same|bob seger and the silver bullet band	POP,ROCK,FOLK
still they ride|journey	POP,ROCK
still water love|four tops	POP,RNB,ELECTRONIC,FOLK
still waters run deep|bee gees	POP,ELECTRONIC
still|commodores	POP,RNB,ELECTRONIC
still|sunrays	POP
still|tim mcgraw	COUNTRY
stimulation|wa wa nee	ROCK
stingy|ginuwine	POP,HIP_HOP,RNB
stir fry|migos	POP,HIP_HOP
stir it up and serve it|tommy roe	POP,ROCK,FOLK
stir it up|johnny nash	POP
stitches|shawn mendes	POP
stockholm syndrome|one direction	POP
stolen dance|milky chance	POP
stolen|dashboard confessional	POP,ROCK,PUNK,EMO
stole|kelly rowland	POP,HIP_HOP,RNB
stomp|brothers johnson	RNB,ELECTRONIC
stone blue|foghat	POP,ROCK,RNB,COUNTRY
stone cold|rainbow	ROCK,METAL
stone love|kool and the gang	RNB,ELECTRONIC
stoned love|supremes	POP,RNB,ELECTRONIC,FOLK
stoned out of my mind|chi lites	RNB,ELECTRONIC
stoned soul picnic|5th dimension	POP,RNB,FOLK
stoner|young thug	POP,HIP_HOP
stoney end|barbra streisand	POP,ELECTRONIC,SOUNDTRACK
stop and smell the roses|mac davis	POP,COUNTRY
stop and stare|onerepublic	POP,ROCK,HIP_HOP
stop and think it over|dale and grace	POP
stop being greedy|dmx	HIP_HOP,PUNK
stop in the name of love|hollies	POP,ROCK,FOLK
stop in the name of love|margie joseph	RNB
stop in the name of love|supremes	POP,RNB,ELECTRONIC,FOLK
stop look and listen|chiffons	POP,ROCK,RNB,FOLK
stop look listen to your heart|stylistics	POP,RNB,ELECTRONIC
stop stop stop|hollies	POP,ROCK,FOLK
stop the war now|edwin starr	RNB
stop the world|extreme	ROCK,METAL
stop this game|cheap trick	POP,ROCK,ELECTRONIC,METAL
stop to love|luther vandross	RNB
stop to start|blue magic	RNB,ELECTRONIC
stop trying to be god|travis scott	POP,HIP_HOP
stop your sobbing|pretenders	POP,ROCK,ELECTRONIC,FOLK
stop|erasure	POP,ROCK,ELECTRONIC
stop|moody blues	POP,ROCK,FOLK
stop|sam brown	POP,RNB
stop|spice girls	POP
storm warning|hunter hayes	POP,COUNTRY
stormy|santana	ROCK,RNB
storm|lenny kravitz featuring jay z	HIP_HOP,POP,ROCK
story in your eyes|moody blues	POP,ROCK,FOLK
story of my life|one direction	POP
story of rock and roll|turtles	POP,ROCK,FOLK
story of us|taylor swift	POP
story|sara ramirez	SOUNDTRACK
straight from the heart|allman brothers band	POP,ROCK,RNB,COUNTRY,FOLK
straight from the heart|bryan adams	POP,ROCK,FOLK
straight life|bobby goldsboro	POP,ROCK,COUNTRY,FOLK
straight on|heart	POP,ROCK
straight out of line|godsmack	ROCK,HIP_HOP,METAL
straight outta compton|n w a	HIP_HOP,PUNK
straight to the bank|50 cent	HIP_HOP
straight to your heart|bad english	ROCK,METAL
straight up|chante moore	POP,RNB
straight up|paula abdul	POP
stranded|heart	POP,ROCK
strange currencies|r e m	POP,ROCK
strange magic|electric light orchestra	POP,ROCK,FOLK
strange way|firefall	POP,ROCK,COUNTRY,FOLK
strangelove|depeche mode	POP,ROCK,ELECTRONIC
stranger in moscow|michael jackson	POP
stranger in my home town|foghat	POP,ROCK,RNB,COUNTRY
stranger in my house|ronnie milsap	COUNTRY
stranger in my house|tamia	POP,RNB
stranger in town|del shannon	POP,ROCK,RNB,FOLK
stranger in town|toto	POP,ROCK
strangers in the night|frank sinatra	POP
stranger|hilary duff	POP
stranger|jefferson starship	POP,ROCK,COUNTRY,FOLK
stranger|stephen stills	POP,ROCK,RNB,COUNTRY,FOLK
strap me in|cars	POP,ROCK,ELECTRONIC,FOLK
strawberry fields forever|beatles	ROCK
strawberry letter 23|brothers johnson	RNB,ELECTRONIC
strawberry letter 23|tevin campbell	POP,RNB
strawberry shortcake|jay and the techniques	POP,RNB
strawberry wine|deana carter	COUNTRY
stray cat strut|stray cats	ROCK
streak|ray stevens	POP,COUNTRY
street corner serenade|wet willie	ROCK,COUNTRY
street corner|ashford and simpson	RNB,ELECTRONIC
street dreams|nas	HIP_HOP,PUNK
street fighting man|rolling stones	ROCK,PUNK
street life|crusaders	RNB,JAZZ
street of dreams|rainbow	ROCK,METAL
streetcorner symphony|rob thomas	POP,ROCK
streets of philadelphia from philadelphia|bruce springsteen	POP,ROCK,FOLK
strength|alarm	POP,ROCK,ELECTRONIC
stressed out|twenty one pilots	ROCK,PUNK
stricken|disturbed	ROCK,METAL
strike it up|black box	POP,ELECTRONIC
strip it down|luke bryan	COUNTRY
strip me|natasha bedingfield	POP
strobelite honey|black sheep	HIP_HOP,PUNK
stroke you up|changing faces	POP,RNB
stroke|billy squier	POP,ROCK,METAL
strong enough|cher	POP,SOUNDTRACK
strong enough|sheryl crow	POP,ROCK,FOLK
stronger than before|carole bayer sager	POP
stronger woman|jewel	POP,ROCK,PUNK,FOLK
stronger|britney spears	POP
stronger|kanye west	HIP_HOP
strong|one direction	POP
strung out|steve perry	POP,ROCK
strut|sheena easton	POP,ROCK
stubborn love|lumineers	POP,ROCK,FOLK
stuck in the middle with you|stealers wheel	POP,ROCK,FOLK
stuck like glue|sugarland	POP,COUNTRY
stuck on you|lionel richie	POP,RNB,ELECTRONIC
stuck with you|huey lewis and the news	POP,ROCK,ELECTRONIC,FOLK
stuck|stacie orrico	POP
stuff like that|quincy jones	RNB,ELECTRONIC,POP
stunt 101|g unit	HIP_HOP,PUNK
stupid boy|keith urban	COUNTRY
stupid girls|p nk	POP
stupid girl|cold	ROCK,HIP_HOP,METAL
stupid girl|garbage	POP,ROCK,ELECTRONIC
stupid hoe|nicki minaj	POP,HIP_HOP
stutter|maroon 5	POP
style|taylor swift	POP
suavecito|malo	RNB,LATIN
suavemente|elvis crespo	LATIN
substitute|clout	POP
subterranean homesick blues|bob dylan	POP,ROCK,FOLK
suburbia|pet shop boys	POP,ROCK,ELECTRONIC
such a night|dr john	ROCK,RNB,FOLK
such a night|elvis presley with the jordanaires	ROCK
such a shame|talk talk	POP,ROCK,ELECTRONIC
such an easy question|elvis presley with the jordanaires	ROCK
sudden stop|percy sledge	POP,RNB
suddenly i see|kt tunstall	POP,FOLK
suddenly last summer|motels	POP,ROCK,ELECTRONIC
suddenly you love me|tremeloes	POP,ROCK,FOLK
suddenly|billy ocean	POP,ROCK,RNB,ELECTRONIC
suds in the bucket|sara evans	COUNTRY
suffocate|j holiday	POP,HIP_HOP,RNB
suga suga|baby bash featuring frankie j	POP,HIP_HOP,RNB
sugar and spice|searchers	POP,ROCK,FOLK
sugar baby love|rubettes	POP,ROCK
sugar daddy|jackson 5	RNB
sugar daddy|thompson twins	POP,ROCK,ELECTRONIC
sugar dumpling|sam cooke	POP,ROCK,RNB
sugar free|wa wa nee	ROCK
sugar hill|az	HIP_HOP,PUNK
sugar on sunday|clique	ROCK
sugar sugar|archies	POP,ROCK,FOLK
sugar town|nancy sinatra	POP,FOLK
sugar walls|sheena easton	POP,ROCK
sugar wraith|post malone	POP,HIP_HOP
sugaree|jerry garcia	POP,ROCK,RNB,COUNTRY,FOLK
sugar|maroon 5	POP
suicide blonde|inxs	POP,ROCK,RNB,ELECTRONIC
suite judy blue eyes|crosby stills and nash	POP,ROCK,RNB,COUNTRY,FOLK
sultans of swing|dire straits	POP,ROCK
summer and sandy|lesley gore	POP,ROCK,RNB,FOLK
summer breeze|seals and crofts	POP,ROCK,COUNTRY,FOLK
summer games|drake	POP,HIP_HOP
summer girls|lfo	POP
summer love|justin timberlake	POP
summer nights|lil rob	HIP_HOP,RNB
summer nights|marianne faithfull	POP,ROCK,FOLK
summer nights|rascal flatts	COUNTRY
summer nights|survivor	POP,ROCK
summer rain|belinda carlisle	POP,ROCK,ELECTRONIC
summer rain|carl thomas	POP,RNB
summer rain|johnny rivers	POP,ROCK,FOLK
summer samba so nice|walter wanderley	POP,JAZZ,LATIN
summer sand|dawn	POP
summer side of life|gordon lightfoot	POP,ROCK,COUNTRY,FOLK
summer sixteen|drake	POP,HIP_HOP
summer sounds|robert goulet	POP
summer the first time|bobby goldsboro	POP,ROCK,COUNTRY,FOLK
summer wind|frank sinatra	POP
summer wine|nancy sinatra with lee hazlewood	POP,FOLK,ROCK,COUNTRY,CLASSICAL
summertime blues|blue cheer	ROCK,RNB,PUNK
summertime blues|who	POP,ROCK,PUNK,FOLK
summertime girls|y and t	ROCK,METAL
summertime magic|childish gambino	POP,HIP_HOP
summertime|billy stewart	RNB
summertime|kenny chesney	COUNTRY
summertime|new kids on the block	POP
summer|calvin harris	POP,ELECTRONIC
summer|carters	POP,RNB
summer|war	RNB
sun always shines on t v|a ha	POP,ROCK,ELECTRONIC
sun and the rain|madness	ELECTRONIC,PUNK
sun daze|florida georgia line	COUNTRY
sunday and me|jay and the americans	POP,ROCK,RNB,FOLK
sunday for tea|peter and gordon	POP,ROCK,RNB,FOLK
sunday morning sunshine|harry chapin	POP,FOLK
sunday morning|earth wind and fire	RNB,ELECTRONIC
sunday morning|maroon 5	POP
sunday sunrise|anne murray	POP,COUNTRY,FOLK
sunday sun|neil diamond	POP,ROCK,FOLK
sunday will never be the same|spanky and our gang	POP,ROCK,FOLK
sunday|moments	RNB,ELECTRONIC
sundown|gordon lightfoot	POP,ROCK,COUNTRY,FOLK
sunflower spider man into the spider verse|post malone and swae lee	POP,HIP_HOP
sunflower|glen campbell	POP,COUNTRY,FOLK
sunglasses at night|corey hart	POP,ROCK,ELECTRONIC
sunny and 75|joe nichols	COUNTRY
sunny came home|shawn colvin	POP,FOLK
sunny days|lighthouse	ROCK
sunny|bobby hebb	RNB
sunny|neil sedaka	POP,ROCK,RNB,FOLK
sunrise sunburn sunset|luke bryan	COUNTRY
sunrise|eric carmen	POP,ROCK,ELECTRONIC,FOLK
sunset grill|don henley	POP,ROCK,FOLK
sunset strip|ray stevens	POP,COUNTRY
sunshine and summertime|faith hill	POP,COUNTRY
sunshine and whiskey|frankie ballard	COUNTRY
sunshine girl|parade	POP
sunshine in the shade|fixx	POP,ROCK,ELECTRONIC
sunshine lollipops and rainbows|lesley gore	POP,ROCK,RNB,FOLK
sunshine of your love|cream	POP,ROCK,RNB,FOLK
sunshine on my shoulders|john denver	POP,FOLK
sunshine superman|donovan	POP,ROCK,PUNK,FOLK
sunshine|archies	POP,ROCK,FOLK
sunshine|enchantment	RNB
sunshine|jonathan edwards	POP,COUNTRY,FOLK
sunshine|mickey newbury	COUNTRY,FOLK
supa star|group home	HIP_HOP,PUNK
supastars|migos	POP,HIP_HOP
super bass|nicki minaj	POP,HIP_HOP
super high|rick ross featuring ne yo	POP,HIP_HOP,RNB
super trapper|future	POP,HIP_HOP
super trouper|abba	POP
superfly|curtis mayfield	RNB,ELECTRONIC
superheroes|script	POP,ROCK
superhero|daze	POP,ELECTRONIC
superman|brown boy	HIP_HOP,POP,RNB,ELECTRONIC
superman|celi bee and the buzzy bunch	ELECTRONIC
superman|donna fargo	COUNTRY
superman|eminem	HIP_HOP,RNB
superman|herbie mann	RNB,JAZZ,LATIN
superman|taylor swift	POP
supermarket flowers|ed sheeran	POP
supermodel you better work|rupaul	POP,ELECTRONIC
supernatural love|donna summer	POP,RNB,ELECTRONIC
supernatural superserious|r e m	POP,ROCK
supernature|cerrone	ELECTRONIC
supernova|liz phair	POP,ROCK,FOLK
supersonic|j j fad	HIP_HOP,ELECTRONIC
superstar|paul davis	POP,ROCK,COUNTRY,FOLK
superstar|taylor swift	POP
superstition|stevie wonder	RNB
superstitious|europe	ROCK,METAL
superwoman where were you when i needed you|stevie wonder	RNB
superwoman|alicia keys	POP,RNB
superwoman|karyn white	RNB
supplies|justin timberlake	POP
sure be cool if you did|blake shelton	COUNTRY
sure gonna miss her|gary lewis and the playboys	POP,ROCK,FOLK
sure know something|kiss	ROCK,METAL
sure thing|miguel	POP,HIP_HOP,RNB
surrender|cheap trick	POP,ROCK,ELECTRONIC,METAL
surrender|diana ross	POP,RNB,ELECTRONIC
survival of the fittest|mobb deep	HIP_HOP,PUNK
survivalism|nine inch nails	ROCK,ELECTRONIC,PUNK,METAL
survival|drake	POP,HIP_HOP
survival|eminem	HIP_HOP,RNB
survive|jimmy buffett	POP,FOLK
survivor|cindy bullens	SOUNDTRACK
susan|buckinghams	POP,ROCK,FOLK
suspicions|eddie rabbitt	POP,COUNTRY
suspicions|tim mcgraw	COUNTRY
suspicious minds|dee dee warwick	POP
suspicious minds|elvis presley	ROCK
suzanne|journey	POP,ROCK
suzanne|noel harrison	POP
swang|rae sremmurd	POP,HIP_HOP
swear|sheena easton	POP,ROCK
sweater weather|neighbourhood	POP,ROCK
sweatshirt|jacob sartorius	POP
sweet and innocent|donny osmond of the osmonds	POP,SOUNDTRACK
sweet annie|zac brown band	COUNTRY
sweet baby|donnie elbert	RNB
sweet blindness|5th dimension	POP,RNB,FOLK
sweet but psycho|ava max	POP
sweet caroline good times never seemed so good|bobby womack and peace	RNB,ELECTRONIC
sweet charlie babe|jackie moore	RNB,ELECTRONIC
sweet cherry wine|tommy james and the shondells	POP,ROCK,FOLK
sweet city woman|stampeders	ROCK
sweet cream ladies forward march|box tops	POP,ROCK,FOLK
sweet creature|harry styles	POP
sweet dreams are made of this|eurythmics	POP,ROCK,ELECTRONIC
sweet dreams|air supply	POP
sweet dreams|beyonce	POP,RNB
sweet dreams|la bouche	POP,ELECTRONIC
sweet dreams|tommy mclain	POP
sweet emotion|aerosmith	ROCK
sweet feeling|candi staton	RNB,ELECTRONIC
sweet harmony|smokey robinson	RNB,ELECTRONIC
sweet hitch hiker|creedence clearwater revival	ROCK
sweet home alabama|lynyrd skynyrd	POP,ROCK,RNB,COUNTRY
sweet inspiration where you lead|barbra streisand	POP,ELECTRONIC,SOUNDTRACK
sweet inspiration|sweet inspirations	POP,RNB
sweet lady|tyrese	POP,HIP_HOP,RNB
sweet life|paul davis	POP,ROCK,COUNTRY,FOLK
sweet love|anita baker	RNB,JAZZ
sweet love|chris brown	POP,HIP_HOP,RNB
sweet love|commodores	POP,RNB,ELECTRONIC
sweet maxine|doobie brothers	POP,ROCK,RNB,COUNTRY,FOLK
sweet memories|andy williams	POP,JAZZ,CLASSICAL
sweet music man|kenny rogers	POP,COUNTRY
sweet november|troop	POP,RNB
sweet pea|tommy roe	POP,ROCK,FOLK
sweet seasons|carole king	POP,ROCK,FOLK
sweet sensation|stephanie mills	RNB,ELECTRONIC
sweet sexy thing|nu flavor featuring roger	POP
sweet sixteen|b b king	ROCK,RNB
sweet sixteen|billy idol	POP,ROCK,ELECTRONIC
sweet soul music|arthur conley	POP,RNB
sweet southern comfort|buddy jewell	COUNTRY
sweet sticky thing|ohio players	RNB,ELECTRONIC
sweet surrender|bread	POP,COUNTRY,FOLK
sweet surrender|john denver	POP,FOLK
sweet surrender|sarah mclachlan	POP,ROCK,FOLK
sweet sweet smile|carpenters	POP,FOLK
sweet thing|mary j blige	POP,HIP_HOP,RNB
sweet thing|mick jagger	ROCK
sweet thing|rufus featuring chaka khan	POP,RNB,ELECTRONIC
sweet time|reo speedwagon	POP,ROCK,FOLK
sweet understanding love|four tops	POP,RNB,ELECTRONIC,FOLK
sweet william|millie small	ROCK
sweetener|ariana grande	POP
sweeter than sugar|ohio express	POP,FOLK
sweetest days|vanessa williams	RNB
sweetest girl dollar bill|wyclef jean featuring akon lil wayne and niia	POP,HIP_HOP
sweetest one|metros	ROCK
sweetest taboo|sade	RNB
sweetest thing|u2	ROCK
sweetheart like you|bob dylan	POP,ROCK,FOLK
sweetheart|engelbert humperdinck	POP
sweetness|jimmy eat world	POP,ROCK,PUNK
swept away|diana ross	POP,RNB,ELECTRONIC
swimming pools drank|kendrick lamar	HIP_HOP
swing swing|all american rejects	POP,ROCK,PUNK
swing|trace adkins	COUNTRY
switch|will smith	HIP_HOP
sylvia|focus	POP,ROCK,JAZZ
symphony of destruction|megadeth	ROCK,METAL
symptoms of true love|tracie spencer	RNB
synchronicity ii|police	POP,ROCK,ELECTRONIC
system of survival|earth wind and fire	RNB,ELECTRONIC
t r o u b l e|elvis presley	ROCK
t shirt|migos	POP,HIP_HOP
t shirt|thomas rhett	COUNTRY
taboo|don omar	HIP_HOP,LATIN
tainted love|soft cell	POP,ROCK,ELECTRONIC,PUNK
tainted|slum village featuring dwele	RNB,HIP_HOP
take a back road|rodney atkins	COUNTRY
take a bow|madonna	POP
take a bow|rihanna	POP,RNB
take a chance on me|abba	POP
take a hand|rick springfield	POP,ROCK,ELECTRONIC
take a little ride|jason aldean	COUNTRY
take a look around|temptations	RNB
take a look|aretha franklin	RNB
take a message|remy shand	POP,RNB
take a picture|filter	POP,ROCK,HIP_HOP,METAL
take a walk|passion pit	POP,ROCK,ELECTRONIC
take another picture|quarterflash	POP,ROCK
take back the night|justin timberlake	POP
take care of your homework|johnnie taylor	RNB
take good care of my baby|bobby vinton	POP,ROCK,RNB
take it back|j geils band	POP,ROCK,RNB,COUNTRY,FOLK
take it back|pink floyd	ROCK
take it easy on me|little river band	POP,ROCK,COUNTRY,FOLK
take it like a man|bachman turner overdrive	POP,ROCK,RNB,COUNTRY,FOLK
take it off|ke ha	POP,HIP_HOP
take it on back|chase bryant	COUNTRY
take it on the run|reo speedwagon	POP,ROCK,FOLK
take it slow out in the country|lighthouse	ROCK
take it to da house|trick daddy featuring the sns express	POP,HIP_HOP
take it to heart|michael mcdonald	POP,RNB
take me as i am|mary j blige	POP,HIP_HOP,RNB
take me away|fefe dobson	POP
take me back to chicago|chicago	POP,ROCK,FOLK
take me back|bonnie tyler	POP,ELECTRONIC
take me back|little anthony and the imperials	POP,ROCK,RNB
take me down|alabama	COUNTRY
take me home country roads|john denver	POP,ROCK,FOLK,CLASSICAL
take me home tonight|eddie money	POP,ROCK,COUNTRY,FOLK
take me home|cher	POP,SOUNDTRACK
take me home|terror squad	POP,HIP_HOP,PUNK
take me in your arms and love me|gladys knight and the pips	POP,RNB,ELECTRONIC
take me in your arms rock me a little while|kim weston	RNB
take me just as i am|solomon burke	RNB,JAZZ
take me now|david gates	FOLK
take me on the floor|veronicas	POP
take me out|franz ferdinand	ROCK,ELECTRONIC,PUNK
take me to church|hozier	POP,FOLK
take me to heart|quarterflash	POP,ROCK
take me to the kaptin|prism	ROCK
take me to the river|syl johnson	RNB
take me to the river|talking heads	ROCK,RNB,ELECTRONIC,PUNK
take me with u|prince and the revolution duet with apollonia	RNB
take me|grand funk railroad	POP,ROCK,RNB,FOLK
take my advice|kym sims	ELECTRONIC
take my breath away love theme from top gun|berlin	POP,ROCK,ELECTRONIC
take my breath away|jessica simpson	POP
take my heart you can have it if you want it|kool and the gang	RNB,ELECTRONIC
take no prisoners in the game of love|peabo bryson	POP,RNB
take on me|a ha	POP,ROCK,ELECTRONIC
take one|kodak black	HIP_HOP
take some time out for love|isley brothers	RNB,ELECTRONIC
take that to the bank|shalamar	RNB,ELECTRONIC
take the long way home|supertramp	POP,ROCK,FOLK
take the money and run|steve miller	POP,ROCK,RNB,FOLK
take the short way home|dionne warwick	POP,RNB,ELECTRONIC
take this heart of mine|marvin gaye	RNB
take this heart|richard marx	POP,ROCK
take this hurt off me|don covay	RNB
take time to know her|percy sledge	POP,RNB
take ya home|lil bow wow	POP,HIP_HOP,RNB
take you down|chris brown	POP,HIP_HOP,RNB
take you out|luther vandross	RNB
take you there|pete rock and c l smooth	HIP_HOP,PUNK
take you there|sean kingston	POP,HIP_HOP,RNB
take your shirt off|t pain	POP,HIP_HOP,RNB
take your time|sam hunt	COUNTRY
take your time|tre	ROCK
taken in|mike the mechanics	POP,ROCK,ELECTRONIC
taker|waylon jennings	COUNTRY
taking a walk|trippie redd	HIP_HOP
taking chances|celine dion	POP
taking everything|gerald levert	RNB
taking it all too hard|genesis	JAZZ
taking you home|don henley	POP,ROCK,FOLK
tal vez|ricky martin	POP,LATIN
talk about love|adam faith	POP,ROCK
talk back trembling lips|johnny tillotson	POP,ROCK,RNB
talk dirty to me|poison	ROCK,METAL
talk it over in the morning|anne murray	POP,COUNTRY,FOLK
talk talk|music machine	ROCK
talk to me baby|barry mann	RNB
talk to me|anita baker	RNB,JAZZ
talk to me|chico debarge	RNB
talk to me|quarterflash	POP,ROCK
talk to me|stevie nicks	POP,ROCK
talking about my baby|impressions	POP,RNB
talking body|tove lo	POP,ELECTRONIC
talking in your sleep|crystal gayle	POP,COUNTRY
talking in your sleep|romantics	POP,ROCK,ELECTRONIC
talking out of turn|moody blues	POP,ROCK,FOLK
talk|coldplay	POP,ROCK
talladega|eric church	COUNTRY
tambourine|eve	POP,HIP_HOP,RNB
tangerine|salsoul orchestra	RNB,ELECTRONIC
tangled up in blue|bob dylan	POP,ROCK,FOLK
taos new mexico|r dean taylor	POP,RNB
tapioca tundra|monkees	POP,ROCK,FOLK
tarkio road|brewer and shipley	POP,COUNTRY,FOLK
taste of tears|johnny mathis	POP,JAZZ
tasty love|freddie jackson	RNB,ELECTRONIC
tattoos on this town|jason aldean	COUNTRY
tattoo|jordin sparks	POP,HIP_HOP,RNB
tattoo|van halen	ROCK,METAL
taxi dancing|rick springfield with randy crawford	POP,RNB,ELECTRONIC,ROCK
taxi|harry chapin	POP,FOLK
taxi|j blackfoot	RNB
teach me how to dougie|cali swag district	HIP_HOP
teach me tonight|al jarreau	POP,RNB,JAZZ
teach your children|crosby stills nash and young	POP,ROCK,RNB,FOLK
teacher teacher|38 special	POP,ROCK,COUNTRY,FOLK
teachme|musiq soulchild	POP,HIP_HOP,RNB
team|iggy azalea	POP,HIP_HOP
team|lorde	POP
tear drop city|monkees	POP,ROCK,FOLK
tear in my heart|twenty one pilots	ROCK,PUNK
tears and roses|al martino	POP
tears are falling|kiss	ROCK,METAL
tears in heaven|eric clapton	POP,ROCK,RNB
tears keep on falling|jerry vale	POP,JAZZ,CLASSICAL
tears of a clown|smokey robinson and the miracles	POP,ROCK,RNB
tears run rings|marc almond	POP,ROCK,ELECTRONIC
tears tears tears|ben e king	POP,ROCK,RNB
tears|john waite	POP,ROCK
teddy bear song|barbara fairchild	COUNTRY
teddy bear|red sovine	COUNTRY
teenage daughters|martina mcbride	COUNTRY
teenage dream|katy perry	POP
teenage fever|drake	POP,HIP_HOP
teenage love affair|alicia keys	POP,RNB
teenage love affair|rick derringer	ROCK,RNB
teenagers|my chemical romance	PUNK,EMO
telefone long distance love affair|sheena easton	POP,ROCK
telegram sam|t rex	ROCK,RNB,ELECTRONIC,PUNK,FOLK
telephone line|electric light orchestra	POP,ROCK,FOLK
tell all the people|doors	ROCK
tell her about it|billy joel	POP,ROCK,FOLK
tell her love has felt the need|eddie kendricks	RNB,ELECTRONIC
tell her no|juice newton	POP,COUNTRY
tell her no|zombies	POP,ROCK,FOLK,CLASSICAL
tell her|kenny loggins	POP,ROCK
tell her|lonestar	COUNTRY
tell him|patti drew	RNB
tell it like it is|heart	POP,ROCK
tell it on the mountain|peter paul and mary	POP,FOLK
tell mama|etta james	POP,RNB,JAZZ
tell mama|savoy brown	ROCK,RNB,COUNTRY,FOLK
tell me baby|garnet mimms	RNB
tell me baby|red hot chili peppers	ROCK,RNB,METAL
tell me if you still care|s o s band	RNB,ELECTRONIC
tell me something bad about tulsa|george strait	COUNTRY
tell me something good|rufus featuring chaka khan	POP,RNB,ELECTRONIC
tell me this is a dream|delfonics	RNB,ELECTRONIC
tell me to my face|keith	POP
tell me what you dream|restless heart featuring warren hill	COUNTRY
tell me what you want me to do|tevin campbell	POP,RNB
tell me when|human league	POP,ROCK,ELECTRONIC
tell me why|bobby vinton	POP,ROCK,RNB
tell me why|expose	POP
tell me why|wynonna	COUNTRY
tell me you love me|demi lovato	POP
tell me|bobby valentino	POP,HIP_HOP,RNB
tell me|groove theory	RNB
tell me|white lion	ROCK,METAL
tell that girl to shut up|transvision vamp	POP
tell the truth|jude cole	POP
tell your friends|weeknd	POP,HIP_HOP,RNB
temperature|sean paul	POP,ELECTRONIC
temporary fix|one direction	POP
temporary home|carrie underwood	POP,COUNTRY
tempo|chris brown	POP,HIP_HOP,RNB
temptation eyes|grass roots	POP,ROCK,RNB,COUNTRY,FOLK
temptations|2pac	HIP_HOP,RNB
tempted to touch|rupee	ELECTRONIC
tempted|squeeze	POP,ROCK,ELECTRONIC
ten commandments of love|little anthony and the imperials	POP,ROCK,RNB
ten commandments of love|peaches and herb	RNB,ELECTRONIC
ten commandments|prince buster	ROCK,PUNK
ten percent|double exposure	RNB,ELECTRONIC
ten rounds with jose cuervo|tracy byrd	COUNTRY
tender is the night|jackson browne	POP,ROCK,COUNTRY,FOLK
tender kisses|tracie spencer	RNB
tender lover|babyface	POP,RNB
tender years|john cafferty and the beaver brown band	ROCK
tengo un amor|toby love featuring rakim and ken y	HIP_HOP,LATIN
tennessee waltz|sam cooke	POP,ROCK,RNB
tennessee whiskey|chris stapleton	COUNTRY
tennessee|arrested development	HIP_HOP
tennis court|lorde	POP
tenth avenue freeze out|bruce springsteen	POP,ROCK,FOLK
tequila makes her clothes fall off|joe nichols	COUNTRY
tequila|dan shay	COUNTRY
test of time|romantics	POP,ROCK,ELECTRONIC
testify i wonna|johnnie taylor	RNB
testimony|kodak black	HIP_HOP
texas|charlie daniels band	ROCK,COUNTRY
tha crossroads|bone thugs n harmony	HIP_HOP
thank god and greyhound|roy clark	COUNTRY
thank the lord for the night time|neil diamond	POP,ROCK,FOLK
thank u next|ariana grande	POP
thank u very much|scaffold	POP,ROCK
thank u|alanis morissette	POP,ROCK,FOLK
thank you baby|shirelles	POP,ROCK,RNB
thank you baby|stylistics	POP,RNB,ELECTRONIC
thank you for being a friend|andrew gold	POP
thank you for loving me|bon jovi	ROCK,METAL
thank you girl|beatles	POP,ROCK,ELECTRONIC
thank you in advance|boyz ii men	POP,RNB
thank you|boyz ii men	POP,RNB
thank you|dido	POP
thank you|estelle	RNB
thank you|lil bow wow featuring jagged edge and fundisha	POP,HIP_HOP,RNB
thanks for saving my life|billy paul	RNB,ELECTRONIC
that boy john|raindrops	POP
that girl belongs to yesterday|gene pitney	POP,ROCK,FOLK
that girl could sing|jackson browne	POP,ROCK,COUNTRY,FOLK
that girl|frankie j featuring mannie fresh and chamillionaire	HIP_HOP,POP,RNB
that girl|marques houston	POP,HIP_HOP,RNB
that girl|maxi priest featuring shaggy	ROCK,POP,HIP_HOP
that girl|stevie wonder	RNB
that kind of woman|merrilee rush and the turnabouts	POP
that lady part 1|isley brothers	RNB,ELECTRONIC
that old song|ray parker jr and raydio	POP,RNB,ELECTRONIC
that other woman|changing faces	POP,RNB
that same old feeling|fortunes	POP,ROCK,FOLK
that same old feeling|pickettywitch	POP
that should be me|justin bieber	POP
that song in my head|julianne hough	COUNTRY,SOUNDTRACK
that song is driving me crazy|tom t hall	COUNTRY,FOLK
that was then but this is now|abc	POP,ROCK,ELECTRONIC
that was then this is now|monkees	POP,ROCK,FOLK
that was yesterday|foreigner	POP,ROCK
them changes|buddy miles and the freedom express	RNB
theme from a summer place|lettermen	POP
theme from cleopatra jones|joe simon featuring the mainstreeters	RNB
theme from electric surfboard|brother jack mcduff	RNB,JAZZ
theme from harlow lonely girl|bobby vinton	POP,ROCK,RNB
theme from love story|francis lai and his orchestra	POP,ELECTRONIC,SOUNDTRACK
theme from new york new york|frank sinatra	POP
theme from s express|s express	ELECTRONIC
theme from shaft|isaac hayes	RNB,ELECTRONIC
theme from summer of 42|peter nero	POP,JAZZ,SOUNDTRACK
theme from the men|isaac hayes	RNB,ELECTRONIC
theme from valley of the dolls|dionne warwick	POP,RNB,ELECTRONIC
then came you|dionne warwicke and spinners	POP,RNB,ELECTRONIC
then the morning comes|smash mouth	POP,ROCK,PUNK
then what|clay walker	COUNTRY
then you can tell me goodbye|eddy arnold	COUNTRY
then|brad paisley	COUNTRY
there but for fortune|joan baez	POP,FOLK
there but for the grace of god go i|machine	METAL
there goes another love song|outlaws	POP,ROCK,RNB,COUNTRY,FOLK
there goes my baby|charlie wilson	RNB
there goes my baby|donna summer	POP,RNB,ELECTRONIC
there goes my baby|trisha yearwood	COUNTRY
there goes my baby|usher	POP,HIP_HOP,RNB
there goes my everything|engelbert humperdinck	POP
there goes my everything|jack greene	COUNTRY
there goes my life|kenny chesney	COUNTRY
there is|dells	RNB,ELECTRONIC
there it go the whistle song|juelz santana	HIP_HOP,PUNK
there it is|ginuwine	POP,HIP_HOP,RNB
there it is|tyrone davis	RNB
there never was a time|jeannie c riley	COUNTRY
there she goes|babyface	POP,RNB
there she goes|sixpence none the richer	POP
there was a time|gene chandler	POP,RNB
there was a time|james brown and the famous flames	RNB
there will never be another tonight|bryan adams	POP,ROCK,FOLK
there will never be another you|chris montez	POP,ROCK,FOLK
there will never be any peace until god is seated at the conference table|chi lites	RNB,ELECTRONIC
there you are|martina mcbride	COUNTRY
there you are|sam salter	RNB
there you go|edwin starr	RNB
there you go|p nk	POP
there you have it|blackhawk	COUNTRY
these are days|10 000 maniacs	POP,ELECTRONIC,FOLK
these are my people|rodney atkins	COUNTRY
these are not my people|johnny rivers	POP,ROCK,FOLK
these are the times|dru hill	POP,HIP_HOP,RNB
these dreams|heart	POP,ROCK
these eyes|guess who	POP,ROCK,RNB,COUNTRY,FOLK
these eyes|jr walker and the all stars	POP,RNB
these hands small but mighty|bobby bland	RNB
these heaux|bhad bhabie	POP,HIP_HOP
these times are hard for lovers|john waite	POP,ROCK
these words|natasha bedingfield	POP
they like it slow|h town	POP,RNB
they long to be close to you|carpenters	POP,RNB,ELECTRONIC
they long to be close to you|jerry butler and brenda lee eager	POP,RNB,ELECTRONIC
they reminisce over you t r o y|pete rock and c l smooth	HIP_HOP,PUNK
they want efx|das efx	HIP_HOP,PUNK
thief of hearts|melissa manchester	POP
thieves in the temple|prince	RNB
thin line between love and hate|persuaders	RNB
thin line between love and hate|pretenders	POP,ROCK,ELECTRONIC,FOLK
things can only get better|howard jones	POP,ROCK,ELECTRONIC
things i should have said|grass roots	POP,ROCK,RNB,COUNTRY,FOLK
things in this house|bobby darin	POP,ROCK,RNB,JAZZ
things that you do|gina thompson	POP
things we do for love|10cc	POP,ROCK,ELECTRONIC,FOLK
things we do for love|horace brown	RNB
things|anne murray	POP,COUNTRY,FOLK
think a little less|michael ray	COUNTRY
think about it|lyn collins	RNB
think about me|fleetwood mac	POP,ROCK,FOLK,CLASSICAL
think his name|johnny rivers	POP,ROCK,FOLK
think of laura|christopher cross	POP,ROCK,RNB,ELECTRONIC,FOLK
think of the good times|jay and the americans	POP,ROCK,RNB,FOLK
think of you|usher	POP,HIP_HOP,RNB
think twice|celine dion	POP
thinkin bout you|frank ocean	POP,HIP_HOP,RNB
thinking about you|norah jones	POP
thinking of you|earth wind and fire	RNB,ELECTRONIC
thinking of you|grandmaster slice	ELECTRONIC
thinking of you|katy perry	POP
thinking of you|loggins and messina	POP,ROCK,COUNTRY,FOLK
thinking of you|paul davis	POP,ROCK,COUNTRY,FOLK
thinking of you|tony toni tone	POP,HIP_HOP,RNB
thinking out loud|ed sheeran	POP
think|aretha franklin	RNB
think|information society	POP,ROCK,ELECTRONIC
think|james brown	RNB
think|jimmy mccracklin	RNB
think|vicki anderson and james brown	RNB
third rate romance|amazing rhythm aces	ROCK,COUNTRY,FOLK
third rock from the sun|joe diffie	COUNTRY
third time lucky first time i was a fool|foghat	POP,ROCK,RNB,COUNTRY
thirty three|smashing pumpkins	POP,ROCK,METAL
this afternoon|nickelback	ROCK,METAL
this and that|michael penn	POP
this beat is hot|b g the prince of rap	ELECTRONIC
this christmas|chris brown	POP,HIP_HOP,RNB
this could be the night|loverboy	POP,ROCK,METAL
this could be the one|bad company	POP,ROCK,RNB,FOLK
this could be us|rae sremmurd	POP,HIP_HOP
this d j|warren g	HIP_HOP,RNB,PUNK
this diamond ring|gary lewis and the playboys	POP,ROCK,FOLK
this gift|98 degrees	POP
this girl has turned into a woman|mary macgregor	POP
this girl is a woman now|gary puckett and the union gap	POP,ROCK,FOLK
this golden ring|fortunes	POP,ROCK,FOLK
this house|tracie spencer	RNB
this is america|childish gambino	POP,HIP_HOP
this is country music|brad paisley	COUNTRY
this is gospel|panic at the disco	ROCK,PUNK,EMO,CLASSICAL
this is how a heart breaks|rob thomas	POP,ROCK
this is how we do it|montell jordan	POP,HIP_HOP,RNB
this is how we do|big tymers	HIP_HOP
this is how we do|katy perry	POP
this is how we party|s o a p	ELECTRONIC
this is it|dan hartman	ELECTRONIC
this is it|jim reeves	POP,ROCK,COUNTRY
this is it|kenny loggins	POP,ROCK
this is it|melba moore	RNB,ELECTRONIC
this is it|scotty mccreery	COUNTRY
this is me|dream	POP
this is my country|impressions	POP,RNB
this is my night|chaka khan	POP,RNB,ELECTRONIC
this is my now|jordin sparks	POP,HIP_HOP,RNB
this is my song|petula clark	POP,ROCK,FOLK
this is the night|clay aiken	POP
this is the right time|lisa stansfield	POP,RNB,ELECTRONIC
this is the thanks i get|barbara lynn	POP,RNB
this is the time|billy joel	POP,ROCK,FOLK
this is the way we roll|m c hammer	HIP_HOP,RNB,ELECTRONIC,LATIN
this is the world calling|bob geldof	FOLK
this is war|thirty seconds to mars	ROCK,PUNK
this is your night|amber	ELECTRONIC
this kiss|carly rae jepsen	POP
this kiss|faith hill	POP,COUNTRY
this little bird|marianne faithfull	POP,ROCK,FOLK
this little girl|gary u s bonds	RNB
this love|bad company	POP,ROCK,RNB,FOLK
this love|maroon 5	POP
this magic moment|jay and the americans	POP,ROCK,RNB,FOLK
this man is mine|heart	POP,ROCK
this masquerade|george benson	POP,RNB,ELECTRONIC,JAZZ
this moment in time|engelbert humperdinck	POP
this old heart of mine is weak for you|isley brothers	RNB,ELECTRONIC
this old heart of mine is weak for you|tammi terrell	RNB
this ole boy|craig morgan	COUNTRY
this time around|hanson	POP
this time make it funky|tracie spencer	RNB
this time|bryan adams	POP,ROCK,FOLK
this time|inxs	POP,ROCK,RNB,ELECTRONIC
this town|frank sinatra	POP
this town|niall horan	POP
this used to be my playground|madonna	POP
this way|dilated peoples featuring kanye west	HIP_HOP,PUNK
this will be a night to remember|eddie holman	RNB
this woman|kenny rogers	POP,COUNTRY
this world|staple singers	RNB
this|darius rucker	POP,COUNTRY
thnks fr th mmrs|fall out boy	ROCK,PUNK,EMO
thong song|sisqo	POP,HIP_HOP,RNB
thorn in my pride|black crowes	POP,ROCK,RNB
thorn in my side|eurythmics	POP,ROCK,ELECTRONIC
those good old dreams|carpenters	POP,FOLK
those were the days|mary hopkin	POP,ROCK,FOLK
thread the needle|clarence carter	RNB
three little pigs|green jelly	METAL
three ring circus|blue magic	RNB,ELECTRONIC
three times a lady|commodores	POP,RNB,ELECTRONIC
three times in love|tommy james	POP,ROCK,FOLK
three window coupe|rip chords	ROCK
three wooden crosses|randy travis	COUNTRY
thrill is gone|b b king	ROCK,RNB,POP,FOLK
thriller|michael jackson	POP
through glass|stone sour	ROCK,HIP_HOP,METAL
through the fire and flames|dragonforce	METAL
through the fire|chaka khan	POP,RNB,ELECTRONIC
through the rain|mariah carey	POP,RNB
through the wire|kanye west	HIP_HOP
throw it in the bag|fabolous featuring the dream	POP,HIP_HOP,RNB,PUNK
throw your set in the air|cypress hill	HIP_HOP,PUNK
throwaway|mick jagger	ROCK
throwing it all away|genesis	POP,ROCK
thru your phone|cardi b	POP,HIP_HOP
thug holiday|trick daddy featuring latocha scott	POP,HIP_HOP
thuggish ruggish bone|bone thugs n harmony	HIP_HOP
thugs get lonely too|2pac featuring nate dogg	HIP_HOP,RNB
thunder and lightning|chi coltrane	POP
thunder and lightning|chicago	POP,ROCK,FOLK
thunder in my heart|leo sayer	POP,ELECTRONIC,FOLK
thunder island|jay ferguson	POP
thunderball|tom jones	POP,ROCK
thunder|boys like girls	POP,PUNK,EMO
thunder|imagine dragons	ROCK
ti amo|laura branigan	POP,ROCK,ELECTRONIC
tic toc|lords of the underground	HIP_HOP,PUNK
tick tock|vaughan brothers	RNB
ticket to ride|carpenters	CLASSICAL,POP,FOLK
ticks|brad paisley	COUNTRY
tide is high|blondie	POP,ROCK,ELECTRONIC
tight rope|leon russell	POP,ROCK,RNB,COUNTRY,FOLK
tighten up|archie bell and the drells	POP,RNB,ELECTRONIC
tighten up|black keys	ROCK,RNB,PUNK
tightrope ride|doors	ROCK
tiimmy turner|desiigner	HIP_HOP
tijuana taxi|herb alpert and the tijuana brass	POP
tik tok|ke ha	POP,HIP_HOP
til it happens to you|lady gaga	POP
til my last day|justin moore	COUNTRY
til the world ends|three dog night	POP,ROCK,RNB,COUNTRY,FOLK
til you and your lover are lovers again|engelbert humperdinck	POP
till the end of the day|kinks	POP,ROCK,ELECTRONIC,PUNK,FOLK
till you get enough|watts 103rd street rhythm band	RNB
till you love me|reba mcentire	COUNTRY
till|tom jones	POP,ROCK
till|vogues	POP,ROCK,RNB,FOLK
tim mcgraw|taylor swift	POP
time after time|chris montez	POP,ROCK,FOLK
time after time|cyndi lauper	POP,ROCK,ELECTRONIC
time after time|inoj	POP
time and chance|color me badd	POP,RNB
time and love|barbra streisand	POP,ELECTRONIC,SOUNDTRACK
time and tide|basia	JAZZ
time clock of the heart|culture club	POP,ROCK,ELECTRONIC
time dirty bit|black eyed peas	POP,HIP_HOP
time for letting go|jude cole	POP
time for me to fly|reo speedwagon	POP,ROCK,FOLK
time for miracles|adam lambert	POP
time has come today|chambers brothers	ROCK
time in a bottle|jim croce	POP,ROCK,FOLK
time is love|josh turner	COUNTRY
time is time|andy gibb	POP,RNB,COUNTRY,ELECTRONIC
time love and tenderness|michael bolton	POP
time machine|grand funk railroad	POP,ROCK,RNB,FOLK
time of my life|david cook	POP
time of the season|zombies	POP,ROCK,FOLK,CLASSICAL
time out of mind|steely dan	POP,ROCK,RNB,FOLK
time passages|al stewart	POP,ROCK,FOLK
time seller|spencer davis group	POP,ROCK,RNB,PUNK,FOLK
time to kill|band	ROCK
time waits for no one|friends of distinction	RNB
time was|canned heat	POP,ROCK,RNB,FOLK
time will reveal|debarge	RNB,ELECTRONIC
time will tell|tower of power	RNB,JAZZ
times have changed|irma thomas	RNB
times like these|foo fighters	ROCK,METAL
times of your life|paul anka	POP,ROCK
time|alan parsons project	POP,ROCK
time|hootie and the blowfish	POP,ROCK
time|pozo seco singers	FOLK
tin man|america	POP,ROCK,COUNTRY,FOLK
tin man|miranda lambert	COUNTRY
tiny dancer|elton john	POP,ROCK
tip it on back|dierks bentley	COUNTRY
tip of my fingers|eddy arnold	COUNTRY
tip of my tongue|tubes	POP,ROCK,ELECTRONIC
tired of being alone|al green	RNB
tired of being blonde|carly simon	POP,FOLK
tired of waiting for you|kinks	POP,ROCK,ELECTRONIC,PUNK,FOLK
title|meghan trainor	POP
tko|justin timberlake	POP
to be a lover|billy idol	POP,ROCK,ELECTRONIC
to be a lover|gene chandler	POP,RNB
to be with you|mr big	ROCK,METAL
to be young gifted and black|nina simone	RNB,JAZZ
to each his own|tymes	POP,RNB
to get to you|jerry wallace	POP
to give the reason i live|frankie valli	POP,FOLK
to know you is to love you|b b king	ROCK,RNB
to know you is to love you|bobby vinton	POP,ROCK,RNB
to know you is to love you|peter and gordon	POP,ROCK,RNB,FOLK
to love somebody|bee gees	POP,ELECTRONIC
to love somebody|michael bolton	POP
to love somebody|sweet inspirations	POP,RNB
to make you feel my love|billy joel	POP,ROCK,FOLK
to share your love|fantastic four	RNB
to sir with love|herbie mann	RNB,JAZZ,LATIN
to sir with love|lulu	POP,ROCK
to susan on the west coast waiting|donovan	POP,ROCK,PUNK,FOLK
to the moon and back|savage garden	POP
to the world|kanye west r kelly	HIP_HOP,POP,RNB
to wait for love|herb alpert	POP
toast to the fool|dramatics	RNB,ELECTRONIC
tobacco road|nashville teens	ROCK
today i started loving you again|bettye swann	RNB
today is the day|bar kays	POP,RNB,ELECTRONIC
today is your day|shania twain	POP,COUNTRY
today was a fairytale|taylor swift	POP
today|brad paisley	COUNTRY
today|new christy minstrels	FOLK
toes|zac brown band	COUNTRY
together again|bobby sherman	POP
together again|janet	POP,RNB
together alone|melanie	POP,FOLK
together forever|rick astley	POP,ROCK,ELECTRONIC
together we can make such sweet music|spinners	RNB,ELECTRONIC
together|intruders	RNB,ELECTRONIC
together|tierra	RNB
tom sawyer|rush	ROCK,METAL
tomboy|ronnie dove	POP
tomorrow a better you better me|quincy jones with tevin campbell	RNB,ELECTRONIC,POP
tomorrow never comes|b j thomas	POP,FOLK
tomorrow tomorrow|bee gees	POP,ELECTRONIC
tomorrow|chris young	COUNTRY
tomorrow|strawberry alarm clock	POP,ROCK,FOLK
tongue in cheek|sugarloaf	POP,ROCK
tongue tied|grouplove	POP,ROCK
tonight i wanna be your man|andy griggs	COUNTRY
tonight i wanna cry|keith urban	COUNTRY
tonight is the night|le click	ELECTRONIC
tonight is the night|outasight	HIP_HOP,RNB
tonight looks good on you|jason aldean	COUNTRY
tonight she comes|cars	POP,ROCK,ELECTRONIC,FOLK
tonight tonight tonight|genesis	POP,ROCK
tonight tonight|bill champlin	POP
tonight tonight|hot chelle rae	POP,HIP_HOP,PUNK
tonight tonight|smashing pumpkins	POP,ROCK,METAL
tonight|def leppard	ROCK,METAL
tonight|jonas brothers	POP
tonight|kool and the gang	RNB,ELECTRONIC
tonight|new kids on the block	POP
tonight|raspberries	POP,ROCK
tonight|whispers	ROCK,RNB,ELECTRONIC
tonite|dj quik	POP,HIP_HOP,RNB,PUNK
tony rome|nancy sinatra	POP,FOLK
too bad|nickelback	ROCK,METAL
too beautiful to last|engelbert humperdinck	POP
too blind to see it|kym sims	ELECTRONIC
too busy thinking about my baby|marvin gaye	RNB
too close|alex clare	ROCK
too close|next	POP,HIP_HOP,RNB
too experienced|eddie lovette	POP,ROCK
too gone too long|en vogue	POP,RNB
too good at goodbyes|sam smith	POP
too hot ta trot|commodores	POP,RNB,ELECTRONIC
too hot to hold|major lance	POP,RNB
too hot to stop pt 1|bar kays	POP,RNB,ELECTRONIC
too hot|coolio	HIP_HOP,RNB
too hot|kool and the gang	RNB,ELECTRONIC
too hot|loverboy	POP,ROCK,METAL
too late for goodbyes|julian lennon	POP
too late to say goodbye|richard marx	POP,ROCK
too late to turn back now|cornelius brothers and sister rose	RNB
too late too soon|jon secada	POP
too late|journey	POP,ROCK
too late|tavares	RNB,ELECTRONIC
too little too late|barenaked ladies	POP,ROCK
too many fish in the sea|marvelettes	POP,RNB
too many rappers|beastie boys featuring nas	HIP_HOP,PUNK,ROCK
too many rivers|brenda lee	POP,ROCK,COUNTRY,JAZZ
too many walls|cathy dennis	POP,ELECTRONIC
too much heaven|bee gees	POP,ELECTRONIC
too much information|duran duran	POP,ROCK,ELECTRONIC
too much of a good thing|alan jackson	COUNTRY
too much passion|smithereens	POP,ROCK,ELECTRONIC
too much talk|paul revere and the raiders featuring mark lindsay	POP,ROCK,PUNK,FOLK
too much time on my hands|styx	POP,ROCK
too much to ask|niall horan	POP
too much|drake	RNB,POP,HIP_HOP
too much|spice girls	POP
too shy|kajagoogoo	POP,ROCK,ELECTRONIC
too slow|impressions	POP,RNB
too soon to know|roy orbison	CLASSICAL,POP,ROCK,FOLK
too tight|confunkshun	RNB,ELECTRONIC
too weak to fight|clarence carter	RNB
too young to fall in love|motley crue	ROCK,METAL
too young|donny osmond	POP,SOUNDTRACK
took his time|lil wayne	POP,HIP_HOP
took the last train|david gates	POP
toothbrush|dnce	POP
top back|t i	POP,HIP_HOP
top forty|sha na na	SOUNDTRACK
top of the world|carpenters	POP,FOLK
top of the world|lynn anderson	COUNTRY
top of the world|tim mcgraw	COUNTRY
top of the world|van halen	ROCK,METAL
topanga|trippie redd	HIP_HOP
torn between two lovers|mary macgregor	POP
tornado|little big town	COUNTRY
torn|letoya	POP,RNB
torn|natalie imbruglia	POP
torture|jacksons	RNB,ELECTRONIC
toss up|n2deep	HIP_HOP
tossing and turning|ivy league	ROCK
total eclipse of the heart|bonnie tyler	POP,ELECTRONIC
totally hot|olivia newton john	POP,ROCK
touch a four leaf clover|atlantic starr	RNB,ELECTRONIC
touch a hand make a friend|staple singers	RNB
touch and gone|gary wright	POP,ROCK,COUNTRY
touch and go|al wilson	RNB
touch and go|cars	POP,ROCK,ELECTRONIC,FOLK
touch and go|emerson lake and powell	ROCK
touch it|busta rhymes	POP,HIP_HOP,PUNK
touch it|monifah	POP,RNB
touch me i want your body|samantha fox	POP,ELECTRONIC
touch me in the morning|diana ross	POP,RNB,ELECTRONIC
touch me tonight|shooting star	ROCK
touch me|doors	ROCK
touch me|solo	RNB
touch my body|mariah carey	POP,RNB
touch of grey|grateful dead	ROCK,FOLK
touch of you|brenda and the tabulations	RNB
touch the fire|icehouse	POP,ROCK,ELECTRONIC
touch the sky|kanye west featuring lupe fiasco	HIP_HOP
touchin on my|3oh 3	POP,HIP_HOP,PUNK
touch|omarion	POP,HIP_HOP,RNB
touch|supremes	POP,RNB,ELECTRONIC,FOLK
tough all over|john cafferty and the beaver brown band	ROCK
tough little boys|gary allan	COUNTRY
tough|craig morgan	COUNTRY
tour|capleton	ROCK,ELECTRONIC
toxic waste|trippie redd	HIP_HOP
toxicity|system of a down	ROCK,METAL
toxic|britney spears	POP
toy soldiers|martika	POP,ROCK
tracks of my tears|aretha franklin	RNB
tracks of my tears|johnny rivers	POP,ROCK,FOLK
tracks of my tears|linda ronstadt	POP,ROCK,COUNTRY,FOLK
tracks of my tears|miracles	POP,ROCK,RNB
trading places|usher	POP,HIP_HOP,RNB
tragedy|bee gees	POP,ELECTRONIC
tragedy|brian hyland	POP,ROCK,RNB,FOLK
trailerhood|toby keith	COUNTRY
train food|xxxtentacion	HIP_HOP,EMO
train of thought|cher	POP,SOUNDTRACK
train train|blackfoot	ROCK,RNB,COUNTRY
trains and boats and planes|dionne warwick	POP,RNB,ELECTRONIC
tramp|lowell fulsom	RNB
tramp|otis and carla	RNB
trap queen|fetty wap	POP,HIP_HOP
trapped by a thing called love|denise lasalle	RNB
trauma|meek mill	POP,HIP_HOP
traveller|chris stapleton	COUNTRY
treasure|brothers johnson	RNB,ELECTRONIC
treasure|bruno mars	POP
treat her like a lady|cornelius brothers and sister rose	RNB
treat her like a lady|joe	POP,RNB
treat her like a lady|temptations	RNB
treat me right|pat benatar	POP,ROCK,ELECTRONIC
treat you better|shawn mendes	POP
tribute right on|pasadenas	RNB
trickle trickle|manhattan transfer	POP,JAZZ
tricky tricky|lou bega	LATIN
tried to love|peter frampton	POP,ROCK,RNB,COUNTRY,FOLK
trip|ella mai	POP,HIP_HOP,RNB
troglodyte cave man|jimmy castor bunch	RNB
troubadour|george strait	COUNTRY
trouble down here below|lou rawls	POP,RNB,ELECTRONIC,JAZZ
trouble in paradise|jarreau	POP,RNB,JAZZ
trouble man|marvin gaye	RNB
trouble me|10 000 maniacs	POP,ELECTRONIC,FOLK
trouble with girls|scotty mccreery	COUNTRY
troublemaker|akon featuring sweet rush	POP,HIP_HOP
trouble|lindsey buckingham	POP,ROCK
trouble|p nk	POP
truck yeah|tim mcgraw	COUNTRY
true blue love|lou gramm	POP,ROCK
true blue|madonna	POP
true colors|cyndi lauper	POP,ROCK,ELECTRONIC
true colors|weeknd	POP,HIP_HOP,RNB
true companion|marc cohn	POP,FOLK
true faith|new order	POP,ROCK,ELECTRONIC,PUNK
true grit|glen campbell	POP,COUNTRY,FOLK
true love goes on and on|burl ives	POP,FOLK
true love ways|mickey gilley	COUNTRY
true love ways|peter and gordon	POP,ROCK,RNB,FOLK
true love|glenn frey	POP,ROCK,FOLK
true|ryan cabrera	POP
true|spandau ballet	POP,ROCK,ELECTRONIC
truly madly deeply|savage garden	POP
truly|lionel richie	POP,RNB,ELECTRONIC
trumpets|jason derulo	POP,HIP_HOP
trust me|cindy bullens	SOUNDTRACK
trust|justin bieber	POP
truth about men|tracy byrd	COUNTRY
truth is|fantasia	POP,RNB
truth|jason aldean	COUNTRY
try a little kindness|glen campbell	POP,COUNTRY,FOLK
try a little tenderness|otis redding	RNB
try a little tenderness|three dog night	POP,ROCK,RNB,COUNTRY,FOLK
try again|aaliyah	POP,HIP_HOP,RNB
try everything|shakira	POP,LATIN
try it baby|marvin gaye	RNB
try it on my own|whitney houston	POP
try it|ohio express	POP,FOLK
try me i know we can make it|donna summer	POP,RNB,ELECTRONIC
try me|dej loaf	POP,HIP_HOP,RNB
try me|jimmy hughes	RNB
try me|weeknd	POP,HIP_HOP,RNB
try sleeping with a broken heart|alicia keys	POP,RNB
try to find me|gorky park	ROCK
try to remember|brothers four	POP,FOLK
try to remember|ed ames	POP
try to remember|roger williams	POP
trying to hold on to my woman|lamont dozier	RNB
trying to make a fool of me|delfonics	RNB,ELECTRONIC
trying to stop your leaving|dierks bentley	COUNTRY
try|colbie caillat	POP
try|p nk	POP
tsop the sound of philadelphia|mfsb featuring the three degrees	RNB,ELECTRONIC
ttylxox|bella thorne	POP
tubthumping|chumbawamba	PUNK
tuesday afternoon forever afternoon|moody blues	POP,ROCK,FOLK
tuff enuff|fabulous thunderbirds	ROCK,RNB,COUNTRY
tulsa|billy joe royal	POP,ROCK,FOLK
tumbling dice|linda ronstadt	POP,ROCK,COUNTRY,FOLK
tumbling dice|rolling stones	ROCK,PUNK
tunnel of love|bruce springsteen	POP,ROCK,FOLK
tunnel vision|kodak black	HIP_HOP
tupelo honey|van morrison	POP,ROCK,FOLK
turn and walk away|babys	POP,ROCK
turn around look at me|vogues	POP,ROCK,RNB,FOLK
turn around|neil diamond	POP,ROCK,FOLK
turn back the hands of time|tyrone davis	RNB
turn back the pages|stephen stills	POP,ROCK,RNB,COUNTRY,FOLK
turn down day|cyrkle	POP,ROCK,FOLK
turn me loose|loverboy	POP,ROCK,METAL
turn off the lights|teddy pendergrass	RNB,ELECTRONIC
turn off the light|nelly furtado	POP,LATIN
turn on a dream|box tops	POP,ROCK,FOLK
turn on the lights|future	POP,HIP_HOP
turn on your love light|human beinz	ROCK
turn on your love light|jerry lee lewis	POP,ROCK,COUNTRY
turn on your love light|oscar toney jr	RNB
turn on your radar|prism	ROCK
turn the beat around|vicki sue robinson	ELECTRONIC
turn the night up|enrique iglesias	POP,LATIN
turn the world around|eddy arnold	COUNTRY
turn to stone|electric light orchestra	POP,ROCK,FOLK
turn to stone|joe walsh	POP,ROCK,RNB,COUNTRY,FOLK
turn turn turn to everything there is a season|byrds	POP,ROCK,RNB,COUNTRY,FOLK
turn turn turn to everything there is a season|judy collins	POP,FOLK
turn up the music|chris brown	POP,HIP_HOP,RNB
turn up the radio|autograph	ROCK,METAL
turn your love around|george benson	POP,RNB,ELECTRONIC,JAZZ
turn your radio on|ray stevens	POP,COUNTRY
turned away|chuckii booker	RNB
turning japanese|vapors	POP,ROCK,ELECTRONIC
turning tables|adele	POP,RNB
tuscan leather|drake	POP,HIP_HOP
tush|zz top	ROCK,RNB,METAL
tusk|fleetwood mac	POP,ROCK
twang|george strait	COUNTRY
twelfth of never|donny osmond	POP,SOUNDTRACK
twelve thirty young girls are coming to the canyon|mamas and the papas	POP,ROCK,FOLK
twenty five miles|edwin starr	RNB
twilight world|swing out sister	POP,ROCK
twilight zone twilight tone|manhattan transfer	POP,JAZZ
twilight zone|2 unlimited	POP,ELECTRONIC
twilight zone|golden earring	POP,ROCK
twilight|electric light orchestra	POP,ROCK,FOLK
twinkle toes|roy orbison	POP,ROCK,FOLK
twist my arm|pointer sisters	POP,RNB,ELECTRONIC
twist of fate|olivia newton john	POP,ELECTRONIC,SOUNDTRACK
twisted transistor|korn	ROCK,HIP_HOP,METAL
twisted|keith sweat	POP,RNB
twist|fat boys	HIP_HOP,ELECTRONIC
two birds one stone|drake	POP,HIP_HOP
two bit manchild|neil diamond	POP,ROCK,FOLK
two black cadillacs|carrie underwood	POP,COUNTRY
two divided by love|grass roots	POP,ROCK,RNB,COUNTRY,FOLK
two doors down|dolly parton	COUNTRY
two fine people|cat stevens	POP,ROCK,FOLK
two hearts|phil collins	POP
two lane highway|pure prairie league	POP,ROCK,COUNTRY,FOLK
two less lonely people in the world|air supply	POP
two little kids|peaches and herb	RNB,ELECTRONIC
two night town|jason aldean	COUNTRY
two occasions|deele	RNB,ELECTRONIC
two people fell in love|brad paisley	COUNTRY
two people|tina turner	POP,ELECTRONIC
two places at the same time|ray parker jr and raydio	POP,RNB,ELECTRONIC
two princes|spin doctors	POP,ROCK
two sides of love|sammy hagar	POP,ROCK,METAL
two teardrops|steve wariner	COUNTRY
two tickets to paradise|eddie money	POP,ROCK,COUNTRY,FOLK
two tribes|frankie goes to hollywood	POP,ROCK,ELECTRONIC
two wrongs|wyclef jean featuring claudette ortiz	POP,HIP_HOP
type of way|rich homie quan	HIP_HOP
typical male|tina turner	POP,ELECTRONIC
u already know|112 featuring foxy brown	POP,HIP_HOP,RNB
u got it bad|usher	POP,HIP_HOP,RNB
u got the look|prince	RNB
u make me wanna|jadakiss featuring mariah carey	POP,RNB,HIP_HOP,PUNK
u n i t y|queen latifah	POP,HIP_HOP,SOUNDTRACK
u remind me|usher	POP,HIP_HOP,RNB
u s male|elvis presley with the jordanaires	ROCK
u s of a|donna fargo	COUNTRY
u smile|justin bieber	POP
u understand|juvenile	POP,HIP_HOP
u ur hand|p nk	POP
u with me|drake	POP,HIP_HOP
uber everywhere|madeintyo	HIP_HOP
ugly|bubba sparxxx	HIP_HOP,COUNTRY
uh huh|b2k	POP,HIP_HOP,RNB
uhh ahh|boyz ii men	POP,RNB
ulay oh|how i became the bomb	POP
ultralight beam|kanye west	HIP_HOP
ultraviolence|lana del rey	POP
uma thurman|fall out boy	ROCK,PUNK,EMO
umbrella|rihanna featuring jay z	HIP_HOP,POP,RNB
umma do me|rocko	HIP_HOP
un break my heart|toni braxton	POP,RNB
unappreciated|cherish	POP,HIP_HOP,RNB
unbelievable|diamond rio	COUNTRY
unbelievable|emf	POP
unborn child|seals and crofts	POP,ROCK,COUNTRY,FOLK
unbroken|tim mcgraw	COUNTRY
unchained melody|heart	POP
unchained melody|righteous brothers	POP,ROCK,RNB,FOLK
unchained melody|sweet inspirations	POP,RNB
unconditional love|donna summer	POP,RNB,ELECTRONIC
unconditionally|katy perry	POP
undefeated|jason derulo	POP,HIP_HOP
under and over it|five finger death punch	ROCK,METAL
under my wheels|alice cooper	ROCK,RNB,PUNK,METAL
under the boardwalk|bruce willis	SOUNDTRACK
under the boardwalk|drifters	POP,ROCK,RNB,FOLK
under the bridge|red hot chili peppers	ROCK,RNB,METAL
under the covers|janis ian	POP,FOLK
under the gun|poco	POP,ROCK,COUNTRY,FOLK
under the milky way|church	POP,ROCK,ELECTRONIC,PUNK
under your spell again|johnny rivers	POP,ROCK,FOLK
undercover of the night|rolling stones	ROCK,PUNK
underneath the radar|underworld	ELECTRONIC
underneath the tree|kelly clarkson	POP
underneath your clothes|shakira	POP,LATIN
understand your man|johnny cash	COUNTRY
understanding|bob seger	POP,ROCK,FOLK
understanding|xscape	POP,HIP_HOP,RNB
under|pleasure p	POP,HIP_HOP,RNB
undo it|carrie underwood	POP,COUNTRY
undone the sweater song|weezer	POP,ROCK,PUNK
undun|guess who	POP,ROCK,RNB,COUNTRY,FOLK
uneasy rider|charlie daniels	ROCK,COUNTRY
unfaithful|rihanna	POP,RNB
unforgettable|natalie cole	POP,RNB,ELECTRONIC,JAZZ
unforgettable|thomas rhett	COUNTRY
unforgiven ii|metallica	ROCK,METAL
unforgiven|metallica	ROCK,METAL
ungena za ulimwengu unite the world|temptations	RNB
unica|ozuna	HIP_HOP,LATIN
unicorn|irish rovers	FOLK
union of the snake|duran duran	POP,ROCK,ELECTRONIC
united together|aretha franklin	RNB
united we stand|brotherhood of man	POP
united|peaches and herb	RNB,ELECTRONIC
universal heart beat|juliana hatfield	POP,ROCK
universal soldier|donovan	POP,ROCK,PUNK,FOLK
universal soldier|glen campbell	POP,COUNTRY,FOLK
unknown soldier|doors	ROCK
unpretty|tlc	POP,HIP_HOP,RNB
unsent|alanis morissette	POP,ROCK,FOLK
unskinny bop|poison	ROCK,METAL
unsteady|x ambassadors	POP,ROCK
until i find you again|richard marx	POP,ROCK
until it sleeps|metallica	ROCK,METAL
until the end of time|2pac	HIP_HOP,RNB
until the end of time|foreigner	POP,ROCK
untouchable|eminem	HIP_HOP,RNB
untouchable|taylor swift	POP
untouchable|youngboy never broke again	HIP_HOP
untouched|veronicas	POP
unusually unusual|lonestar	COUNTRY
unwell|matchbox twenty	POP,ROCK
unwind|ray stevens	POP,COUNTRY
unwritten|natasha bedingfield	POP
up all night|blink 182	PUNK
up all night|drake featuring nicki minaj	POP,HIP_HOP
up all night|jon pardi	COUNTRY
up all night|slaughter	ROCK,METAL
up and down|mccoys	POP,ROCK,FOLK
up for the down stroke|parliament	RNB,ELECTRONIC
up from the skies|jimi hendrix experience	ROCK,RNB
up hard|willie mitchell	RNB
up jumps da boogie|magoo and timbaland	POP
up on cripple creek|band	POP,ROCK,RNB,COUNTRY,FOLK
up on the ridge|dierks bentley	COUNTRY
up on the roof|james taylor	POP,ROCK,FOLK
up on the roof|laura nyro	POP,FOLK
up out my face|mariah carey featuring nicki minaj	POP,RNB
up the creek without a paddle|temptations	RNB
up the ladder to the roof|supremes	POP,RNB,ELECTRONIC,FOLK
up tight|ramsey lewis	RNB,JAZZ
up to the mountain|crystal bowersox	POP
up up and away|hugh masekela	POP,JAZZ
upgrade u|beyonce featuring jay z	HIP_HOP,POP,RNB
uprising|muse	ROCK
uproar|lil wayne	POP,HIP_HOP
ups and downs|paul revere and the raiders	POP,ROCK,PUNK,FOLK
upside down|diana ross	POP,RNB,ELECTRONIC
upside down|jack johnson	POP
uptown girl|billy joel	POP,ROCK,FOLK
urgent|foreigner	POP,ROCK
use me|bill withers	RNB
use somebody|kings of leon	ROCK
use your heart|swv	POP,HIP_HOP,RNB
used 2|lil wayne	POP,HIP_HOP
used to be|charlene and stevie wonder	RNB
used to love u|john legend	POP,RNB
used to love you sober|kane brown	COUNTRY
used to love you|gwen stefani	POP
v 3005|childish gambino	POP,HIP_HOP
v s o p|k michelle	POP,RNB
va va voom|nicki minaj	POP,HIP_HOP
vado via|drupi	POP
valerie|steve winwood	POP,ROCK,ELECTRONIC,FOLK
valleri|monkees	POP,ROCK,FOLK
valley girl|frank zappa	ROCK,PUNK,JAZZ
valotte|julian lennon	POP
vanilla twilight|owl city	POP
vanity kills|abc	POP,ROCK,ELECTRONIC
vans|pack	HIP_HOP
variety tonight|reo speedwagon	POP,ROCK,FOLK
vaya con dios|drifters	POP,ROCK,RNB,FOLK
vaya con dios|freddy fender	POP,COUNTRY
velcro fly|zz top	ROCK,RNB,METAL
vengeance|carly simon	POP,FOLK
ventura highway|america	POP,ROCK,COUNTRY,FOLK
venus|bananarama	POP,ROCK,ELECTRONIC
venus|frankie avalon	POP,ROCK,RNB
venus|lady gaga	POP
venus|shocking blue	POP,ROCK,FOLK
veronica|elvis costello	POP,ROCK,ELECTRONIC,FOLK
versace on the floor|bruno mars	POP
versace|migos	POP,HIP_HOP
vertigo|khalid	POP
vertigo|u2	ROCK
very best in you|change	RNB,ELECTRONIC
very last time|utopia	ROCK
vibeology|paula abdul	POP
vice|miranda lambert	COUNTRY
victim of love|bryan adams	POP,ROCK,FOLK
victim of love|elton john	POP,ROCK
victorious|panic at the disco	ROCK,PUNK,EMO,CLASSICAL
victory|kool and the gang	RNB,ELECTRONIC
video games|lana del rey	POP
video killed the radio star|buggles	POP,ROCK,ELECTRONIC
video|india arie	RNB
vienna calling|falco	POP,ROCK
ville mentality|j cole	HIP_HOP
violent crimes|kanye west	HIP_HOP
violet hill|coldplay	POP,ROCK
virgin man|smokey robinson	RNB,ELECTRONIC
vision of love|mariah carey	POP,RNB
visitors|abba	POP
vitamin r leading us along|chevelle	ROCK,HIP_HOP,METAL
viva la vida|coldplay	POP,ROCK
viva las vegas|elvis presley	ROCK
vivir mi vida|marc anthony	LATIN
vogue|madonna	POP
voice within|christina aguilera	POP
voice your choice|radiants	RNB
voices of babylon|outfield	POP,ROCK
voices|cheap trick	POP,ROCK,ELECTRONIC,METAL
voices|chris young	COUNTRY
voice|moody blues	POP,ROCK,FOLK
volare|al martino	POP
volcano|jimmy buffett	POP,FOLK
voo doo|rachel sweet	ROCK
voulez vous|abba	POP
vow|garbage	POP,ROCK,ELECTRONIC
vox humana|kenny loggins	POP,ROCK
voyeur|kim carnes	POP
vulnerable|secondhand serenade	POP,ROCK,PUNK
wade in the water|herb alpert and the tijuana brass	POP
wade in the water|ramsey lewis	RNB,JAZZ
wagon wheel|darius rucker	POP,COUNTRY
wait a minute|pussycat dolls featuring timbaland	POP,HIP_HOP,RNB
wait for me|daryl hall john oates	POP,ROCK,FOLK
wait on love|michael bolton	POP
wait the whisper song|ying yang twins	POP,HIP_HOP
waiting at the bus stop|bobby sherman	POP
waiting for a girl like you|foreigner	POP,ROCK
waiting for a star to fall|boy meets girl	POP
waiting for superman|daughtry	POP,ROCK,METAL
waiting for that day|george michael	POP,ELECTRONIC
waiting for the end|linkin park	ROCK,METAL
waiting for tonight|jennifer lopez	POP,HIP_HOP,RNB
waiting for wednesday|lisa loeb and nine stories	POP
waiting for your love|toto	POP,ROCK
waiting for you|seal	POP,RNB
waiting game|swing out sister	POP,ROCK
waiting on a friend|rolling stones	ROCK,PUNK
waiting on the world to change|john mayer	POP,FOLK
waiting|tom petty and the heartbreakers	POP,ROCK,FOLK
wait|maroon 5	POP
wait|white lion	ROCK,METAL
wake me up before you go go|wham	POP,ROCK,RNB,ELECTRONIC
wake me up when september ends|green day	ROCK,PUNK
wake me up|avicii	POP,ELECTRONIC
wake up and be somebody|brainstorm	RNB
wake up call|maroon 5	POP
wake up everybody part 1|harold melvin and the blue notes	RNB,ELECTRONIC
wake up next to you|graham parker and the shot	POP,ROCK,COUNTRY,FOLK
wake up susan|spinners	RNB,ELECTRONIC
wake up|fetty wap	POP,HIP_HOP
wake up|hilary duff	POP
wake up|travis scott	POP,HIP_HOP
waking up in vegas|katy perry	POP
walk a little straighter|billy currington	COUNTRY
walk away from love|david ruffin	RNB,ELECTRONIC
walk away renee|four tops	POP,RNB,ELECTRONIC,FOLK
walk away renee|left banke	POP,ROCK,FOLK,CLASSICAL
walk away renee|southside johnny and the jukes	ROCK
walk away|donna summer	POP,RNB,ELECTRONIC
walk away|james gang	POP,ROCK,RNB,COUNTRY,FOLK
walk away|kelly clarkson	POP
walk away|matt monro	POP
walk easy my son|jerry butler	POP,RNB,ELECTRONIC
walk in the night|jr walker and the all stars	POP,RNB
walk in the sun|bruce hornsby	POP,ROCK,FOLK
walk it out|unk	POP,HIP_HOP
walk like an egyptian|bangles	POP,ROCK,ELECTRONIC
walk of life|dire straits	POP,ROCK
walk on by|awb	RNB,ELECTRONIC,JAZZ
walk on by|dionne warwick	POP,RNB,ELECTRONIC
walk on by|gloria gaynor	ELECTRONIC
walk on by|isaac hayes	RNB,ELECTRONIC
walk on by|sybil	ELECTRONIC
walk on the ocean|toad the wet sprocket	POP,ROCK
walk on the wild side|lou reed	ROCK,ELECTRONIC,PUNK,FOLK
walk on water|eddie money	POP,ROCK,COUNTRY,FOLK
walk on water|neil diamond	POP,ROCK,FOLK
walk on|neil young	ROCK
walk right in|dr hook	POP,ROCK,COUNTRY,FOLK
walk right now|jacksons	RNB,ELECTRONIC
walk right up to the sun|delfonics	RNB,ELECTRONIC
walk this way|aerosmith	ROCK
walk this way|run d m c	HIP_HOP,PUNK
walk through fire|bad company	POP,ROCK,RNB,FOLK
walk with faith in your heart|bachelors	POP,ROCK
walked outta heaven|jagged edge	POP,HIP_HOP,RNB
walker|fitz and the tantrums	POP,ROCK
walking away|craig david	POP,RNB,ELECTRONIC
walking away|information society	POP,ROCK,ELECTRONIC
walking down your street|bangles	POP,ROCK,ELECTRONIC
walking in l a|missing persons	POP,ROCK,ELECTRONIC
walking in memphis|lonestar	COUNTRY
walking in memphis|marc cohn	POP,FOLK
walking in my shoes|depeche mode	POP,ROCK,ELECTRONIC
walking in my sleep|roger daltrey	ROCK
walking in rhythm|blackbyrds	RNB,ELECTRONIC
walking in the rain|ronettes	POP,ROCK,RNB
walking on a dream|empire of the sun	POP,ROCK,ELECTRONIC,PUNK
walking on a thin line|huey lewis and the news	POP,ROCK,ELECTRONIC,FOLK
walking on air|katy perry	POP
walking on broken glass|annie lennox	POP,FOLK
walking on sunshine|katrina and the waves	POP
walking on the chinese wall|philip bailey	POP
walking on thin ice|yoko ono	POP
walking the dog|rufus thomas	RNB
walking through the country|grass roots	POP,ROCK,RNB,COUNTRY,FOLK
walking|mary mary	RNB
walks like a lady|journey	POP,ROCK
walk|foo fighters	ROCK,METAL
wall to wall|chris brown	POP,HIP_HOP,RNB
walls came down|call	ROCK
wanderer|donna summer	POP,RNB,ELECTRONIC
wanderer|leif garrett	POP
wang dang doodle|ko ko taylor	RNB
wang dang doodle|pointer sisters	POP,RNB,ELECTRONIC
wango tango|ted nugent	ROCK,RNB,METAL
wanksta|50 cent	HIP_HOP
wanna be that song|brett eldredge	COUNTRY
wanna be with you|earth wind and fire	RNB,ELECTRONIC
wanna get to know you|g unit featuring joe	POP,RNB,HIP_HOP,PUNK
wannabe|spice girls	POP
want ads|honey cone	RNB
want to want me|jason derulo	POP,HIP_HOP
want u back|cher lloyd	POP
want you back in my life again|carpenters	POP,FOLK
want you back|5 seconds of summer	POP
want you to know|rotary connection	RNB
wanted dead or alive|bon jovi	ROCK,METAL
wanted lover no experience necessary|laura lee	RNB
wanted man|ratt	ROCK,METAL
wanted you more|lady antebellum	POP,COUNTRY
wanted|hunter hayes	POP,COUNTRY
wanted|jessie james	COUNTRY
war games|crosby stills and nash	POP,ROCK,RNB,COUNTRY,FOLK
war song|culture club	POP,ROCK,ELECTRONIC
warm and tender love|percy sledge	POP,RNB
warm it up|kris kross	HIP_HOP,RNB
warm ride|rare earth	ROCK,RNB
warrior|nelly	POP,HIP_HOP
warrior|scandal featuring patty smyth	POP
war|edwin starr	RNB
was dog a doughnut|cat stevens	POP,ROCK,FOLK
was it good to you|isley brothers	RNB,ELECTRONIC
washed ashore on a lonely island in the sea|platters	POP,ROCK,RNB
washed away|tom cochrane	POP,ROCK,FOLK
wasted days and wasted nights|freddy fender	POP,COUNTRY
wasted on the way|crosby stills and nash	POP,ROCK,RNB,COUNTRY,FOLK
wasted times|weeknd	POP,HIP_HOP,RNB
wasted time|keith urban	COUNTRY
wasted time|skid row	ROCK,METAL
wasted|carrie underwood	POP,COUNTRY
wasteland|10 years	ROCK,HIP_HOP,METAL
wasting all these tears|cassadee pope	POP,COUNTRY,EMO
wasting my time|default	POP,ROCK,METAL
wat u mean aye aye aye|dae dae	HIP_HOP
watch closely now|kris kristofferson	POP,ELECTRONIC,SOUNDTRACK,ROCK,COUNTRY,FOLK
watch her ride|jefferson airplane	ROCK,RNB,FOLK
watch out for lucy|eric clapton and his band	POP,ROCK,RNB
watch out now|beatnuts featuring yellaklaw	HIP_HOP,PUNK
watch out|2 chainz	POP,HIP_HOP
watch the wind blow by|tim mcgraw	COUNTRY
watching airplanes|gary allan	COUNTRY
watching over you|glenn medeiros	POP
watching scotty grow|bobby goldsboro	POP,ROCK,COUNTRY,FOLK
watching the river flow|bob dylan	POP,ROCK,RNB,COUNTRY,FOLK
watching the river run|loggins and messina	POP,ROCK,COUNTRY,FOLK
watching the wheels|john lennon	POP,ROCK,FOLK
watching you|rodney atkins	COUNTRY
watching you|slave	RNB,ELECTRONIC
water runs dry|boyz ii men	POP,RNB
water under the bridge|adele	POP,RNB
waterfalls|tlc	POP,HIP_HOP,RNB
waterfall|carly simon	POP,FOLK
waterfall|wendy and lisa	POP
waterloo|abba	POP
watermelon crawl|tracy byrd	COUNTRY
water|brad paisley	COUNTRY
water|ugly god	HIP_HOP
wave on wave|pat green	COUNTRY
waves|kanye west	HIP_HOP
waves|mr probz	ELECTRONIC
way back home|jr walker and the all stars	POP,RNB
way cool jr|ratt	ROCK,METAL
way down we go|kaleo	ROCK
way down|elvis presley	ROCK
way he makes me feel|barbra streisand	POP,ELECTRONIC,SOUNDTRACK
way i am|charlie puth	POP
way i am|eminem	HIP_HOP,RNB
way i am|ingrid michaelson	POP,ROCK,FOLK
way i feel about you|karyn white	RNB
way i loved you|taylor swift	POP
way i want to touch you|captain and tennille	POP,ELECTRONIC,FOLK
way it is|tesla	ROCK,METAL
way it used to be|engelbert humperdinck	POP
way of life|lil wayne	POP,HIP_HOP
way of love|cher	POP,SOUNDTRACK
way of love|kathy kirby	POP,ROCK
way out here|josh thompson	COUNTRY
way out|j j fad	HIP_HOP,ELECTRONIC
way she loves me|richard marx	POP,ROCK
way that i love you|ashanti	POP,HIP_HOP,RNB
way that you talk|jagged edge featuring da brat and jd	POP,HIP_HOP,RNB
way to your heart|soulsister	POP,ROCK
way we were try to remember|gladys knight and the pips	POP,RNB,ELECTRONIC
way we were|barbra streisand	POP,ELECTRONIC,SOUNDTRACK
way you do the things you do|rita coolidge	POP,FOLK
way you do the things you do|temptations	RNB
way you love me|faith hill	POP,COUNTRY
way you love me|karyn white	RNB
way you make me feel|michael jackson	POP
ways to love a man|tammy wynette	COUNTRY
we all gotta stick together|four tops	POP,RNB,ELECTRONIC,FOLK
we all sleep alone|cher	POP,SOUNDTRACK
we are family|sister sledge	POP,RNB,ELECTRONIC
we are neighbors|chi lites	RNB,ELECTRONIC
we are never ever getting back together|taylor swift	POP
we are the young|dan hartman	ELECTRONIC
we are tonight|billy currington	COUNTRY
we belong together|gavin degraw	POP
we belong together|mariah carey	POP,RNB
we belong|pat benatar	POP,ROCK,ELECTRONIC
we built this city|starship	POP,ROCK,ELECTRONIC
we can fly|cowsills	POP,ROCK,FOLK
we can get together|icehouse	ROCK
we can last forever|chicago	POP,ROCK,FOLK
we can make it baby|originals	RNB
we can work it out|beatles	POP
we can work it out|stevie wonder	RNB
we close our eyes|go west	POP,ROCK,ELECTRONIC
we could be together|debbie gibson	POP
we could|al martino	POP
we danced anyway|deana carter	COUNTRY
we danced|brad paisley	COUNTRY
we dem boyz|wiz khalifa	POP,HIP_HOP
we did it|syl johnson	RNB
we fell in love while dancing|bill brandon	RNB
we fly high|jim jones	HIP_HOP,PUNK
we got a love thang|cece peniston	ELECTRONIC
we got more soul|dyke and the blazers	RNB
we got the winning hand|little milton	RNB
we gotta get out of this place|animals	ROCK,RNB,PUNK,FOLK
we gotta get you a woman|runt	POP,ROCK,RNB,COUNTRY,FOLK
we just disagree|dave mason	POP,ROCK,RNB,COUNTRY,FOLK
we live for love|pat benatar	POP,ROCK,ELECTRONIC
we love you|rolling stones	ROCK,PUNK
we made you|eminem	HIP_HOP,RNB
we may never pass this way again|seals and crofts	POP,ROCK,COUNTRY,FOLK
we need a resolution|aaliyah featuring timbaland	POP,HIP_HOP,RNB
we need order|chi lites	RNB,ELECTRONIC
we never danced to a love song|manhattans	RNB,ELECTRONIC
we own it fast and furious|2 chainz and wiz khalifa	POP,HIP_HOP
we own the night|wanted	POP
we owned the night|lady antebellum	POP,COUNTRY
we r who we r|ke ha	POP,HIP_HOP
we run this|missy elliott	POP,HIP_HOP,RNB
we should be sleeping|eddie money	POP,ROCK,COUNTRY,FOLK
we the people|a tribe called quest	HIP_HOP,PUNK
we trying to stay alive|wyclef jean featuring refugee allstars	POP,HIP_HOP
we two|little river band	POP,ROCK,COUNTRY,FOLK
we want the funk|gerardo	POP
we went|randy houser	COUNTRY
we were always sweethearts|boz scaggs	POP,ROCK,COUNTRY,FOLK
we will become silhouettes|postal service	POP,ROCK,FOLK
we will rock you|warrant	ROCK,METAL
weak and powerless|a perfect circle	ROCK,HIP_HOP,METAL
weak|ajr	POP,ROCK
weak|swv	POP,HIP_HOP,RNB
weapons of love|truth	ROCK
wear it on our face|dells	RNB,ELECTRONIC
wear this ring with love|detroit emeralds	RNB
wear your love like heaven|donovan	POP,ROCK,PUNK,FOLK
wedding bell blues|5th dimension	POP,RNB,FOLK
wedding cake|connie francis	POP,ROCK,RNB
wedding song there is love|paul stookey	FOLK
wedding song there is love|petula clark	POP,ROCK,FOLK
weekend in new england|barry manilow	POP,RNB,ELECTRONIC
weekend lover|odyssey	POP,ELECTRONIC
weekend thang|alfonzo hunter	RNB
weekend|brantley gilbert	COUNTRY
weekend|sza	POP,HIP_HOP
weekend|wet willie	ROCK,COUNTRY
weight|aretha franklin	RNB
weight|band	POP,ROCK,RNB,COUNTRY,FOLK
weight|jackie deshannon	POP,ROCK,FOLK
weight|supremes and temptations	POP,RNB
weird science|oingo boingo	POP,ROCK,ELECTRONIC
welcome back|mase	POP,HIP_HOP,RNB,PUNK
welcome home|walter jackson	RNB
welcome to my life|simple plan	POP,ROCK,PUNK
welcome to my nightmare|alice cooper	ROCK,RNB,PUNK,METAL
welcome to new york|taylor swift	POP
welcome to our world of merry music|mass production	RNB,ELECTRONIC
welcome to paradise|john waite	POP,ROCK
welcome to the black parade|my chemical romance	PUNK,EMO
welcome to the future|brad paisley	COUNTRY
welcome to the real world|jane child	POP
welcome to the world|kevin rudolf featuring rick ross	POP,HIP_HOP
well all right|santana	ROCK,RNB
wendy|beach boys	POP,ROCK,FOLK,CLASSICAL
werewolves of london|warren zevon	POP,ROCK,COUNTRY,FOLK
west coast|lana del rey	POP
west end girls|pet shop boys	POP,ROCK,ELECTRONIC
west side story|lfo	POP
west up|wc and the maad circle	HIP_HOP,RNB,PUNK
western union|five americans	POP,ROCK
weston road flows|drake	POP,HIP_HOP
westside story|game featuring 50 cent	HIP_HOP
westside|tq	RNB
wet dreamz|j cole	HIP_HOP
wet my whistle|midnight star	RNB,ELECTRONIC
wham bam shang a lang|silver	COUNTRY
what a catch donnie|fall out boy	ROCK,PUNK,EMO
what a fool believes|doobie brothers	POP,ROCK,RNB,COUNTRY,FOLK
what a girl wants|christina aguilera	POP
what a man my man is|lynn anderson	COUNTRY
what a shame|foghat	POP,ROCK,RNB,COUNTRY
what a wonderful world|louis armstrong	POP,JAZZ
what about love|austin mahone	POP
what about love|heart	POP,ROCK
what about me|moving pictures	ROCK
what about me|quicksilver messenger service	ROCK,RNB,COUNTRY,FOLK
what about now|daughtry	POP,ROCK,METAL
what about now|lonestar	COUNTRY
what about us|brandy	POP,HIP_HOP,RNB
what about us|p nk	POP
what about your friends|tlc	POP,HIP_HOP,RNB
what am i crying for|dennis yost and the classics iv	POP,ROCK,FOLK
what am i going to do without your love|martha and the vandellas	POP,ROCK,RNB,ELECTRONIC
what am i gonna do with you|barry white	POP,RNB,ELECTRONIC
what am i gonna do|tyrese	POP,HIP_HOP,RNB
what am i living for|percy sledge	POP,RNB
what are you so afraid of|xxxtentacion	HIP_HOP,EMO
what becomes of the brokenhearted|jimmy ruffin	POP,RNB
what can i do for you|labelle	RNB,ELECTRONIC
what can i do with this broken heart|england dan and john ford coley	POP,FOLK
what can i say|boz scaggs	POP,ROCK,COUNTRY,FOLK
what do i know|ed sheeran	POP
what do ya think about that|montgomery gentry	COUNTRY
what do you mean|justin bieber	POP
what do you say to that|george strait	COUNTRY
what do you say|reba	COUNTRY
what do you want|jerrod niemann	COUNTRY
what does it take to win your love|jr walker and the all stars	POP,RNB
what does it take|honeymoon suite	POP,ROCK,METAL
what goes up must come down|tyrone davis	RNB
what goes up|alan parsons project	POP,ROCK
what good am i without you|marvin gaye and kim weston	RNB
what happened to that boy|baby featuring clipse	HIP_HOP,PUNK
what have i got of my own|trini lopez	POP,ROCK
what have they done to the rain|searchers	POP,ROCK,FOLK
what have you done for me lately|janet jackson	POP,RNB
what hurts the most|cascada	POP,HIP_HOP,ELECTRONIC
what hurts the most|rascal flatts	COUNTRY
what i am|edie brickell and new bohemians	POP,FOLK
what i like about you|romantics	POP,ROCK,ELECTRONIC
what i need to do|kenny chesney	COUNTRY
what i need|crystal waters	ELECTRONIC
what i really meant to say|cyndi thomson	COUNTRY
what if a woman|joe	POP,RNB
what if i said|anita cochran duet with steve wariner	COUNTRY
what if|colbie caillat	POP
what if|jason derulo	POP,HIP_HOP
what if|reba mcentire	COUNTRY
what in the name of love|naked eyes	POP,ROCK,ELECTRONIC
what is a man|four tops	POP,RNB,ELECTRONIC,FOLK
what is hip|tower of power	RNB,JAZZ
what is it|baby bash featuring sean kingston	POP,HIP_HOP,RNB
what is life|george harrison	POP,ROCK,FOLK
what is love|haddaway	POP,ELECTRONIC
what is love|howard jones	POP,ROCK,ELECTRONIC
what is truth|johnny cash	COUNTRY
what it comes down to|isley brothers	RNB,ELECTRONIC
what it feels like for a girl|madonna	POP
what it is|undisputed truth	RNB,ELECTRONIC
what it takes|aerosmith	ROCK
what kind of fool am i|rick springfield	POP,ROCK,ELECTRONIC
what kind of fool do you think i am|tams	RNB
what kind of man would i be|chicago	POP,ROCK,FOLK
what kind of man would i be|mint condition	POP,RNB
what kind of man|florence the machine	POP,CLASSICAL
what kinda gone|chris cagle	COUNTRY
what love is|marty balin	POP
what makes you beautiful|one direction	POP
what mattered most|ty herndon	COUNTRY
what might have been|little texas	COUNTRY
what now my love|herb alpert and the tijuana brass	POP
what now my love|sonny and cher	POP,ROCK,FOLK
what now|gene chandler	POP,RNB
what now|rihanna	POP,RNB
what the hell|avril lavigne	POP
what the water gave me|florence the machine	POP,CLASSICAL
what the world needs now is love|dionne warwick and the hip hop nation united	POP,RNB,ELECTRONIC
what the world needs now is love|jackie deshannon	POP,ROCK,FOLK
what the world needs|wynonna	COUNTRY
what they do|roots	HIP_HOP,RNB,PUNK
what they want|russ	POP,HIP_HOP
what time is it|high school musical 2 cast	POP,SOUNDTRACK
what u see is what u get|xzibit	HIP_HOP,RNB,PUNK
what we do|freeway featuring jay z and beanie sigel	HIP_HOP,PUNK,POP
what would happen|meredith brooks	POP
what would you do|city high	POP
what would you do|isley brothers featuring ronald isley	RNB,ELECTRONIC
what you gave me|marvin gaye and tammi terrell	RNB
what you get is what you see|tina turner	POP,ELECTRONIC
what you give|tesla	ROCK,METAL
what you know|t i	POP,HIP_HOP
what you need|inxs	POP,ROCK,RNB,ELECTRONIC
what you see is what you get|stoney and meatloaf	POP,ROCK
what you waiting for|gwen stefani	POP
what you want|evanescence	ROCK,METAL
whataya want from me|adam lambert	POP
whatcha gonna do|chilliwack	ROCK
whatcha gonna do|pablo cruise	POP,ROCK,COUNTRY,FOLK
whatcha say|jason derulo	POP,HIP_HOP
whatcha see is whatcha get|dramatics	RNB,ELECTRONIC
whatcha wanna do|mia x featuring charlie wilson	POP,HIP_HOP
whateva man|redman	HIP_HOP,PUNK
whatever happened to benny santini|chris rea	POP,ROCK,RNB
whatever happened to old fashioned love|b j thomas	POP,FOLK
whatever it is|zac brown band	COUNTRY
whatever it takes to make you stay|troop	POP,RNB
whatever it takes|imagine dragons	ROCK
whatever it takes|lifehouse	POP,ROCK,METAL
whatever you decide|randy vanwarmer	POP
whatever you got i want|jackson 5	RNB
whatever you like|t i	POP,HIP_HOP
whatever you say|martina mcbride	COUNTRY
whatever you want|tony toni tone	POP,HIP_HOP,RNB
whatever|en vogue	POP,RNB
whatta man|salt n pepa featuring en vogue	POP,HIP_HOP,ELECTRONIC,RNB
wheel in the sky|journey	POP,ROCK
wheel of hurt|margaret whiting	POP,JAZZ
wheels of fortune|doobie brothers	POP,ROCK,RNB,COUNTRY,FOLK
wheels of life|gino vannelli	POP,ROCK
wheels|foo fighters	ROCK,METAL
when a man loves a woman|bette midler	POP
when a man loves a woman|michael bolton	POP
when a man loves a woman|percy sledge	POP,RNB
when a woman loves a man|esther phillips	RNB
when all is said and done|abba	POP
when boy meets girl|total	POP,HIP_HOP,RNB
when can i see you|babyface	POP,RNB
when doves cry|prince	RNB
when he shines|sheena easton	POP,ROCK
when i close my eyes|shanice	POP,RNB
when i die|no mercy	POP,ELECTRONIC
when i dream|crystal gayle	POP,COUNTRY
when i fall in love|natalie cole	POP,RNB,ELECTRONIC,JAZZ
when i give my love|keith sweat	POP,RNB
when i grow up to be a man|beach boys	POP,ROCK,FOLK,CLASSICAL
when i grow up|pussycat dolls	POP,HIP_HOP,RNB
when i look at you|miley cyrus	POP
when i look into your eyes|firehouse	ROCK,METAL
when i look to the sky|train	POP
when i looked at him|expose	POP
when i need you|leo sayer	POP,ELECTRONIC,FOLK
when i said i do|clint black	COUNTRY
when i see this bar|kenny chesney	COUNTRY
when i see u|fantasia	POP,RNB
when i see you smile|bad english	ROCK,METAL
when i think of you|janet jackson	POP,RNB
when i think of you|leif garrett	POP
when i wanted you|barry manilow	POP,RNB,ELECTRONIC
when i was young|eric burdon and the animals	ROCK,FOLK
when i was your man|bruno mars	POP
when it hurts|avant	POP,HIP_HOP,RNB
when it rains it pours|luke combs	COUNTRY
when joanna loved me|tony bennett	POP,JAZZ
when liking turns to loving|ronnie dove	POP
when love and hate collide|def leppard	ROCK,METAL
when love comes to town|u2 with b b king	ROCK,RNB
when love cries|donna summer	POP,RNB,ELECTRONIC
when she cries|restless heart	COUNTRY
when she dances|joey scarbury	POP
when she says baby|jason aldean	COUNTRY
when she was my girl|four tops	POP,RNB,ELECTRONIC,FOLK
when smokey sings|abc	POP,ROCK,ELECTRONIC
when somebody loves you|alan jackson	COUNTRY
when something is wrong with my baby|sam and dave	POP,RNB
when the children cry|white lion	ROCK,METAL
when the feeling comes around|jennifer warnes	POP,FOLK
when the going gets tough the tough get going|billy ocean	POP,ROCK,RNB,ELECTRONIC
when the heart rules the mind|gtr	ROCK
when the lady smiles|golden earring	POP,ROCK
when the last time|clipse	HIP_HOP,PUNK
when the lights go out|gerardo	POP
when the lights go out|naked eyes	POP,ROCK,ELECTRONIC
when the lovelight starts shining through his eyes|supremes	POP,RNB,ELECTRONIC,FOLK
when the morning comes|hoyt axton	COUNTRY
when the night comes|joe cocker	POP,ROCK,RNB,FOLK
when the radio is on|paul shaffer	JAZZ
when the ship comes in|peter paul and mary	POP,FOLK
when the snow is on the roses|ed ames	POP
when the stars go blue|tim mcgraw	COUNTRY
when tomorrow comes|carla thomas	RNB
when we dance|sting	POP,ROCK
when we get married|intruders	RNB,ELECTRONIC
when we get married|larry graham	RNB,ELECTRONIC
when we make love|alabama	COUNTRY
when we stand together|nickelback	ROCK,METAL
when we were young|adele	POP,RNB
when we|tank	HIP_HOP,RNB
when will i be famous|bros	POP,ROCK
when will i be loved|linda ronstadt	POP,ROCK,COUNTRY,FOLK
when will i see you again|three degrees	POP,RNB,ELECTRONIC
when will i see you smile again|bell biv devoe	POP,HIP_HOP,RNB
when you close your eyes|night ranger	POP,ROCK,METAL
when you dance i can really love|neil young	POP,ROCK,FOLK
when you dance|jay and the americans	POP,ROCK,RNB,FOLK
when you get right down to it|delfonics	RNB,ELECTRONIC
when you get right down to it|ronnie dyson	RNB
when you lie next to me|kellie coffey	COUNTRY
when you look me in the eyes|jonas brothers	POP
when you love a woman|journey	POP,ROCK
when you need my love|darryl worley	COUNTRY
when you say love|sonny and cher	POP,ROCK,FOLK
when you say nothing at all|alison krauss union station	COUNTRY,FOLK
when you talk about love|patti labelle	RNB,ELECTRONIC
when you tell me that you love me|american idol finalists season 4	POP
when you walk in the room|jackie deshannon	POP,ROCK,FOLK
when you walk in the room|paul carrack	POP
when you walk in the room|searchers	POP,ROCK,FOLK
when you were young|killers	ROCK
when your heart is weak|cock robin	POP,ROCK,ELECTRONIC
when your heart stops beating|44	PUNK,EMO
whenever he holds you|bobby goldsboro	POP,ROCK,COUNTRY,FOLK
whenever wherever|shakira	POP,LATIN
whenever you come around|vince gill	COUNTRY
where am i going|barbra streisand	POP,ELECTRONIC,SOUNDTRACK
where are all my friends|harold melvin and the blue notes	RNB,ELECTRONIC
where are we going|bobby bloom	POP
where are you going to my love|brotherhood of man	POP
where are you going|dave matthews band	POP,ROCK
where are you going|jerry butler	POP,RNB,ELECTRONIC
where did all the good times go|dennis yost and the classics iv	POP,ROCK,FOLK
where did i go wrong|dee dee sharp	POP,RNB
where did our love go|donnie elbert	RNB
where did our love go|supremes	POP,RNB,ELECTRONIC,FOLK
where did your heart go|wham	POP,ROCK,RNB,ELECTRONIC
where do broken hearts go|one direction	POP
where do broken hearts go|whitney houston	POP
where do i begin love story|andy williams	POP,JAZZ,CLASSICAL
where do i go|carla thomas	RNB
where do the children go|hooters	POP,ROCK
where do we go from here|deborah cox	POP,RNB,ELECTRONIC
where do we go from here|filter	POP,ROCK,HIP_HOP,METAL
where do you go to my lovely|peter sarstedt	FOLK
where do you go|cher	POP,SOUNDTRACK
where do you go|no mercy	POP,ELECTRONIC
where does my heart beat now|celine dion	POP
where evil grows|poppy family	POP,ROCK,FOLK
where have all the cowboys gone|paula cole	POP,FOLK
where have all the flowers gone|johnny rivers	POP,ROCK,FOLK
where have you been all my life|fotomaker	POP
where have you been|rihanna	POP,RNB
where i come from|alan jackson	COUNTRY
where i come from|montgomery gentry	COUNTRY
where i wanna be|donell jones	POP,HIP_HOP,RNB
where is the love|betty wright	RNB
where is the love|black eyed peas	POP,HIP_HOP
where is the love|roberta flack and donny hathaway	RNB,JAZZ,POP,ELECTRONIC,FOLK
where love has gone|jack jones	POP,JAZZ
where my girls at|702	POP,HIP_HOP,RNB
where peaceful waters flow|gladys knight and the pips	POP,RNB,ELECTRONIC
where the blacktop ends|keith urban	COUNTRY
where the green grass grows|tim mcgraw	COUNTRY
where the hood at|dmx	HIP_HOP,PUNK
where the stars and stripes and the eagle fly|aaron tippin	COUNTRY
where the streets have no name|u2	ROCK
where the sun has never shone|jonathan king	POP,ROCK
where were you when i needed you|grass roots	POP,ROCK,RNB,COUNTRY,FOLK
where were you when i needed you|jerry vale	POP,JAZZ,CLASSICAL
where were you when i was falling in love|lobo	POP,FOLK
where were you when the world stopped turning|alan jackson	COUNTRY
where would you be|martina mcbride	COUNTRY
where you lead|barbra streisand	POP,ELECTRONIC,SOUNDTRACK
wherever i go|onerepublic	POP,ROCK,HIP_HOP
wherever i may roam|metallica	ROCK,METAL
wherever would i be|cheap trick	POP,ROCK,ELECTRONIC,METAL
wherever you go|voices of theory	POP
wherever you will go|calling	POP,ROCK
while you see a chance|steve winwood	POP,ROCK,ELECTRONIC,FOLK
whip appeal|babyface	POP,RNB
whip it|devo	POP,ROCK,ELECTRONIC,PUNK
whip my hair|willow	POP
whipped|jon secada	POP
whiskey girl|toby keith	COUNTRY
whiskey in my water|tyler farr	COUNTRY
whiskey|jana kramer	COUNTRY
whisper in the dark|dionne warwick	POP,RNB,ELECTRONIC
whispers in the dark|mumford and sons	POP,ROCK,FOLK
whisper|chase rice	COUNTRY
whistle|flo rida	POP,HIP_HOP,ELECTRONIC
white christmas|bing crosby	POP,JAZZ
white flag|dido	POP
white horse|laid back	POP
white horse|taylor swift	POP
white hot|red rider	ROCK
white houses|eric burdon and the animals	ROCK,FOLK
white houses|vanessa carlton	POP,ROCK
white iverson|post malone	POP,HIP_HOP
white liar|miranda lambert	COUNTRY
white lies|grin	POP,ROCK,COUNTRY,FOLK
white on white|danny williams	ROCK
white rabbit|jefferson airplane	ROCK,RNB,FOLK
white room|cream	POP,ROCK,RNB,FOLK
white wedding|billy idol	POP,ROCK,ELECTRONIC
who am i|beenie man	ELECTRONIC
who am i|petula clark	POP,ROCK,FOLK
who are you|b b king	ROCK,RNB
who are you|who	POP,ROCK,PUNK,FOLK
who can i run to|xscape	POP,HIP_HOP,RNB
who can i turn to when nobody needs me|tony bennett	POP,HIP_HOP,SOUNDTRACK,JAZZ
who can i turn to|dionne warwick	POP,RNB,ELECTRONIC
who can it be now|men at work	POP,ROCK,ELECTRONIC
who dat boy|tyler the creator	POP,HIP_HOP
who dat|jt money featuring sole	HIP_HOP
who do u love|deborah cox	POP,RNB,ELECTRONIC
who do ya love|kc and the sunshine band	POP,RNB,ELECTRONIC
who do you love|quicksilver messenger service	ROCK,RNB,COUNTRY,FOLK
who do you love|sapphires	RNB
who do you love|woolies	ROCK
who gets the guy|dionne warwick	POP,RNB,ELECTRONIC
who i am with you|chris young	COUNTRY
who i am|jessica andrews	COUNTRY
who i am|nick jonas and the administration	POP
who is gonna love me|dionne warwick	POP,RNB,ELECTRONIC
who is it|michael jackson	POP
who is she 2 u|brandy	POP,HIP_HOP,RNB
who knew|p nk	POP
who listens to the radio|sports	ROCK
who loves you|4 seasons	POP,ROCK,RNB,FOLK
who needs pictures|brad paisley	COUNTRY
who needs ya|steppenwolf	POP,ROCK,RNB,FOLK
who says|john mayer	POP,FOLK
who says|selena gomez and the scene	POP
who was it|hurricane smith	POP
who we be|dmx	HIP_HOP,PUNK
who wears these shoes|elton john	POP,ROCK
who what|travis scott	POP,HIP_HOP
who will save your soul|jewel	POP,ROCK,PUNK,FOLK
who will you run to|heart	POP,ROCK
who you are|pearl jam	ROCK
whoa mind in awe|xxxtentacion	HIP_HOP,EMO
whoa|black rob	POP,PUNK
whodunit|tavares	RNB,ELECTRONIC
whoever finds this i love you|mac davis	POP,COUNTRY
whoknows|musiq	POP,HIP_HOP,RNB
whole lotta love|c c s	POP
whole world is a stage|fantastic four	RNB
wholesale love|buddy miles	RNB
whose heart are you breaking tonight|connie francis	POP,ROCK,RNB
whutcha want|nine	PUNK
why am i treated so bad|bobby powell	RNB
why am i treated so bad|cannonball adderley	RNB,JAZZ
why am i treated so bad|staple singers	RNB
why am i treated so bad|sweet inspirations	POP,RNB
why did i choose you|barbra streisand	POP,ELECTRONIC,SOUNDTRACK
why do fools fall in love|diana ross	POP,RNB,ELECTRONIC
why do fools fall in love|happenings	POP,ROCK
why do you love me|garbage	POP,ROCK,ELECTRONIC
why i love you|b2k	POP,HIP_HOP,RNB
why i sing the blues|b b king	ROCK,RNB
why is the wine sweeter on the other side|eddie floyd	RNB
why leave us alone|five special	ELECTRONIC
why me baby|keith sweat	POP,RNB
why me|kris kristofferson	ROCK,COUNTRY,FOLK
why me|styx	POP,ROCK
why must we wait until tonight|tina turner	POP,ELECTRONIC
why not tonight|jimmy hughes	RNB
why should i cry|gentrys	POP
why they call it falling|lee ann womack	COUNTRY
why wait|rascal flatts	COUNTRY
why we thugs|ice cube	HIP_HOP,RNB,PUNK
why ya wanna|jana kramer	COUNTRY
why you treat me so bad|club nouveau	RNB,ELECTRONIC
why you wanna try me|commodores	POP,RNB,ELECTRONIC
why you wanna|t i	POP,HIP_HOP
why|annie lennox	POP,FOLK
why|beatles with tony sheridan	ROCK
why|carly simon	POP,FOLK
why|jadakiss featuring anthony hamilton	RNB,POP,HIP_HOP,PUNK
why|jason aldean	COUNTRY
wichita lineman|glen campbell	POP,COUNTRY,FOLK
wicked games|weeknd	POP,HIP_HOP,RNB
wicked game|chris isaak	POP
wicked|future	POP,HIP_HOP
wicked|ice cube	HIP_HOP,RNB,PUNK
wide awake|katy perry	POP
wide open spaces|dixie chicks	COUNTRY
wide river|steve miller band	POP,ROCK,RNB,FOLK
widow|mars volta	ROCK,METAL
wifey|next	POP,HIP_HOP,RNB
wifi lit|future	POP,HIP_HOP
wigwam|bob dylan	POP,ROCK,FOLK
wild and crazy love|mary jane girls	RNB,ELECTRONIC
wild at heart|gloriana	COUNTRY
wild boys|duran duran	POP,ROCK,ELECTRONIC
wild horses|gino vannelli	POP,ROCK
wild horses|rolling stones	ROCK,PUNK
wild horses|susan boyle	CLASSICAL
wild life|bananarama	POP,ROCK,ELECTRONIC
wild life|jack and jack	POP
wild night|van morrison	POP,ROCK,FOLK
wild one|martha and the vandellas	POP,ROCK,RNB,ELECTRONIC
wild things|alessia cara	POP,RNB
wild thing|tone loc	HIP_HOP,ELECTRONIC
wild thing|troggs	POP,ROCK,PUNK,FOLK
wild west show|big and rich	COUNTRY
wild wild life|talking heads	ROCK,RNB,ELECTRONIC,PUNK
wild wild west|kool moe dee	HIP_HOP,RNB,ELECTRONIC,PUNK
wild world|cat stevens	POP,ROCK,FOLK
wild world|maxi priest	ROCK
wild world|mr big	ROCK,METAL
wildest dreams|taylor swift	POP
wildfire|john mayer	POP,FOLK
wildfire|michael murphey	COUNTRY
wildflower|janedear girls	COUNTRY
will 2k|will smith featuring k ci	HIP_HOP,RNB
will it go round in circles|billy preston	RNB
will the wolf survive|los lobos	ROCK
will you be staying after sunday|peppermint rainbow	POP
will you be there in the morning|heart	POP,ROCK
will you be there|michael jackson	CLASSICAL,POP
will you love me tomorrow|melanie	POP,FOLK
will you marry me|paula abdul	POP
will you still love me tomorrow|dave mason	POP,ROCK,RNB,COUNTRY,FOLK
will you still love me tomorrow|roberta flack	POP,RNB,ELECTRONIC,JAZZ,FOLK
willie and the hand jive|eric clapton	POP,ROCK,RNB
willie and the hand jive|george thorogood and the destroyers	POP,ROCK,RNB
willow weep for me|chad and jeremy	POP,ROCK,FOLK
willyam willyam|dee dee sharp	POP,RNB
winchester cathedral|new vaudeville band	ROCK
wind him up|saga	ROCK
wind it up|gwen stefani	POP
wind of change|scorpions	ROCK,METAL
windmills of your mind|dusty springfield	POP,ROCK,RNB,FOLK
window seat|erykah badu	POP,HIP_HOP,RNB
window shopper|50 cent	HIP_HOP
windows of the world|dionne warwick	POP,RNB,ELECTRONIC
windows|missing persons	POP,ROCK,ELECTRONIC
winds of change|jefferson starship	POP,ROCK,COUNTRY,FOLK
windy|association	POP,ROCK,FOLK
windy|wes montgomery	RNB,JAZZ
wind|zac brown band	COUNTRY
wings of a butterfly|him	METAL
wings|little mix	POP
wink|neal mccoy	COUNTRY
winner takes it all|abba	POP
winner takes it all|sammy hagar	POP,ROCK,METAL
winner|jamie foxx featuring justin timberlake and t i	POP,HIP_HOP,RNB
winning|santana	ROCK,RNB
wins and losses|meek mill	POP,HIP_HOP
winter world of love|engelbert humperdinck	POP
wipe out|surfaris	ROCK
wipe your eyes|maroon 5	POP
wipeout|fat boys and the beach boys	HIP_HOP,ELECTRONIC
wired for sound|cliff richard	POP,ROCK
wise up|amy grant	ROCK
wish i could fly like superman|kinks	POP,ROCK,ELECTRONIC,PUNK,FOLK
wish i knew you|revivalists	ROCK
wish someone would care|irma thomas	RNB
wish that i could talk to you|sylvers	RNB,ELECTRONIC
wish you were here|avril lavigne	POP
wish you were here|incubus	POP,ROCK,HIP_HOP,RNB,METAL
wish you were here|mark wills	COUNTRY
wishful sinful|doors	ROCK
wishing i was lucky|wet wet wet	POP,ROCK,ELECTRONIC
wishing if i had a photograph of you|a flock of seagulls	POP,ROCK,ELECTRONIC
wishing you were here|chicago	POP,ROCK,FOLK
wishlist|pearl jam	ROCK
witch|rattles	POP,ROCK
with a girl like you|troggs	POP,ROCK,PUNK,FOLK
with a little help from my friends|joe cocker	POP,ROCK,RNB,FOLK
with arms wide open|creed	POP,ROCK,HIP_HOP,METAL
with every beat of my heart|taylor dayne	POP,ELECTRONIC
with love|hilary duff	POP
with me|lonestar	COUNTRY
with pen in hand|bobby goldsboro	POP,ROCK,COUNTRY,FOLK
with pen in hand|vikki carr	POP
with them|young thug	POP,HIP_HOP
with these hands|tom jones	POP,ROCK
with this ring|platters	POP,ROCK,RNB
with you all the way|new edition	POP,HIP_HOP,RNB
with you tonight hasta el amanecer|nicky jam	POP,HIP_HOP,LATIN
with your love|jefferson starship	POP,ROCK,COUNTRY,FOLK
with you|chris brown	POP,HIP_HOP,RNB
with you|jessica simpson	POP
with you|lila mccann	COUNTRY
with you|tony terry	RNB
without her|herb alpert	POP
without love there is nothing|oscar toney jr	RNB
without love|donna lewis	POP
without me|eminem	HIP_HOP,RNB
without me|halsey	POP
without you in my life|tyrone davis	RNB
without your love|toto	POP,ROCK
without you|dixie chicks	COUNTRY
without you|hinder	POP,ROCK,HIP_HOP,METAL
without you|keith urban	COUNTRY
without you|motley crue	ROCK,METAL
without you|nilsson	POP,ROCK,FOLK
wives and lovers|jack jones	POP,JAZZ
wobble wobble|504 boyz	HIP_HOP
wobble|v i c	HIP_HOP
wolf creek pass|c w mccall	COUNTRY
woman amen|dierks bentley	COUNTRY
woman from tokyo|deep purple	ROCK,RNB,METAL
woman helping man|vogues	POP,ROCK,RNB,FOLK
woman i love|b b king	ROCK,RNB
woman in chains|tears for fears	POP,ROCK,ELECTRONIC,RNB
woman in love|barbra streisand	POP,ELECTRONIC,SOUNDTRACK
woman in me|donna summer	POP,RNB,ELECTRONIC
woman in you|bee gees	POP,ELECTRONIC
woman like that yeah|joe tex	RNB
woman to woman|joe cocker and the chris stainton band	POP,ROCK,RNB,FOLK
woman to woman|shirley brown	RNB
woman tonight|america	POP,ROCK,COUNTRY,FOLK
woman with you|kenny chesney	COUNTRY
womanizer|britney spears	POP
woman|john lennon	POP,ROCK,FOLK
woman|peter and gordon	POP,ROCK,RNB,FOLK
woman|raheem devaughn	POP,RNB
women lie men lie|yo gotti featuring lil wayne	POP,HIP_HOP
women|def leppard	ROCK,METAL
women|foreigner	POP,ROCK
wonder could i live there anymore|charley pride	COUNTRY
wonder of you|ray peterson	POP,ROCK,RNB
wonderful baby|don mclean	POP,ROCK,FOLK
wonderful christmastime|paul mccartney	POP,ROCK,FOLK,HIP_HOP,RNB,PUNK
wonderful summer|robin ward	POP
wonderful tonight|eric clapton	POP,ROCK,RNB
wonderful|adam ant	POP,ROCK,ELECTRONIC
wonderful|everclear	POP,ROCK,PUNK,METAL
wonderful|isaac hayes	RNB,ELECTRONIC
wonderful|ja rule featuring r kelly and ashanti	POP,HIP_HOP,RNB
wondering where the lions are|bruce cockburn	POP,ROCK,COUNTRY,FOLK
wonderland|big country	POP,ROCK,ELECTRONIC
wonderland|commodores	POP,RNB,ELECTRONIC
wonderland|taylor swift	POP
wonderwall|oasis	POP,ROCK
wonder|natalie merchant	POP,FOLK
woodstock|crosby stills nash and young	POP,ROCK,RNB,FOLK
woof|snoop dogg featuring mystikal and fiend	HIP_HOP,RNB
woohoo|christina aguilera featuring nicki minaj	POP,HIP_HOP
wooly bully|sam the sham and the pharaohs	POP,ROCK,PUNK,FOLK
word crimes|weird al yankovic	POP,ROCK
word is bond|brand nubian	HIP_HOP,PUNK
word of mouth|mike the mechanics	POP,ROCK,ELECTRONIC
word on the street|lil baby	HIP_HOP
word to the badd|jermaine jackson	RNB,ELECTRONIC
word up|cameo	POP,RNB,ELECTRONIC
wordplay|jason mraz	POP
words are impossible|margie joseph	RNB
words get in the way|miami sound machine	POP
words|bee gees	POP,ELECTRONIC
words|f r david	ELECTRONIC
words|missing persons	POP,ROCK,ELECTRONIC
words|monkees	POP,ROCK,FOLK
work b ch|britney spears	POP
work hard play hard|wiz khalifa	POP,HIP_HOP
work in progress|alan jackson	COUNTRY
work out|j cole	HIP_HOP
work song|herb alpert and the tijuana brass	POP
work that body|diana ross	POP,RNB,ELECTRONIC
work that|mary j blige	POP,HIP_HOP,RNB
work to do|isley brothers	RNB,ELECTRONIC
working class hero|green day	ROCK,PUNK
working class hero|tommy roe	POP,ROCK,FOLK
working class man|jimmy barnes	POP,ROCK
working for the weekend|loverboy	POP,ROCK,METAL
working in the coal mine|devo	POP,ROCK,ELECTRONIC,PUNK
working in the coal mine|lee dorsey	ROCK,RNB
working my way back to you forgive me girl|spinners	RNB,ELECTRONIC
working on a dream|bruce springsteen	POP,ROCK,FOLK
working on it|chris rea	POP,ROCK,RNB
work|a ap ferg	POP,HIP_HOP
work|iggy azalea	POP,HIP_HOP
world i know|collective soul	POP,ROCK,METAL
world i used to know|jimmie rodgers	POP
world in my eyes|depeche mode	POP,ROCK,ELECTRONIC
world is a ghetto|geto boys featuring flaj	HIP_HOP,RNB,PUNK
world is a ghetto|war	RNB
world of fantasy|five stairsteps	RNB
world of lonely people|anita bryant	POP
world shut your mouth|julian cope	POP,ROCK,ELECTRONIC,PUNK,CLASSICAL
world through a tear|neil sedaka	POP,ROCK,RNB,FOLK
world we knew over and over|frank sinatra	POP
world where you live|crowded house	POP,ROCK,ELECTRONIC
world wide suicide|pearl jam	ROCK
world|brad paisley	COUNTRY
worm|jimmy mcgriff	RNB,JAZZ
worried guy|johnny tillotson	POP,ROCK,RNB
worry|johnny tillotson	POP,ROCK,RNB
worse comes to worst|billy joel	POP,ROCK,FOLK
worst behavior|drake	POP,HIP_HOP
worst|jhene aiko	POP,HIP_HOP,RNB
would i lie to you|charles and eddie	RNB
would i lie to you|eurythmics	POP,ROCK,ELECTRONIC
would you go with me|josh turner	COUNTRY
would you lay with me in a field of stone|tanya tucker	COUNTRY
wrack my brain|ringo starr	POP,ROCK,FOLK
wrap her up|elton john	POP,ELECTRONIC,ROCK
wrap it up|archie bell and the drells	POP,RNB,ELECTRONIC
wrap it up|fabulous thunderbirds	ROCK,RNB,COUNTRY
wrap my body tight|johnny gill	RNB
wrap your arms around me|kc and the sunshine band	POP,RNB,ELECTRONIC
wrapped around your finger|police	POP,ROCK,ELECTRONIC
wrapped around|brad paisley	COUNTRY
wrapped|george strait	COUNTRY
wreck of the edmund fitzgerald|gordon lightfoot	POP,ROCK,COUNTRY,FOLK
wrecking ball|miley cyrus	POP
wreckoning|boomkat	POP
write this down|george strait	COUNTRY
written all over your face|rude boys	RNB
written in the sand|old dominion	COUNTRY
written on ya kitten|naughty by nature	HIP_HOP,PUNK
wrong again|martina mcbride	COUNTRY
wrong impression|natalie imbruglia	POP
wrong night|reba	COUNTRY
wrong|everything but the girl	POP,ELECTRONIC
wu tang forever|drake	POP,HIP_HOP
www memory|alan jackson	COUNTRY
wyclef jean|young thug	POP,HIP_HOP
xo tour llif3|lil uzi vert	HIP_HOP
xo|beyonce	POP,RNB
xo|john mayer	POP,FOLK
x|lil uzi vert	HIP_HOP
x|nicky jam x j balvin	POP,HIP_HOP,LATIN
x|xzibit	HIP_HOP,RNB,PUNK
y m c a|village people	ELECTRONIC
yah mo b there|james ingram with michael mcdonald	POP,RNB
yah|kendrick lamar	HIP_HOP
yakety axe|chet atkins	COUNTRY
yank me crank me|ted nugent	ROCK,RNB,METAL
yankee rose|david lee roth	ROCK,METAL
yeah 3x|chris brown	POP,HIP_HOP,RNB
yeah boy|kelsea ballerini	POP,COUNTRY
yeah ya know takers|t i	POP,HIP_HOP
yeah yeah u know it|keith murray featuring def squad	HIP_HOP,PUNK
yeah|joe nichols	COUNTRY
year 3000|jonas brothers	POP
year of the cat|al stewart	POP,ROCK,FOLK
year that clayton delaney died|tom t hall	COUNTRY,FOLK
yearning for your love|gap band	RNB,ELECTRONIC
years from now|dr hook	POP,ROCK,COUNTRY,FOLK
years|wayne newton	POP
yee haw|jake owen	COUNTRY
yeh yeh|georgie fame and the blue flames	ROCK,RNB
yellow balloon|yellow balloon	POP
yellow flicker beat|lorde	POP
yellow river|christie	POP
yellow submarine|beatles	ROCK
yellow|coldplay	POP,ROCK
yes i do|solomon burke	RNB,JAZZ
yes we can can|pointer sisters	POP,RNB,ELECTRONIC
yester love|smokey robinson and the miracles	POP,ROCK,RNB
yester me yester you yesterday|stevie wonder	RNB
yesterday i had the blues|harold melvin and the blue notes	RNB,ELECTRONIC
yesterday man|chris andrews	POP,ROCK,FOLK
yesterday once more nothing remains the same|spinners	RNB,ELECTRONIC
yesterday once more|carpenters	POP,FOLK
yesterday when i was young|roy clark	COUNTRY
yesterday|ray charles	POP
yes|chad brock	COUNTRY
yikes|kanye west	HIP_HOP
yo excuse me miss|chris brown	POP,HIP_HOP,RNB
yo yo|osmonds	POP
yosemite|travis scott	POP,HIP_HOP
you always hurt me|impressions	POP,RNB
you and i nobody in the world|john legend	POP,RNB
you and i|lady gaga	POP
you and i|one direction	POP
you and i|rick james	RNB,ELECTRONIC
you and me against the world|helen reddy	POP,FOLK
you and me|alice cooper	ROCK,RNB,PUNK,METAL
you and me|j kwon featuring sadiyyah	HIP_HOP
you and me|lifehouse	POP,ROCK,METAL
you and your baby blues|solomon burke	RNB,JAZZ
you and your folks me and my folks|funkadelic	ROCK,RNB
you and your heart|jack johnson	POP
you are beautiful|stylistics	POP,RNB,ELECTRONIC
you are everything|dru hill	POP,HIP_HOP,RNB
you are everything|stylistics	POP,RNB,ELECTRONIC
you are forever|smokey robinson	RNB,ELECTRONIC
you are in love|taylor swift	POP
you are in my system|robert palmer	POP,ROCK,ELECTRONIC,FOLK
you are in my system|system	RNB,ELECTRONIC
you are my everything|surface	POP,RNB
you are my lady|freddie jackson	RNB,ELECTRONIC
you are not alone|michael jackson	POP
you are on my mind|chicago	POP,ROCK,FOLK
you are she|chad and jeremy	POP,ROCK,FOLK
you are the best thing|ray lamontagne	POP,FOLK
you are the girl|cars	POP,ROCK,ELECTRONIC,FOLK
you are the sunshine of my life|stevie wonder	RNB
you are the woman|firefall	POP,ROCK,COUNTRY,FOLK
you are|lionel richie	POP,RNB,ELECTRONIC
you baby|turtles	POP,ROCK,FOLK
you be killin em|fabolous	POP,HIP_HOP,RNB,PUNK
you belong to me|carly simon	POP,FOLK
you belong to me|doobie brothers	POP,ROCK,RNB,COUNTRY,FOLK
you belong to the city|glenn frey	POP,ROCK,FOLK
you belong with me|taylor swift	POP
you better get it|joe tex	RNB
you better run|pat benatar	POP,ROCK,ELECTRONIC
you better sit down kids|cher	POP,SOUNDTRACK
you better think twice|poco	POP,ROCK,COUNTRY,FOLK
you better wait|steve perry	POP,ROCK
you better you bet|who	POP,ROCK,PUNK,FOLK
you bring me up|k ci and jojo	POP,RNB
you broke up with me|walker hayes	COUNTRY
you brought the joy|freda payne	RNB
you came|kim wilde	POP,ROCK,ELECTRONIC
you can bring me all your heartaches|lou rawls	POP,RNB,ELECTRONIC,JAZZ
you can call me al|paul simon	POP,ROCK,FOLK
you can do it|ice cube featuring mack 10 and ms toi	HIP_HOP,RNB,PUNK
you can do magic|america	POP,ROCK,COUNTRY,FOLK
you can get it all|bow wow featuring johnta austin	POP,HIP_HOP,RNB
you can have him|dionne warwick	POP,RNB,ELECTRONIC
you can have him|timi yuro	POP
you can make history young again|elton john	POP,ROCK
you can still rock in america|night ranger	POP,ROCK,METAL
you can|madleen kane	ELECTRONIC
you complete me|keyshia cole	POP,HIP_HOP,RNB
you could have been a lady|april wine	POP,ROCK,COUNTRY
you could have been with me|sheena easton	POP,ROCK
you da one|rihanna	POP,RNB
you decorated my life|kenny rogers	POP,COUNTRY
you drive me crazy|britney spears	POP
you dropped a bomb on me|gap band	RNB,ELECTRONIC
you found me|fray	POP,ROCK
you get what you give|new radicals	POP
you give good love|whitney houston	POP
you give love a bad name|bon jovi	ROCK,METAL
you gonna fly|keith urban	COUNTRY
you gonna make me love somebody else|jones girls	RNB,ELECTRONIC
you got it all|jets	POP,RNB
you got it the right stuff|new kids on the block	POP
you got it|diana ross	POP,RNB,ELECTRONIC
you got it|roy orbison	POP,ROCK,FOLK
you got lucky|tom petty and the heartbreakers	POP,ROCK,FOLK
you got me walking|jackie wilson	POP,ROCK,RNB
you got me|roots featuring erykah badu	POP,HIP_HOP,RNB,PUNK
you got soul|johnny nash	POP
you got that right|lynyrd skynyrd	POP,ROCK,RNB,COUNTRY
you got the love|rufus featuring chaka khan	POP,RNB,ELECTRONIC
you got the power|war	RNB
you got to be the one|chi lites	RNB,ELECTRONIC
you got to me|neil diamond	POP,ROCK,FOLK
you got what it takes|joe tex	RNB
you gotta fight for your right to party|beastie boys	ROCK,HIP_HOP
you gotta have love in your heart|supremes and four tops	POP,RNB,ELECTRONIC,FOLK
you gotta love someone|elton john	POP,ROCK
you had me from hello|kenny chesney	COUNTRY
you have placed a chill in my heart|eurythmics	POP,ROCK,ELECTRONIC
you have the right to remain silent|perfect stranger	ROCK,ELECTRONIC
you keep me holding on|tyrone davis	RNB
you keep running away|four tops	POP,RNB,ELECTRONIC,FOLK
you know how we do it|ice cube	HIP_HOP,RNB,PUNK
you know like i know|ozark mountain daredevils	POP,ROCK,COUNTRY,FOLK
you know my name|chris cornell	POP
you know my steez|gang starr	HIP_HOP,PUNK
you know that i love you|donell jones	POP,HIP_HOP,RNB
you know that i love you|santana	ROCK,RNB
you know what i mean|turtles	POP,ROCK,FOLK
you know what to do|carly simon	POP,FOLK
you let your heart go too fast|spin doctors	POP,ROCK
you lied to me|cathy dennis	POP,ELECTRONIC
you lied to your daddy|tams	RNB
you lie|band perry	COUNTRY
you light up my life|debby boone	POP
you light up my life|leann rimes	POP,COUNTRY
you little trustmaker|tymes	POP,RNB
you look good in my shirt|keith urban	COUNTRY
you look good|lady antebellum	POP,COUNTRY
you look like i need a drink|justin moore	COUNTRY
you made a believer out of me|ruby andrews	RNB
you made me believe in magic|bay city rollers	POP
you make it easy|jason aldean	COUNTRY
you make loving fun|fleetwood mac	POP,ROCK
you make me crazy|sammy hagar	POP,ROCK,METAL
you make me feel brand new|stylistics	POP,RNB,ELECTRONIC
you make me feel like a natural woman|aretha franklin	RNB
you make me feel like dancing|leo sayer	POP,ELECTRONIC,FOLK
you make me feel mighty real|jimmy somerville	POP,ROCK,ELECTRONIC
you make me feel mighty real|sylvester	ELECTRONIC
you make me feel so good|mccoys	POP,ROCK,FOLK
you make me wanna|usher	POP,HIP_HOP,RNB
you make me|avicii	POP,ELECTRONIC
you make my dreams|daryl hall john oates	POP,ROCK,FOLK
you make your own heaven and hell right here on earth|undisputed truth	RNB,ELECTRONIC
you may be right|billy joel	POP,ROCK,FOLK
you me and he|mtume	RNB,ELECTRONIC
you mean the world to me|david houston	COUNTRY
you mean the world to me|toni braxton	POP,RNB
you met your match|stevie wonder	RNB
you might think|cars	POP,ROCK,ELECTRONIC,FOLK
you must believe me|impressions	POP,RNB
you need a woman tonight|captain and tennille	POP,ELECTRONIC,FOLK
you need love|styx	POP,ROCK
you need me baby|joe tex	RNB
you needed me|anne murray	POP,COUNTRY,FOLK
you never can tell|chuck berry	ROCK,RNB,FOLK
you never done it like that|captain and tennille	POP,ELECTRONIC,FOLK
you only live twice|nancy sinatra	POP,FOLK
you ought to be with me|al green	RNB
you put a move on my heart|quincy jones introducing tamia	POP,RNB
you put it on me|b b king	ROCK,RNB
you raise me up|josh groban	CLASSICAL
you really know how to hurt a guy|jan and dean	POP,ROCK,RNB,FOLK
you rock my world|michael jackson	POP
you said a bad word|joe tex	RNB
you sang to me|marc anthony	LATIN
you save me|kenny chesney	COUNTRY
you saved my soul|burton cummings	ROCK,FOLK
you send me|aretha franklin	RNB
you send me|manhattans	RNB,ELECTRONIC
you sexy thing|hot chocolate	POP,RNB,ELECTRONIC
you shook me all night long|ac dc	ROCK
you should be dancing|bee gees	POP,ELECTRONIC
you should be here|cole swindell	COUNTRY
you should be mine the woo woo song|jeffrey osborne	RNB,ELECTRONIC
you should do it|peter brown with betty wright	RNB
you should have seen the way he looked at me|dixie cups	POP
you should hear how she talks about you|melissa manchester	POP
you should see me in a crown|billie eilish	POP
you showed me|salt n pepa	POP,HIP_HOP,ELECTRONIC
you showed me|turtles	POP,ROCK,FOLK
you sound good to me|lucy hale	POP
you spin me round like a record|dead or alive	POP,ROCK,ELECTRONIC
you stepped into my life|melba moore	RNB,ELECTRONIC
you still touch me|sting	POP,ROCK
you suck|murmurs	POP
you sure love to ball|marvin gaye	RNB
you take me up|thompson twins	POP,ROCK,ELECTRONIC
you take my breath away|rex smith	POP
you take my heart away|james darren	POP
you tell me why|beau brummels	POP,ROCK,COUNTRY,FOLK
you think you know her|cause and effect	POP
you to me are everything|real thing	RNB,ELECTRONIC
you took the words right out of my mouth|meat loaf	POP,ROCK
you turn me on turn on song|ian whitcomb and bluesville	ROCK
you turned my world around|frank sinatra	POP
you used to love me|faith evans	POP,HIP_HOP,RNB
you walked in|lonestar	COUNTRY
you want it you got it|detroit emeralds	RNB
you want to make a memory|bon jovi	ROCK,METAL
you was right|lil uzi vert	HIP_HOP
you wear it well|el debarge with debarge	RNB,ELECTRONIC
you wear it well|rod stewart	POP,ROCK
you were always there|donna fargo	COUNTRY
you were made for me|freddie and the dreamers	POP,ROCK
you were made for me|irene cara	POP,ELECTRONIC
you were made for me|luther ingram	RNB
you were mine|dixie chicks	COUNTRY
you were on my mind|crispian st peters	POP,ROCK
you were on my mind|we five	POP,FOLK
you were only fooling while i was falling in love|vic damone	POP,JAZZ
you were wrong|z z hill	RNB
you will know|stevie wonder	RNB
you win again|bee gees	POP,ELECTRONIC
young and beautiful|lana del rey	POP
young and crazy|frankie ballard	COUNTRY
young blood|bad company	POP,ROCK,RNB,FOLK
young blood|rickie lee jones	POP,ROCK,COUNTRY,FOLK
young dumb and broke|khalid	POP
young folks|diana ross and the supremes	POP,RNB
young girls|bruno mars	POP
young hearts run free|candi staton	RNB,ELECTRONIC
young love|air supply	POP
young love|janet jackson	POP,RNB
young love|ray stevens	POP,COUNTRY
young new mexican puppeteer|tom jones	POP,ROCK
young thing wild dreams rock me|red rider	ROCK
young turks|rod stewart	POP,ROCK
youngblood|5 seconds of summer	POP
younger girl|critters	POP
younger now|miley cyrus	POP
young|kenny chesney	COUNTRY
your body is a wonderland|john mayer	POP,FOLK
your body|christina aguilera	POP
your body|pretty ricky	POP,HIP_HOP,RNB
your everything|keith urban	COUNTRY
your good thing is about to end|lou rawls	POP,RNB,ELECTRONIC,JAZZ
your good thing is about to end|mable john	RNB
your heart is free just like the wind|vikki carr	POP
your love has lifted me higher and higher|rita coolidge	POP,FOLK
your love is driving me crazy|sammy hagar	POP,ROCK,METAL
your love is king|sade	RNB
your love is my drug|ke ha	POP,HIP_HOP
your love is so doggone good|whispers	ROCK,RNB,ELECTRONIC
your love is so good for me|diana ross	POP,RNB,ELECTRONIC
your love keeps lifting me higher and higher|jackie wilson	POP,ROCK,RNB
your love keeps working on me|jody watley	POP,RNB,ELECTRONIC
your love means everything to me|charles wright and the watts 103rd street rhythm band	RNB
your love|graham central station	RNB
your love|keith sweat	POP,RNB
your love|nicki minaj	POP,HIP_HOP
your love|outfield	POP,ROCK
your loving arms|billie ray martin	ELECTRONIC
your man|josh turner	COUNTRY
your own back yard|dion	POP,ROCK,RNB
your own special way|genesis	ROCK,JAZZ
your personal touch|evelyn champagne king	RNB,ELECTRONIC
your precious love|linda jones	RNB
your precious love|marvin gaye and tammi terrell	RNB
your secret love|luther vandross	RNB
your side of the bed|little big town	COUNTRY
your side of the bed|mac davis	POP,COUNTRY
your smile|rene and angela	RNB,ELECTRONIC
your smiling face|james taylor	POP,ROCK,FOLK
your song|elton john	POP,ROCK
your sweetness is my weakness|barry white	POP,RNB,ELECTRONIC
your time to cry|joe simon	RNB
your unchanging love|marvin gaye	RNB
your wildest dreams|moody blues	POP,ROCK,FOLK
your wonderful sweet sweet love|supremes	POP,RNB,ELECTRONIC,FOLK
yours if you want it|rascal flatts	COUNTRY
yours love|joe simon	RNB
yours|russell dickerson	COUNTRY
youth gone wild|skid row	ROCK,METAL
youth of the nation|p o d	ROCK,HIP_HOP,METAL
youth|troye sivan	POP
you|candlebox	POP,ROCK,METAL
you|chris young	COUNTRY
you|jacquees	POP,HIP_HOP,RNB
you|jesse powell	RNB,JAZZ
you|lloyd featuring lil wayne	POP,HIP_HOP,RNB
you|mccrarys	RNB
you|rita coolidge	POP,FOLK
you|romeo santos	LATIN
yuck|logic	HIP_HOP
yummy yummy yummy|ohio express	POP,FOLK
zabadak|dave dee dozy beaky mick and tich	POP,ROCK
zack and codeine|post malone	POP,HIP_HOP
zephyr song|red hot chili peppers	ROCK,RNB,METAL
zero|chris brown	POP,HIP_HOP,RNB
zing went the strings of my heart|trammps	RNB,ELECTRONIC
zip code|five americans	POP,ROCK
zip|mfsb	RNB,ELECTRONIC
zombie|bad wolves	ROCK,METAL
zoom|future	POP,HIP_HOP
zorba the greek|herb alpert and the tijuana brass	POP
